8 2 0 0 0 2 8 7 2 9 2 2 9 11 4 9 1 1 1 1 2 9 7 8 15 9 3 1 1 1 1 3 1 3 2 3 1 2 1 1 1 1 6 9 9 1 9 9 6 5 1 9 9 9 10 10 9 10 10 9 9 9 10 10 10 1 9 1 9 1 1 1 1 1 9 1 9 1 2 2 11 2 8 1 2 11 5 8 2 11 1 2 1 3500
1 3 0 6 0 1 8 7 5 10 1 10 9 1 4 9 5 4 4 4 9 9 1 3 3 3 5 1 1 1 . 3 1 . . . 10 2 1 7 2 4 2 1 9 1 . 9 . 6 1 9 4 9 3 10 9 . 10 . 9 9 10 9 10 2 9 1 9 4 2 1 2 1 9 3 4 . 2 2 11 3 2 . . . . . 2 12 3 . 2 100000
2 6 2 0 0 3 2 1 1 9 2 11 1 10 3 9 1 1 5 5 9 9 1 3 1 1 5 1 1 2 1 2 1 1 5 . 1 . 1 1 1 3 3 9 9 6 9 1 3 2 1 1 9 9 10 10 9 10 9 9 9 9 9 10 10 1 9 1 9 1 1 7 5 1 9 1 9 1 2 2 11 2 5 5 2 4 7 4 . . 5 . 1 152
2 2 6 0 0 2 8 8 2 9 1 1 9 11 6 1 1 1 6 6 9 9 1 3 3 3 1 1 1 7 . 3 1 1 5 6 1 3 1 1 1 2 3 9 6 6 9 1 1 6 1 1 9 9 10 9 9 10 9 9 9 9 9 10 10 4 9 1 9 4 2 2 4 3 4 3 4 4 5 1 3 8 3 . . . . . 2 25 4 . 1 .
6 3 1 0 0 4 8 2 2 9 1 8 9 11 6 1 3 3 1 1 9 9 8 7 15 9 6 1 1 7 3 2 1 2 5 . 1 . 1 1 1 1 1 9 9 2 9 9 2 6 1 2 9 9 10 10 9 10 10 9 9 9 9 10 10 2 9 1 9 1 1 1 1 . . 1 9 3 2 2 11 4 8 2 1 . 4 8 2 11 1 . 1 300
3 2 5 0 0 4 8 6 6 12 2 12 3 9 4 9 1 1 1 1 2 9 7 8 15 9 4 1 1 3 4 2 1 4 5 . 1 1 1 1 1 2 6 9 9 8 9 1 1 5 1 2 9 9 10 10 9 10 9 9 9 9 9 10 10 2 9 1 9 2 2 1 1 1 9 1 9 2 3 1 11 9 9 2 2 11 4 7 3 11 5 . 2 1200
2 8 0 0 0 1 8 5 3 12 2 12 3 9 4 9 1 1 1 1 1 9 7 8 15 9 4 1 1 1 . 2 2 4 5 3 1 . 1 4 1 3 6 9 9 6 6 9 6 6 1 9 1 9 10 10 9 9 10 9 9 9 10 9 10 1 9 1 9 1 1 5 5 1 9 1 9 1 2 2 11 4 5 . . . . . 4 59 1 . 2 2000
1 1 3 0 5 6 8 8 1 5 3 5 9 11 2 9 1 1 4 4 9 9 7 8 15 9 5 3 6 3 5 3 2 2 5 6 1 1 1 1 1 6 3 9 9 6 6 1 1 6 1 1 9 6 10 10 9 9 9 9 9 9 9 10 9 2 9 1 9 1 1 2 4 . . . . 6 5 2 1 1 4 . . . . . 4 24 4 . 2 .
6 4 0 0 0 6 8 7 3 11 2 11 1 10 3 9 1 1 1 1 1 9 7 8 15 9 4 2 6 1 . 3 1 1 5 6 1 1 1 4 1 1 6 9 9 6 6 9 6 6 1 9 1 4 10 10 9 9 10 9 9 9 10 9 9 1 9 1 9 1 1 7 5 1 9 1 9 2 2 2 11 2 8 . . . . . 2 59 1 . 2 1000
1 1 1 1 6 5 1 5 5 8 1 8 9 1 6 1 4 4 1 1 9 9 7 8 15 9 6 3 4 6 3 3 1 1 . . 1 1 1 3 1 6 1 1 9 . 6 9 1 . 1 1 1 5 3 10 . 9 10 9 . 9 9 9 9 1 9 3 9 1 1 9 9 7 4 7 1 6 2 2 11 3 8 5 2 2 . 8 . . 1 2 2 18000
1 1 0 3 5 2 8 2 2 9 2 6 9 2 1 9 1 1 1 1 2 9 12 5 15 9 4 5 6 5 . 2 1 4 8 2 1 1 1 7 1 7 6 9 6 3 6 . 1 6 1 9 3 1 10 9 9 9 . 9 9 9 10 9 9 2 9 1 9 1 1 6 5 5 1 5 1 6 5 2 3 9 3 . . . . . 2 . 1 . 1 40000
0 0 0 2 8 6 8 6 1 10 1 10 9 11 1 9 1 1 1 1 1 9 7 8 15 9 4 3 6 7 5 3 1 4 . . 1 1 1 3 1 6 6 9 6 . 6 . . 6 1 9 6 1 10 9 . 9 . . 9 9 10 9 9 . . 1 9 1 1 6 5 7 3 7 3 . 5 2 9 8 8 . . . . . 8 49 1 . 2 40000
0 1 3 0 6 2 8 8 2 9 3 9 9 11 1 9 1 1 1 1 1 9 12 5 15 9 4 3 6 7 2 3 2 4 1 . 1 1 1 2 1 6 6 9 6 . 5 1 1 2 1 1 1 1 10 9 . 9 3 9 9 9 9 9 9 2 9 1 9 3 2 6 5 . . . . 2 5 2 3 8 8 . . . . . 4 49 2 . 2 .
0 1 5 0 4 2 8 8 2 5 3 5 9 11 2 9 1 1 3 3 9 9 1 3 3 3 5 5 5 6 . 3 1 2 . 3 1 5 1 1 1 2 3 9 6 . 6 1 1 6 1 2 9 5 10 9 . 9 9 9 9 9 9 10 9 1 9 1 9 4 3 7 5 . . . . 5 5 2 3 8 8 . . . . . 2 59 4 . 2 .
4 3 2 0 1 2 8 8 3 9 3 9 9 11 1 9 1 1 1 1 1 9 10 1 9 2 4 2 5 3 2 3 1 4 2 3 1 1 1 1 1 1 6 9 1 9 6 1 1 4 1 1 9 5 10 9 10 9 9 9 9 9 9 10 9 1 9 1 9 1 1 7 5 1 9 . . . 5 4 10 8 8 . . . . . 2 59 1 . 2 8000
1 3 2 0 4 2 8 8 2 11 2 11 1 10 3 9 6 6 1 1 9 9 1 3 1 1 8 3 5 7 2 3 1 1 . . 1 5 1 1 1 6 1 9 9 . 6 9 2 4 1 2 9 3 10 10 . 9 10 9 9 9 9 10 9 1 9 1 9 1 1 1 1 1 9 1 9 5 5 2 2 8 8 5 2 10 9 8 2 13 1 . 2 1200
3 5 1 0 1 6 8 8 3 9 3 9 9 11 2 9 1 1 1 1 1 9 6 4 5 2 1 3 6 2 1 3 1 2 2 2 1 1 1 1 1 3 6 9 9 9 6 9 1 4 1 1 9 4 10 10 10 9 10 9 9 9 9 10 9 1 9 1 9 1 1 1 1 1 9 1 9 6 5 2 11 9 8 5 2 11 6 8 2 11 2 . 2 2000
0 1 0 2 7 6 8 1 1 10 1 10 2 6 1 9 1 1 1 1 1 9 10 1 15 9 4 6 6 7 7 2 5 2 8 . 1 1 1 6 1 7 6 1 6 9 6 8 1 9 1 9 1 2 3 9 10 9 9 9 10 9 10 9 9 5 3 1 9 1 1 . . 1 9 7 1 2 5 2 1 8 8 5 2 9 9 8 6 11 5 . 2 1500000
1 2 7 0 0 2 3 2 2 10 1 10 9 11 4 9 1 1 1 1 1 9 7 8 15 9 3 1 1 1 1 2 1 4 2 3 1 . 1 1 1 2 6 9 9 6 9 1 3 6 1 3 9 9 10 10 9 10 9 9 9 9 9 10 10 1 9 1 9 1 1 9 9 1 9 1 9 3 2 1 11 2 8 2 1 11 4 8 1 99 1 . 2 2500
2 2 4 1 1 2 8 7 2 9 2 11 1 10 4 9 1 1 1 1 1 9 8 7 15 9 4 2 3 2 2 3 1 1 5 4 1 1 1 3 1 2 6 9 6 6 6 9 6 5 1 1 6 5 10 9 9 9 10 9 9 9 9 9 9 1 9 1 9 1 1 . . 1 9 1 9 6 2 2 11 3 8 . . . . . 2 . 4 . 1 20000
4 5 1 0 0 6 8 7 2 5 3 5 9 11 2 9 1 1 6 6 9 9 1 3 15 9 1 1 1 2 . 4 2 1 2 . 1 . 1 1 1 3 3 9 9 . 6 9 1 6 1 1 9 9 10 10 . 9 10 9 9 9 9 10 10 1 9 1 9 1 1 2 4 . . . . 6 5 2 8 8 8 2 2 11 4 8 2 26 4 . 2 1000
2 2 4 0 2 6 8 7 2 9 3 9 2 6 1 9 1 1 1 1 2 9 10 1 15 9 4 3 5 3 . 3 1 1 2 . 1 5 1 1 1 2 6 9 6 . 8 . . 3 1 . 9 2 10 9 . 9 . . 9 9 . 10 9 1 9 1 9 2 3 1 2 . . . . . 5 2 11 9 8 . . . . . 2 13 1 . 2 800
0 2 1 2 5 1 2 5 5 8 1 8 3 9 2 9 5 5 1 1 9 9 13 2 15 9 2 3 5 7 7 3 4 1 8 4 7 2 1 3 1 6 1 1 1 8 6 8 . 9 1 1 4 5 3 3 9 3 9 . 10 9 9 9 9 4 5 1 9 4 3 1 1 7 4 7 4 2 5 2 9 9 8 . . . . . 6 13 7 . 2 250000
2 0 1 2 5 1 2 8 5 8 1 8 9 11 2 9 4 3 1 1 9 9 1 3 2 2 5 5 6 7 7 4 2 1 . 6 6 . 1 7 2 7 1 1 1 1 6 1 2 5 1 2 3 2 3 9 3 3 9 9 9 9 9 9 9 4 9 2 9 4 2 1 2 6 4 6 4 . 6 2 9 7 9 2 2 9 4 8 . . 3 . 2 500000
2 1 1 1 5 3 8 7 5 8 1 8 9 1 6 2 3 3 1 1 9 9 7 8 15 9 4 5 6 7 4 4 1 3 . 6 10 2 1 3 1 7 1 9 9 . 9 9 1 . 1 . 4 2 10 10 . 10 10 9 . 9 . 1 9 1 9 1 9 3 2 4 5 7 1 7 1 . 2 2 9 4 8 . . . . . . . . . 2 18000
1 0 0 3 6 1 8 7 5 10 1 10 9 1 3 9 3 3 4 4 9 9 9 4 6 3 5 3 6 3 4 3 2 2 6 6 1 2 1 7 2 6 2 1 9 5 6 1 3 6 1 1 1 5 3 10 9 9 9 9 9 9 9 9 9 2 9 1 9 4 2 2 3 1 9 3 2 6 2 2 2 4 8 . . . . . 2 26 6 . 2 22000
0 2 0 1 7 5 1 4 4 8 1 8 9 11 6 1 3 3 1 1 9 9 8 7 15 9 6 3 6 5 . 3 1 2 . . 6 . 1 3 1 6 1 1 9 . 6 . . . 1 5 . 5 3 10 . 9 . . . 9 9 . 9 1 9 1 9 2 3 1 2 7 4 6 1 . 2 2 9 4 8 . . . . . 2 13 4 . 2 .
0 1 0 3 6 1 8 5 5 8 1 8 9 11 2 9 4 4 1 1 9 9 7 8 15 9 4 3 6 5 . 3 2 2 . . 1 . 2 7 2 6 1 . . . . . . . 1 2 1 5 . . . . . . . 9 9 9 9 1 9 1 9 2 2 . . 7 4 7 4 . 2 2 11 3 8 2 2 . 4 8 . . . . 2 560000
0 0 0 2 8 6 8 6 2 6 2 6 1 8 2 9 4 4 1 1 9 9 1 3 15 9 6 5 6 7 6 4 1 2 . 6 9 2 2 7 2 7 1 1 2 1 2 9 1 9 1 9 1 4 3 3 3 3 10 9 10 9 10 1 9 2 9 2 9 1 1 6 5 7 4 7 4 2 2 2 3 4 8 . . . . . 4 13 2 . 2 .
0 0 1 2 7 1 8 8 5 8 1 8 9 11 3 9 4 4 1 1 9 9 1 3 2 2 4 . . . . . . . . . . . . . . 9 1 . . . . . . . . . . . . . . . . . . . . . . 4 5 1 9 2 2 3 5 6 1 7 1 6 2 2 9 4 8 . . . . . 6 39 6 . 2 .
0 1 0 7 2 1 8 7 2 8 1 8 9 11 6 1 5 1 1 1 9 9 10 1 7 4 2 6 4 2 . 4 4 4 . . 5 1 3 6 2 4 1 1 6 8 . 9 6 . 1 1 2 1 3 9 9 . 10 9 . 9 3 9 9 5 3 4 2 4 3 6 5 4 1 4 1 . 5 2 6 . 6 . . . . . . . 8 . 2 35000
0 0 1 3 6 1 8 2 2 9 1 8 9 11 3 9 4 1 1 1 9 9 10 1 7 4 2 6 4 7 2 3 1 4 4 . 5 . 1 7 2 7 1 1 . . . 8 . . 9 1 4 1 3 . . . 9 . . 10 9 9 9 2 9 . . 4 3 . . 4 1 4 1 . 6 2 9 7 9 2 2 1 4 7 8 99 8 . 1 .
0 0 0 4 6 1 8 7 6 8 1 8 9 11 4 9 4 4 1 1 2 9 1 3 2 2 3 5 6 5 4 3 3 4 . . 1 1 3 7 2 7 7 1 6 1 3 8 1 6 9 9 2 4 3 9 3 9 9 9 9 10 10 9 9 1 9 . . 1 1 1 1 7 1 7 1 2 5 3 3 8 3 5 3 1 8 11 4 11 . . 2 .
0 0 1 3 6 6 8 1 1 6 2 6 1 10 3 9 1 1 1 1 2 9 10 1 15 9 3 5 6 8 8 2 4 4 8 2 1 1 3 7 2 7 6 1 7 7 7 1 1 9 1 1 1 1 3 4 4 4 3 3 10 9 3 9 9 5 9 1 9 1 1 6 5 5 1 5 1 3 5 3 3 8 3 . . . . . 6 49 . . 2 .
0 0 1 3 6 6 8 7 1 2 2 2 9 6 3 9 1 1 1 1 2 9 10 1 15 9 3 5 6 7 8 3 4 4 8 . 1 1 3 7 2 7 6 1 7 7 7 7 1 9 9 1 2 2 3 4 4 4 4 3 10 10 3 9 9 5 9 1 9 1 1 6 5 5 1 5 1 5 5 3 1 8 11 . . . . . 6 69 . . 2 .
0 0 0 4 6 7 8 7 1 8 1 8 2 6 2 9 3 3 1 1 9 9 . . . . 4 5 6 8 8 3 4 4 8 . 1 1 3 7 2 7 1 1 6 8 1 8 1 9 1 9 5 4 3 9 9 3 9 3 10 9 10 9 9 5 9 1 9 1 1 6 5 . . . . 2 6 3 2 9 11 . . . . . 6 69 1 . 2 2200
0 1 1 7 1 4 8 8 1 8 1 8 2 6 6 1 5 4 1 1 9 9 7 8 15 9 6 2 6 2 . 4 4 . . . . 1 1 7 2 4 1 1 . 6 . 9 4 6 1 9 2 1 3 . 9 . 10 9 9 9 10 9 9 4 9 1 9 . . 1 1 1 9 7 1 . 2 2 6 2 6 . . . . . 5 13 . . 2 134000
0 0 0 4 6 1 8 7 2 8 1 8 2 6 3 9 3 1 1 1 9 9 10 1 7 4 2 6 6 7 8 3 3 4 8 . 3 1 3 7 2 7 1 1 7 8 6 . 2 9 1 9 2 2 3 4 9 9 . 9 10 9 10 9 9 3 5 . . 1 1 6 5 . . . . . 6 3 9 2 2 6 3 9 8 8 . . 8 . 2 .
0 0 2 3 5 1 7 7 2 8 1 8 9 11 1 9 3 1 1 1 9 9 10 1 15 9 2 6 6 7 8 3 4 4 . . 10 1 3 7 2 7 1 1 8 1 8 . . . 1 . 1 1 3 9 3 9 . . . 3 . 9 9 3 9 4 9 . . . . 7 1 . . 2 5 2 9 . . . . . . . 8 . . . 2 9500000
0 1 0 8 1 1 7 7 6 8 1 8 9 11 6 1 5 4 1 1 9 9 7 8 15 9 6 2 . 2 2 3 4 4 8 . 5 2 1 4 2 4 1 1 6 8 9 9 6 9 1 9 2 4 3 9 9 10 10 9 10 9 10 9 9 4 9 1 9 4 2 . . 1 9 7 3 3 2 2 6 2 6 6 2 9 7 9 6 13 6 . 2 .
2 3 5 0 0 1 8 2 2 8 1 8 9 11 2 9 4 4 1 1 9 9 6 4 5 2 5 1 1 2 2 2 1 2 . . 1 1 1 1 1 2 1 1 9 6 9 8 1 6 1 1 9 9 3 10 9 10 9 9 9 9 9 10 10 1 9 1 9 1 1 1 2 1 9 7 1 3 5 1 3 7 9 5 4 3 8 8 1 99 5 . 2 .
0 0 2 2 6 6 8 6 1 8 1 8 2 6 4 9 4 4 1 1 9 9 8 7 15 9 3 6 6 7 8 3 3 1 8 . 1 1 3 7 1 7 1 1 6 8 1 8 1 9 1 2 1 4 3 9 9 9 9 9 10 9 9 9 9 5 9 2 9 4 2 4 5 7 4 7 4 3 5 3 3 9 8 6 3 3 9 8 6 59 4 . 2 200
0 2 2 2 4 1 2 2 2 10 1 10 2 6 3 9 6 4 1 1 9 9 6 4 15 9 . 3 6 7 3 3 1 1 2 . 1 5 1 7 1 6 1 1 6 9 8 9 1 5 1 4 2 2 3 9 10 9 10 9 9 9 9 9 9 2 9 1 9 4 3 9 9 7 3 7 1 6 5 4 3 8 8 . . . . . 2 49 . . 2 .
0 1 1 1 7 1 8 7 2 8 1 8 9 11 4 9 4 4 1 1 9 9 8 7 15 9 2 6 6 7 . 3 2 2 . . 1 1 3 7 1 7 1 1 1 . 8 . 3 6 1 1 2 4 3 3 . 9 . 9 9 9 9 9 9 1 9 1 9 1 1 1 1 7 1 7 1 2 6 2 9 8 8 . . . . . 4 11 3 . 2 2500000
8 1 0 1 0 3 8 1 1 2 2 2 9 11 4 9 5 5 1 1 9 9 1 3 2 2 5 2 6 3 1 3 1 1 1 2 1 1 1 7 2 1 1 9 9 9 9 9 2 4 1 1 2 1 10 10 10 10 10 9 9 9 9 9 9 1 9 1 9 1 1 7 5 7 1 7 1 6 2 2 7 4 8 2 2 11 4 8 2 59 8 . 2 3820
4 2 4 0 0 6 8 1 1 2 2 2 9 11 3 9 1 1 1 1 1 9 8 7 15 9 3 1 1 2 1 2 1 1 2 . 1 5 1 1 1 8 6 9 9 9 6 1 5 5 1 3 9 9 10 10 10 9 9 9 9 9 9 10 10 1 9 1 9 1 1 7 5 1 9 . . 6 5 2 10 6 8 . . . . . 1 99 8 . 2 .
0 0 1 1 8 6 8 6 2 5 3 5 1 1 3 9 1 1 6 6 9 9 1 3 2 2 5 3 6 7 3 3 2 2 1 . 1 2 1 7 1 6 3 9 6 9 6 9 1 4 1 3 3 3 10 9 10 9 10 9 9 9 9 9 9 2 9 1 9 3 2 2 3 1 9 2 . 4 5 3 7 8 8 . . . . . 4 26 2 . 2 .
1 2 0 2 5 1 2 2 2 9 1 8 2 6 2 9 4 4 1 1 9 9 6 4 5 2 6 3 6 7 2 3 1 1 . . 1 5 1 7 1 6 1 9 9 . 9 . 2 6 1 1 3 4 10 10 . 10 . 9 9 9 9 9 9 2 9 1 9 1 1 1 1 1 9 7 1 6 5 4 3 6 3 . . . . . 2 11 5 . 1 .
0 2 1 1 6 1 8 6 1 12 2 12 3 9 3 9 3 1 1 1 4 9 7 8 15 9 4 3 6 7 3 3 2 1 2 . 1 1 1 2 1 6 7 1 6 8 8 . 1 1 1 1 6 5 3 9 9 9 . 9 9 9 9 9 9 1 9 1 9 2 2 6 5 7 3 7 3 2 5 2 3 8 8 . . . . . 2 13 1 . 2 .
0 0 2 2 6 6 8 6 1 2 2 2 9 11 3 9 1 1 1 1 2 9 10 1 15 9 3 3 6 7 . 3 1 1 2 . 1 1 1 2 1 6 6 1 6 9 6 1 1 4 1 2 2 4 3 9 10 9 9 9 9 9 9 9 9 1 9 1 9 4 2 7 5 5 1 5 1 3 5 4 8 8 8 . . . . . 2 59 5 . 2 11500
0 0 2 2 6 1 8 2 2 2 2 2 9 6 2 9 1 1 1 1 4 9 10 1 15 9 3 6 6 5 3 3 4 4 2 3 5 1 3 7 1 7 5 1 6 . 8 8 1 9 9 1 2 2 3 9 . 9 9 9 10 10 9 9 9 4 5 1 9 4 2 1 1 . . . . 3 5 4 8 . 8 . . . . . 5 13 1 . 2 4000000
0 1 4 1 4 1 8 1 1 9 2 6 3 9 3 9 3 1 1 1 9 9 10 1 7 4 2 3 6 7 . 2 1 . . . 6 1 1 7 2 8 1 9 . 9 9 . . 9 1 1 2 4 10 . 10 10 . . 10 9 9 9 9 1 9 2 9 4 2 1 1 5 1 5 1 . 5 2 3 8 8 2 2 . 4 8 . . . . 1 2000
6 4 0 0 0 7 8 5 3 8 1 8 9 11 6 1 6 6 6 6 9 9 11 6 10 5 5 1 1 1 1 2 1 1 2 2 6 2 1 1 1 1 2 9 9 9 9 9 6 6 1 9 9 9 10 10 10 10 10 9 9 9 10 10 10 1 9 1 9 1 1 1 1 1 9 7 4 1 5 2 11 6 8 . . . . . 2 11 5 . 2 2000
0 1 1 2 6 1 8 7 6 8 1 8 9 11 6 1 5 4 1 1 9 9 12 5 11 5 5 3 5 7 2 3 2 2 . 2 1 3 1 2 1 6 1 9 9 9 9 1 1 9 1 6 6 3 10 10 10 10 9 9 10 9 9 9 9 2 9 1 9 1 1 5 5 . . . . 4 5 2 3 8 8 . . . . . 3 59 4 . 2 200
0 0 4 1 5 1 8 2 2 10 1 1 9 10 2 9 1 1 5 4 5 9 7 8 15 9 4 4 5 7 . 4 3 1 5 . 1 1 1 2 1 6 7 9 6 . 6 1 1 9 9 2 . 5 10 9 . 9 9 9 10 10 9 . 9 4 2 1 9 1 1 2 4 3 4 7 1 6 5 4 8 8 8 5 3 3 8 8 4 25 4 . 1 6000
2 1 0 2 5 1 8 2 2 10 1 1 3 9 2 9 1 1 4 4 9 9 1 3 2 2 4 4 5 6 . 3 1 1 . 6 1 1 1 2 1 6 3 9 9 9 5 9 2 5 1 3 5 4 10 10 10 9 10 9 9 9 9 9 9 2 9 1 9 1 1 5 5 3 . 5 1 3 5 4 8 8 8 5 2 8 8 8 2 59 2 . 1 .
0 0 3 1 6 1 8 5 3 1 1 1 9 11 2 9 1 1 6 4 9 9 8 7 15 9 1 4 5 7 . 3 1 1 2 . 1 5 1 2 1 6 3 9 9 . 9 1 . 9 9 2 2 . 10 10 . 10 9 . 10 10 9 9 . 2 9 1 9 1 1 4 5 2 1 2 1 . 5 2 3 8 8 . . . . . 2 59 6 . 2 .
0 0 3 1 6 4 8 8 2 2 2 2 9 11 2 9 1 1 1 1 5 9 7 8 15 9 4 4 5 7 2 4 3 2 5 5 5 1 1 2 1 6 5 9 9 9 9 1 1 9 9 3 4 3 10 10 10 10 9 3 10 10 9 9 9 4 9 1 9 1 1 1 1 . . . . 6 3 3 7 8 8 . . . . . 4 11 6 . 2 45000
0 0 4 0 6 6 8 7 3 12 2 12 3 9 4 9 1 1 1 1 5 9 7 8 15 9 4 4 5 5 . 4 2 1 2 . 7 1 1 1 1 6 5 9 9 9 9 1 1 9 9 2 9 6 10 10 10 10 9 9 10 10 9 10 9 4 9 1 9 1 1 1 2 . . . . 3 5 2 3 8 8 . . . . . 4 12 3 . 2 1250
0 3 7 0 0 6 8 7 6 2 2 2 9 11 3 9 1 1 1 1 2 9 7 8 15 9 5 1 1 3 3 3 1 1 5 . 1 1 1 1 1 2 6 9 9 6 6 1 4 9 1 3 9 9 10 10 9 9 9 9 10 9 9 10 10 2 9 1 9 1 1 9 9 1 9 7 1 6 2 1 11 2 9 2 2 11 9 5 . . 1 . 2 1000
1 3 6 0 0 4 1 8 2 10 1 10 9 11 4 9 1 1 1 1 2 9 7 8 15 9 4 1 1 3 2 3 1 1 5 3 1 1 1 1 1 2 6 9 6 5 9 1 1 6 1 2 9 9 10 9 9 10 3 9 9 9 9 10 10 2 9 1 9 4 2 5 5 1 9 1 9 2 5 2 3 8 3 5 2 7 8 7 . . 4 . 2 .
5 3 2 0 0 1 8 1 1 12 2 12 3 9 3 9 1 1 1 1 1 9 7 8 15 9 4 1 1 2 1 2 2 1 . 3 1 . 1 1 1 1 6 9 9 1 6 9 2 5 1 2 9 9 10 10 9 9 10 9 9 9 9 10 10 1 9 1 9 1 1 1 1 1 9 1 9 3 2 1 11 2 7 5 2 8 7 8 2 11 . . 2 300
3 6 1 0 0 6 8 2 2 11 2 11 1 10 3 9 1 1 1 1 1 9 7 8 15 9 4 2 . 2 . 2 1 2 5 5 1 1 1 4 1 3 6 9 9 6 9 9 6 5 1 1 1 3 10 10 9 10 10 9 9 9 9 9 9 1 9 1 9 1 1 1 1 1 9 1 9 6 2 2 11 4 4 2 2 11 2 8 2 11 2 . 2 1000
2 8 0 0 0 4 8 8 3 11 2 11 1 10 3 9 1 1 1 1 2 9 7 8 15 9 4 1 1 1 . 3 1 . . . 1 1 1 4 1 3 6 9 9 6 9 . 6 6 1 9 1 9 10 10 9 10 . 9 9 9 10 9 10 1 9 1 9 1 1 . . 1 9 1 9 3 2 2 11 4 5 . . . . . 4 59 5 . 2 200
2 3 2 0 3 2 8 7 2 9 1 8 2 6 2 9 6 6 1 1 9 9 1 3 15 9 6 3 6 3 . 4 2 . . . 1 2 1 1 1 8 1 9 . 6 6 8 6 5 1 2 9 5 10 . 9 9 9 9 9 9 9 10 9 1 9 1 9 1 1 1 1 . . 7 1 . 5 2 4 8 4 2 2 11 2 7 4 13 1 . 1 .
. . . . . 6 8 1 1 5 3 5 9 11 6 1 1 1 5 4 9 9 11 6 15 9 1 . . . . . . . . . . . . . . . 3 . . . . . . . . . . . . . . . . . . . . . . 1 9 1 9 1 1 . . . . . . . 5 3 10 8 8 . . . . . . . . . 2 175
0 0 0 3 7 6 8 7 1 5 3 5 9 11 2 9 1 1 3 3 9 9 7 8 15 9 1 6 6 7 5 4 1 . . . 1 1 1 7 1 7 3 9 1 . 6 9 . . 1 9 1 1 10 9 . 9 10 . . 9 10 9 9 1 9 1 9 1 1 . . 3 . . . 4 5 2 9 7 9 . . . . . . 69 . . 2 400
3 2 0 0 5 6 8 7 3 10 1 10 9 11 3 9 1 1 1 1 1 9 7 8 15 9 4 6 6 3 . 3 1 4 5 2 1 1 1 1 1 7 6 9 1 1 6 9 . 6 1 9 9 2 10 9 9 9 10 . 9 9 10 10 9 1 9 1 9 1 1 9 9 7 1 1 9 . 2 1 8 . 9 5 2 10 7 9 2 69 1 . 2 5000
0 1 1 1 7 3 8 2 2 10 1 10 9 11 2 9 1 1 1 1 4 9 8 7 15 9 4 6 6 7 8 3 3 3 8 6 1 1 1 1 1 7 5 1 6 1 1 8 1 8 1 1 9 3 3 9 3 3 9 3 9 9 3 10 9 5 9 1 9 2 3 1 1 7 4 7 4 3 5 3 9 7 8 6 2 1 7 . 6 11 1 . 2 300000
0 0 1 2 7 2 3 7 2 9 1 8 9 11 3 9 4 4 1 1 9 9 1 3 2 2 6 . . . . . . . . . . . . . . 9 1 . . . . . . . . . . . . . . . . . . . . . . . . . . . . . . . . . . . . . . . . . . . . . 2 . . . 1 40000
0 0 0 2 8 2 8 2 2 9 3 9 9 11 3 9 1 1 1 1 1 9 12 5 15 9 4 3 5 3 . 3 1 2 1 . 1 . 1 2 1 6 6 9 1 . 1 1 2 6 1 4 . 4 10 9 . 9 9 9 9 9 9 . 9 2 9 1 9 1 1 1 1 7 1 7 1 . 2 2 7 4 8 2 2 9 4 8 2 . 8 . 2 2000
2 2 1 1 4 2 8 6 2 9 3 9 1 1 1 9 1 1 1 1 1 9 1 3 1 1 4 3 5 7 . 2 1 . 1 2 1 . 1 2 1 6 6 9 9 . 6 1 1 6 1 1 1 2 10 10 . 9 9 9 9 9 9 9 9 1 9 1 9 1 1 1 2 5 1 7 1 . 2 2 11 2 8 . . . . . 2 26 4 . 2 500
1 1 3 0 5 6 8 8 1 9 3 9 9 11 1 9 1 1 1 1 1 9 8 7 15 9 4 3 5 7 3 3 1 1 2 4 1 5 1 1 1 6 6 9 9 9 6 9 1 4 1 2 9 2 10 10 10 9 10 9 9 9 9 10 9 1 9 1 9 1 1 . . . . . . 1 5 2 11 1 8 . . . . . 2 . 1 . 2 147
1 1 4 0 4 5 8 2 2 9 1 8 3 9 6 1 6 6 1 1 9 9 1 3 15 9 5 3 5 7 3 2 1 2 2 4 1 2 1 1 1 8 1 9 6 . 5 1 1 4 1 1 9 5 10 9 . 9 9 9 9 9 9 10 9 1 9 1 9 1 1 . . 1 9 7 1 3 3 2 8 9 8 5 4 8 8 8 2 . 7 . 1 3000
0 0 1 3 6 6 8 8 1 8 1 8 9 11 1 9 3 3 1 1 9 9 8 7 15 9 4 3 5 7 5 3 . 4 5 2 1 1 2 7 2 6 1 1 3 1 2 1 1 9 1 1 5 4 9 9 9 9 9 9 10 9 9 9 9 2 9 1 9 1 1 . . 7 1 7 1 4 5 2 9 8 8 . . . . . 8 99 2 . 2 600000
0 1 1 3 5 1 8 5 5 8 1 8 9 1 2 9 4 3 3 3 9 9 7 8 15 9 . 3 5 7 2 3 1 2 . 5 5 . 1 7 1 6 2 1 . . 8 1 . 2 1 6 1 5 3 . . 9 9 . 9 9 9 9 9 2 9 1 9 2 2 9 9 7 4 . . . 5 2 7 8 8 . . . . . 2 11 1 2 2 38000
1 0 1 2 6 1 8 7 5 8 1 8 2 6 5 9 3 3 1 1 9 9 6 4 5 2 6 5 6 6 2 4 1 3 5 4 1 1 1 7 2 7 1 1 6 5 6 1 2 6 1 1 2 2 9 9 9 9 9 9 9 9 9 9 9 2 9 1 9 2 2 1 1 7 1 7 1 4 5 2 7 9 8 5 2 2 8 8 2 13 . . 2 .
2 1 3 1 3 6 8 8 2 9 2 2 9 6 1 9 1 1 1 1 3 9 8 7 15 9 4 3 5 2 . 4 1 2 . . 1 1 1 7 1 8 5 9 6 1 6 . 1 4 1 1 . 3 10 9 9 9 . 9 9 9 9 . 9 4 9 1 9 4 3 1 1 . . . . 1 5 2 11 1 8 . . . . . 2 13 1 . 1 3000
2 1 3 0 4 3 8 8 2 10 1 10 9 11 3 9 1 1 1 1 6 9 1 3 1 1 5 3 5 7 1 3 1 1 2 5 1 . 1 1 1 6 4 9 9 . 9 1 1 5 1 1 9 3 10 10 . 10 9 9 9 9 9 10 9 1 9 1 9 2 2 1 1 1 9 . . 6 3 2 8 8 8 . . . . . 2 11 1 . 2 .
2 3 1 0 4 6 8 2 2 9 1 8 9 11 2 9 6 6 1 1 9 9 9 4 15 9 6 3 5 7 . 3 1 1 2 . 1 5 1 1 1 6 1 9 9 . 9 . 2 6 1 2 9 5 10 10 . 10 . 9 9 9 9 10 9 1 9 1 9 1 1 1 1 . . . . . 5 2 . 8 8 . . . . . 4 13 1 . 1 2139
0 0 0 1 9 1 2 8 5 8 1 8 9 11 5 9 4 3 1 1 9 9 6 4 5 2 4 3 6 7 3 4 2 . . . 6 2 1 7 1 6 1 1 9 . 6 . . 9 1 2 2 4 3 10 . 9 . . 10 9 9 9 9 1 9 1 9 4 2 . . 7 1 7 1 . 2 3 9 4 8 . . . . . 4 13 7 1 2 200000
4 6 0 0 0 1 8 1 1 8 1 8 9 11 6 1 4 4 1 1 9 9 8 7 15 9 6 1 1 1 1 2 1 1 . 3 7 . 1 1 1 3 1 9 9 6 9 9 6 5 1 9 9 9 10 10 9 10 10 9 9 9 10 10 10 1 9 1 9 1 1 7 5 7 4 5 1 . 2 2 11 2 8 . . . . . 2 69 8 . 2 1100
1 1 0 2 6 1 8 8 4 8 1 8 2 6 6 2 4 4 1 1 9 9 1 3 15 9 5 3 6 6 . 3 4 1 . . 6 2 2 7 2 6 1 1 9 1 . . 4 6 1 9 1 5 3 10 9 . . 9 9 9 10 9 9 4 9 1 9 1 1 1 1 7 4 7 4 . 2 2 11 3 8 2 2 2 4 8 . . 6 . 2 180000
1 0 0 2 7 1 8 8 5 8 1 8 9 11 2 9 4 4 1 1 9 9 7 8 15 9 4 5 6 5 7 4 3 2 4 4 5 5 1 7 1 7 1 1 1 1 6 9 2 6 1 9 1 4 3 9 3 3 10 9 9 9 10 1 9 5 4 2 9 4 2 . . 6 4 6 4 . 2 2 9 4 8 . . . . . 6 11 . . 2 1700000
0 1 1 2 6 1 8 8 2 4 1 4 9 11 3 9 1 1 1 1 4 9 12 5 15 9 4 3 6 7 . 4 1 . 6 . 6 . 1 3 1 6 5 1 6 . 6 . . . 1 1 4 2 3 9 . 9 . . . 9 9 1 9 4 9 1 9 2 2 1 2 7 1 7 1 . 2 2 9 4 8 . . . . . 5 13 6 1 2 25000
0 1 0 2 7 1 2 2 2 9 1 8 9 11 2 9 3 3 3 3 9 9 8 7 15 9 . . . . . . . . . . . . . . . 9 2 . . . . . . . . . . . . . . . . . . . . . . 1 9 1 9 2 2 1 2 7 1 2 1 . 2 2 9 4 8 . . . . . . . . . 1 2000
0 1 0 9 0 1 8 5 5 8 1 8 2 6 3 9 4 4 1 1 9 9 7 8 15 9 6 1 1 1 2 3 2 . 6 4 6 5 1 7 2 4 1 1 9 8 6 9 . 9 1 9 3 9 3 10 9 9 10 . 10 9 10 1 10 1 9 2 9 1 1 9 9 7 1 7 1 6 3 2 11 1 2 . . . . . 3 69 1 . 2 12500
0 0 0 9 1 1 8 7 5 8 1 8 9 11 6 1 5 3 1 1 9 9 7 8 15 9 2 5 6 1 1 3 3 4 4 3 5 5 1 6 2 4 1 1 1 1 9 9 5 9 1 9 3 . 3 3 3 10 10 9 10 3 10 9 . 2 9 2 9 4 2 6 5 4 1 4 1 3 2 2 11 2 7 2 2 9 4 8 5 49 4 . 2 .
1 0 1 2 6 3 8 5 5 10 1 1 9 10 6 2 1 1 4 3 9 9 9 4 6 3 1 3 5 7 . 3 2 . . . . . 1 3 1 6 3 . . . . . . . 9 6 . 5 . . . . . . . 10 9 . 9 4 9 1 9 3 2 2 3 . . 2 4 . 5 2 . 9 8 . . . . . . . 2 . 1 27000
0 0 1 3 6 1 8 7 5 8 1 8 9 1 6 1 3 3 3 3 9 9 1 3 1 1 4 3 6 7 8 3 3 4 8 5 5 1 1 7 2 6 2 1 1 1 6 9 1 5 1 1 1 2 3 3 3 3 10 9 9 9 9 9 9 5 4 2 9 4 2 1 2 4 1 4 1 3 2 2 7 4 8 . . . . . 6 . 6 . 2 660000
2 0 0 3 5 1 8 5 5 9 1 8 9 11 4 9 4 3 1 1 9 9 7 8 15 9 5 6 4 2 2 3 2 4 . . 6 . 1 6 2 7 1 1 9 1 6 9 6 6 1 9 3 5 3 10 3 3 10 9 9 3 10 9 9 4 9 2 9 2 2 4 5 4 1 4 1 2 5 2 7 1 7 2 2 1 4 8 3 13 2 . 1 10000
0 0 1 3 6 1 8 7 2 9 1 8 9 11 1 9 5 1 1 1 9 9 10 1 7 4 2 6 6 7 8 4 4 4 8 3 4 1 3 7 2 7 1 1 1 1 1 8 . 9 9 1 2 2 3 3 3 3 9 . 10 10 3 9 9 5 3 4 9 3 2 6 5 4 1 4 1 2 5 2 1 7 9 . . . . . 6 49 4 . 1 23000000
0 0 1 4 5 6 8 6 1 10 1 10 2 6 1 9 1 1 1 1 1 9 10 1 15 9 3 . . . . . . . . . . . . . . 9 6 . . . . . . . . . . . . . . . . . . . . . . 5 9 1 9 1 . 6 5 . . . . . 5 3 1 8 11 . . . . . . . 3 . 2 .
0 1 0 8 1 7 8 7 1 10 1 10 2 6 3 9 1 1 1 1 1 9 . . . . 3 5 6 5 . 3 3 . . . 1 1 3 7 2 4 6 . . . . . . . . . . . . . . . . . . . . . . 3 9 3 9 2 3 . . . . . . . 5 2 9 8 8 . . . . . 5 49 . . 2 .
0 2 3 4 1 7 8 7 1 10 1 10 2 6 3 9 1 1 1 1 2 9 . . . . 2 2 6 7 . 3 3 4 . . 1 1 1 7 2 4 6 1 6 . . 1 1 9 1 1 1 2 3 9 . . 9 9 10 9 9 9 9 3 2 1 9 4 3 . . 7 1 7 1 . 5 3 1 8 3 . . . . . 5 13 1 . 2 50000
0 1 1 4 4 7 8 1 1 10 2 6 9 11 1 9 1 1 1 1 2 9 . . . . 3 5 6 5 7 . . 4 3 . 1 1 3 7 2 8 6 1 6 1 8 . 1 9 1 . 3 2 3 9 9 9 . 9 10 9 . 9 9 2 9 1 9 1 1 . . 7 1 7 1 6 5 2 2 9 8 . . . . . 8 99 8 . 1 60000
0 1 1 3 5 1 7 2 2 7 1 8 9 11 6 1 4 4 1 1 9 9 8 7 15 9 . 5 6 7 . 2 1 . . . . . 3 7 2 7 1 1 . . . . . . 1 1 2 5 3 . . . . . . 9 9 9 9 1 9 1 9 1 1 9 9 7 1 7 1 . 5 3 1 7 9 . . . . . . . 8 . 1 3500
1 1 0 8 0 1 8 5 5 8 1 8 9 11 3 9 5 1 1 1 2 9 10 1 7 4 2 1 1 1 . 3 2 4 2 . 4 1 1 6 2 4 7 1 6 6 . 9 6 6 1 9 1 9 3 9 9 . 10 9 9 9 10 9 10 2 9 2 9 4 3 . . 1 9 7 1 2 5 2 6 8 6 . . . . . 5 13 7 . 2 35000
0 0 0 3 7 1 8 2 2 8 1 8 9 11 3 9 5 1 1 1 2 9 10 1 7 4 4 6 6 7 5 4 3 4 . . 4 . 3 7 2 7 7 1 1 . 8 . . 9 9 9 2 1 3 3 . 9 . . 10 10 10 9 9 5 9 2 9 3 2 5 5 4 1 4 1 . 5 2 1 7 9 . . . . . . . 8 . 2 450000
0 0 1 3 6 1 8 7 2 8 1 8 9 11 2 9 4 4 1 1 9 9 1 3 15 9 . 5 6 6 . 3 2 . . . 1 1 3 7 2 7 1 1 1 8 9 9 . 9 1 1 3 4 3 3 9 10 10 . 10 9 9 9 9 4 9 . . 3 3 1 1 7 1 7 1 4 5 2 9 . 8 . . . . . 4 11 3 . 2 55000
1 2 2 4 1 4 2 7 5 9 1 8 9 11 6 1 5 5 1 1 9 9 13 2 15 9 7 2 6 2 2 3 3 3 8 . 1 1 1 7 2 4 1 1 1 6 6 1 1 6 1 1 2 6 3 3 9 9 9 9 9 9 9 9 9 2 9 1 9 3 2 6 5 6 4 7 1 6 5 1 11 9 9 2 2 11 4 4 5 13 4 . 1 245000
0 1 0 3 6 1 8 2 2 7 1 8 9 11 6 1 5 5 1 1 9 9 1 3 2 2 2 5 6 7 3 3 1 1 . . 1 1 3 7 1 7 1 1 8 8 9 . 1 9 1 9 4 4 3 9 9 10 . 9 10 9 10 9 9 4 9 . . 4 3 1 1 7 1 7 1 6 5 2 . . 3 . . . . . 2 11 6 . 1 .
0 0 0 4 6 3 7 7 2 8 1 8 9 11 3 9 4 4 1 1 9 9 8 7 15 9 4 6 6 7 4 4 2 4 6 6 10 1 3 7 2 7 1 1 1 8 8 9 2 9 9 9 1 4 3 3 9 9 10 9 10 10 10 9 9 5 9 2 9 . . . . . . . . 2 5 2 6 6 9 . . . . . 5 . . . 2 .
0 0 2 2 6 7 1 8 2 8 1 8 9 11 2 9 3 3 1 1 2 9 7 8 15 9 4 6 6 7 8 4 5 1 6 . 1 1 3 7 2 7 7 1 1 2 3 1 1 9 9 1 2 2 3 3 3 3 3 3 10 9 3 9 9 5 9 4 9 1 1 1 1 7 1 7 1 1 6 3 9 8 11 5 3 9 8 8 8 . . . 2 .
0 0 2 2 6 7 8 7 2 8 1 8 9 11 3 9 3 3 1 1 9 9 1 3 1 1 5 6 6 7 8 4 4 . . . 1 1 3 7 2 7 1 1 1 1 1 . 1 9 9 . 1 2 3 3 3 3 . 3 10 10 . 9 9 5 9 4 9 1 1 . . . . 7 1 . 5 2 2 8 8 . . . . . 8 . 6 . 2 3000000
0 0 1 2 7 3 8 2 2 10 1 10 9 11 3 9 5 1 2 2 9 9 1 3 15 9 4 6 6 7 7 3 4 . 2 . 3 1 1 7 1 7 2 1 6 9 . . 1 4 1 5 1 5 3 9 10 . . 3 9 9 9 9 9 4 9 1 9 4 2 3 5 5 1 5 1 6 5 2 7 8 8 5 2 9 8 8 6 39 . . 2 1000000
1 1 1 2 5 1 2 4 6 9 1 8 2 6 2 9 5 4 1 1 9 9 6 4 5 2 6 3 6 7 . 3 1 1 2 . 1 5 1 7 1 6 1 1 6 9 6 . 1 9 1 1 1 2 3 9 10 9 . 9 10 9 9 9 9 2 9 1 9 4 2 1 2 7 1 7 1 . 5 3 3 8 8 . . . . . . . 1 . 1 20000
1 0 2 2 5 4 8 2 2 5 3 5 9 11 2 9 1 1 4 4 9 9 6 4 5 2 1 3 6 4 3 3 1 1 . . 1 1 1 7 1 6 3 1 6 . 6 . 2 6 1 4 4 4 3 9 . 9 . 9 9 9 9 9 9 2 9 1 9 2 3 9 9 . . 5 1 . 3 2 3 8 8 . . . . . . . 1 . 2 100
0 0 0 3 7 4 8 1 1 2 2 2 9 11 3 9 1 1 1 1 2 4 12 5 15 9 3 6 6 7 6 3 1 1 2 3 1 2 3 7 1 7 6 1 6 9 9 9 1 9 1 4 2 4 3 9 10 10 10 9 10 9 9 1 9 2 9 1 9 1 1 9 9 5 1 5 1 6 5 3 3 9 8 . . . . . . . 5 . 2 10000
0 0 0 2 8 6 3 2 2 9 2 6 9 11 3 9 1 1 1 1 1 9 13 2 15 9 3 6 6 8 7 3 5 1 5 3 6 1 3 7 1 7 6 1 9 9 4 9 2 9 9 9 2 3 3 10 10 9 10 9 9 10 10 9 9 5 9 1 9 1 1 6 5 5 2 5 1 2 5 2 7 8 8 . . . . . 6 49 4 . 1 24000
2 0 0 1 7 1 7 2 2 12 2 12 3 9 4 9 4 1 1 1 2 9 7 8 15 9 4 3 6 8 3 3 3 2 . 4 1 1 1 2 1 6 7 1 9 . . . 1 5 1 9 1 5 3 10 . . . 9 9 9 10 9 9 2 9 1 9 2 2 . . . . . . 3 5 4 . . . . . . . . 2 . 6 . 2 10000
5 3 2 0 0 2 8 5 3 9 1 8 9 11 6 1 6 6 6 6 9 9 6 4 5 2 7 1 1 1 1 2 1 1 1 2 5 5 1 1 1 1 2 9 9 9 9 1 5 5 1 2 9 9 10 10 10 10 9 9 9 9 9 10 10 1 9 1 9 1 1 1 1 1 9 . . 1 5 2 11 1 4 1 2 11 5 4 2 11 5 . 1 2000
0 2 0 1 7 5 8 5 5 8 1 8 9 11 6 1 4 3 1 1 2 9 1 3 1 1 5 4 5 7 2 3 1 1 2 6 1 5 1 2 1 6 7 9 9 . 9 9 . 9 1 9 6 3 10 10 . 10 10 . 10 9 10 9 9 1 9 1 9 1 1 5 5 7 1 7 1 . 5 2 3 8 8 . . . . . . . 8 . 2 5157
0 0 5 0 5 6 8 8 1 5 3 5 1 10 2 9 1 1 4 4 2 9 7 8 15 9 1 4 4 6 3 3 1 1 5 5 1 5 1 2 1 8 7 9 6 9 9 1 1 9 9 3 6 2 10 9 10 10 9 9 10 10 9 9 9 1 9 1 9 1 1 2 3 7 1 7 1 6 5 2 8 9 8 . . . . . 2 26 4 . 2 10000
1 0 3 1 5 4 8 2 2 1 1 1 9 10 2 9 1 1 5 5 9 9 2 3 15 9 1 4 5 7 3 2 2 1 2 5 1 5 1 2 1 6 3 9 9 9 8 1 2 6 1 2 6 3 10 10 10 9 9 9 9 9 9 9 9 4 9 1 9 1 1 2 3 2 1 2 1 6 5 2 3 8 8 . . . . . 4 24 1 . 2 9000
0 1 3 1 5 1 8 5 3 8 1 8 9 11 6 1 5 5 1 1 9 9 7 8 15 9 1 4 5 7 . 2 1 . 2 . 1 5 1 2 1 6 1 9 9 9 9 1 . 9 1 2 2 4 10 10 10 10 9 . 10 9 9 9 9 2 9 1 9 1 1 1 1 . . . . . 5 2 3 8 8 . . . . . 4 11 1 . 2 .
0 1 1 2 6 1 8 5 5 8 1 8 9 11 2 9 4 4 1 1 9 9 8 7 15 9 6 5 6 5 5 2 4 2 6 . 1 1 1 7 2 7 1 1 9 1 1 1 3 9 1 1 2 5 3 10 3 3 3 9 10 9 3 9 9 4 9 1 9 4 2 1 1 7 4 7 4 . 2 2 11 3 8 . . . . . 6 . 4 1 2 110000
0 0 5 0 5 4 8 5 5 8 1 8 9 11 3 9 4 3 1 1 2 9 12 5 15 9 4 4 5 6 5 3 2 1 2 . 6 1 1 1 1 8 7 9 9 9 9 1 1 9 9 3 9 5 10 10 10 10 3 9 10 10 9 10 9 4 9 1 9 1 1 1 1 7 1 . . 4 5 2 11 8 8 . . . . . 2 13 6 . 2 1300
3 1 2 0 4 6 8 7 6 10 1 10 9 11 2 9 1 1 1 1 4 2 12 5 11 5 4 3 5 7 4 3 2 1 6 1 1 1 1 1 1 6 5 9 6 9 9 1 1 2 1 2 9 2 10 9 10 10 9 9 9 9 9 10 9 4 9 1 9 2 3 1 1 7 1 7 . 6 5 2 8 1 8 . . . . . 4 11 4 . 2 42100
0 4 6 0 0 2 8 1 1 6 2 6 1 10 1 9 1 1 1 1 1 9 12 5 15 9 3 1 1 2 1 2 1 1 5 2 1 1 1 1 1 2 6 9 9 6 9 1 1 6 1 2 9 9 10 10 9 10 9 9 9 9 9 10 10 1 9 1 9 1 1 9 9 1 9 5 1 5 2 2 11 2 10 3 2 11 8 5 . . 4 . 2 800
3 2 5 0 0 4 1 7 2 12 2 12 3 9 4 9 1 1 1 1 4 2 12 5 11 5 4 1 1 7 . 3 2 . 5 4 1 1 1 1 1 2 5 9 6 . 9 1 1 6 1 2 9 9 10 9 . 10 9 9 9 9 9 10 10 4 9 1 9 4 2 1 1 . . 7 4 2 5 1 3 8 3 . . . . . . . 7 . 2 1000
4 3 3 0 0 6 8 8 5 9 1 8 9 11 2 9 6 3 1 1 9 9 7 8 15 9 4 1 1 2 . 3 1 1 5 3 1 1 1 1 1 1 1 9 9 . 6 9 . 4 1 2 9 9 10 10 . 9 10 . 9 9 9 10 10 2 9 1 9 1 1 1 2 1 9 1 9 . 2 2 11 2 8 2 1 11 2 9 2 12 1 . 1 4000
3 2 0 0 5 3 8 8 2 9 1 10 9 11 1 9 1 1 1 1 6 9 7 8 15 9 5 6 6 3 3 3 1 1 5 . 1 1 1 1 1 7 4 9 9 1 6 9 2 6 1 9 9 2 10 10 9 9 10 9 9 9 10 10 9 1 9 1 9 1 1 1 2 7 1 1 9 . 2 2 11 2 8 . . . . . 2 13 6 . 1 200
1 9 0 0 0 6 8 8 3 2 2 2 9 11 1 9 1 1 1 1 1 9 8 7 15 9 4 1 1 1 . 3 1 . . . 1 . 1 4 1 3 6 9 9 6 9 9 . 6 1 9 1 9 10 10 9 10 10 . 9 9 10 9 10 1 9 1 9 2 2 7 5 1 9 1 9 . 2 2 11 4 5 . . . . . 3 13 5 . 2 4700
1 4 1 0 4 4 8 2 2 9 1 8 9 11 2 9 6 4 1 1 9 9 7 8 15 9 6 3 6 3 2 3 2 1 5 2 1 1 1 4 1 8 1 9 9 6 6 1 3 6 1 4 1 5 10 10 9 9 9 9 9 9 9 9 9 1 9 1 9 2 2 5 5 7 1 7 1 3 2 1 3 2 9 2 2 11 4 5 4 59 1 . 1 1400
2 2 2 0 4 3 8 8 2 5 3 5 9 11 2 9 1 1 6 4 9 9 7 8 15 9 1 3 6 7 5 4 3 2 5 3 1 . 1 1 1 6 3 9 6 6 6 1 1 6 1 2 9 5 10 9 9 9 9 9 9 9 9 10 9 1 9 1 9 1 1 2 4 . . 7 1 1 5 2 2 8 4 2 2 2 4 8 5 59 1 . 2 19000
2 1 0 3 4 3 8 7 4 5 3 5 1 10 3 9 1 1 5 4 9 9 7 8 15 9 5 6 6 3 4 3 1 1 5 3 1 1 1 3 1 7 3 1 6 1 6 9 1 6 1 9 4 2 3 9 9 9 10 9 9 9 10 9 9 1 9 1 9 2 2 7 5 . . 2 1 3 2 2 11 2 9 . . . . . 2 59 4 . 2 50000
1 2 1 1 5 6 8 7 2 9 2 2 9 11 1 9 1 1 1 1 2 9 10 1 15 9 4 3 6 6 5 3 1 . 1 . 1 1 1 7 2 6 6 9 6 8 6 . 1 2 1 1 3 2 10 9 9 9 . 9 1 9 9 9 9 2 9 1 9 1 1 6 5 6 4 5 1 . 5 2 1 9 8 . . . . . 8 49 1 . 1 .
0 1 1 0 8 6 8 5 3 10 1 10 9 11 . . 1 1 1 1 1 9 8 7 15 9 4 3 6 7 . 2 1 4 2 . 1 . 1 2 1 6 6 9 6 . 8 . . 9 1 1 . 1 10 9 . 9 . . 10 9 9 . 9 1 9 1 9 1 1 6 5 7 1 7 1 . 5 2 3 9 8 . . . . . 8 . 8 . 2 .
0 1 1 2 6 2 8 7 1 2 2 2 9 11 4 9 1 1 1 1 1 9 12 5 15 9 4 3 6 8 . 4 2 2 1 . 1 1 1 2 1 6 6 9 9 1 5 . 1 5 1 2 3 1 10 10 9 9 . 9 9 9 9 9 9 5 9 1 9 1 1 6 5 5 1 5 1 . 5 3 8 8 8 . . . . . 8 39 . . 2 .
4 1 2 0 3 6 8 7 6 11 2 11 1 10 3 9 1 1 1 1 6 9 1 3 1 1 5 3 5 7 1 3 1 . . . 1 . 1 1 1 1 4 . . . . . . . . . . . . . . . . . . . . . . . . . . . . . . . . . . . . . . . . . . . . . 2 . . . 2 3000
2 2 2 0 4 2 8 2 2 9 2 2 9 6 3 9 1 1 1 1 6 9 1 3 1 1 5 3 5 5 1 2 1 2 2 2 1 1 1 1 1 6 4 9 6 9 6 1 1 5 1 2 9 3 10 9 10 9 9 9 9 9 9 10 9 1 9 1 9 1 1 7 5 . . . . 6 5 2 10 8 8 . . . . . 2 59 4 . 1 600
0 2 3 0 5 6 8 1 1 2 1 8 3 9 . . 6 4 1 1 9 9 . . . . . 3 5 7 . 2 1 . . . 1 . 1 1 1 6 1 9 8 9 8 1 1 . 1 2 9 4 10 9 10 9 9 9 . 9 9 10 9 1 9 1 9 1 1 6 5 . . . . . 2 4 . . 8 . . . . . 2 59 7 . 1 240
1 2 1 0 6 2 8 4 6 9 2 6 9 11 3 9 1 1 1 1 2 9 1 3 1 1 5 3 5 5 1 2 1 1 1 6 1 1 1 2 1 6 6 9 1 9 6 1 1 5 1 1 6 5 10 9 10 9 9 9 9 9 9 9 9 1 9 1 9 1 1 9 9 1 9 7 1 3 3 2 3 9 8 . . . . . 1 99 4 . 1 12600
1 1 2 1 5 6 8 7 1 12 2 12 3 9 1 9 1 1 1 1 2 9 8 7 15 9 4 4 4 5 5 3 1 1 1 . 1 1 1 2 1 6 6 9 6 . 6 1 . 6 1 1 . 5 10 9 . 9 9 . 9 9 9 . 9 1 9 1 9 1 1 1 1 . . . . . 5 4 10 9 8 . . . . . 2 11 8 . 2 1500
1 6 3 0 0 6 8 2 2 10 1 10 2 6 4 9 1 1 1 1 1 9 7 8 15 9 3 1 1 1 2 2 1 2 2 . 1 1 1 1 1 3 6 9 9 6 9 . . 6 1 2 9 9 10 10 9 10 . . 9 9 9 10 10 1 9 1 9 1 1 7 5 1 9 1 9 2 1 2 11 5 5 2 2 11 4 8 2 59 7 . 2 2000
2 6 1 1 0 1 8 2 2 9 2 6 9 11 3 9 1 1 1 1 1 9 7 8 15 9 3 1 1 1 . 2 1 1 2 6 1 . 1 4 1 3 6 9 6 6 6 1 . 5 1 1 4 9 10 9 9 9 9 . 9 9 9 9 10 4 9 1 9 4 3 1 1 1 9 . . 2 5 2 11 6 7 . . . . . 2 11 1 . 1 5000
0 2 3 0 5 6 8 7 2 9 1 10 2 6 1 9 1 1 1 1 6 9 1 3 15 9 5 3 5 7 1 4 1 1 2 . 1 . 1 1 1 6 4 9 9 9 4 1 1 . 1 1 9 3 10 10 10 9 9 9 . 9 9 10 9 1 9 1 9 1 1 7 5 . . . . . 3 2 11 9 8 . . . . . 2 59 1 . 1 250
4 6 0 0 0 6 8 4 6 2 2 2 9 11 1 9 1 1 1 1 1 9 10 1 15 9 4 1 1 1 1 2 1 1 . . 1 1 1 1 1 3 6 9 9 . 6 9 5 5 1 9 9 9 10 10 . 9 10 9 9 9 10 10 10 1 9 1 9 1 1 9 9 1 9 1 9 6 5 2 11 1 8 . . . . . 1 99 1 . 2 100
1 1 2 1 5 1 8 7 5 8 1 8 9 11 6 2 4 4 1 1 9 9 7 8 15 9 6 3 5 7 2 3 1 2 2 5 6 1 1 3 1 6 1 1 9 . 6 8 . 5 1 2 1 5 3 10 . 9 9 . 9 9 9 9 9 2 9 3 9 1 1 1 1 1 9 7 4 6 5 2 4 8 8 . . . . . 2 11 5 . 2 850000
0 1 2 0 7 1 8 7 5 7 1 1 9 10 3 9 4 3 4 4 9 9 1 3 2 2 2 3 5 7 7 4 3 2 6 2 1 3 1 3 1 6 2 1 1 . 6 . . 9 1 1 . 3 3 3 . 9 . . 10 9 9 . 9 4 9 1 9 2 2 6 5 3 4 3 4 2 6 2 9 8 8 . . . . . 6 49 7 2 1 .
1 2 1 2 4 3 2 5 5 9 1 10 9 1 3 9 1 1 1 1 4 2 7 8 15 9 4 5 6 3 2 2 4 2 . . 1 . 1 7 2 7 5 1 9 1 6 1 3 5 1 2 1 5 3 10 9 9 9 9 9 9 9 9 9 4 9 1 9 4 3 1 1 7 2 7 2 . 2 2 2 4 8 5 2 . 8 8 6 13 6 . 1 67200
2 0 0 2 6 2 3 8 2 8 1 8 9 11 5 9 3 3 1 1 9 9 8 7 15 9 5 5 6 7 3 4 2 . . . 6 . 1 7 1 7 1 1 . 1 . . . 4 1 9 1 2 3 . 3 . . . 9 9 10 9 9 2 9 2 9 4 2 1 2 6 4 6 4 . 6 2 9 7 9 . . . . . 2 12 4 1 2 225000
1 3 1 5 0 4 1 2 2 9 1 8 9 11 6 1 4 4 1 1 9 9 1 3 15 9 5 1 1 1 3 2 2 1 8 3 1 2 1 7 2 4 1 1 9 5 6 9 3 6 1 1 3 9 9 10 9 9 10 9 9 9 9 9 10 2 9 1 9 1 1 1 1 1 9 7 4 4 2 2 11 2 7 . . . . . 4 11 8 . 1 2500
1 2 1 1 5 5 8 8 5 10 1 10 9 1 6 1 5 3 1 1 4 9 12 5 15 9 4 3 5 5 4 4 2 1 6 5 5 1 1 3 1 6 7 1 1 8 6 9 2 6 1 2 . 3 3 9 9 9 10 9 9 9 9 . 9 1 9 1 9 4 2 9 9 1 9 7 1 4 2 2 9 4 8 . . . . . 4 13 8 2 2 530000
1 2 1 0 6 1 2 5 5 10 1 10 2 6 3 9 4 4 1 1 9 9 8 7 15 9 2 3 6 5 3 3 3 3 8 5 5 2 1 1 1 6 1 1 1 9 6 1 1 5 1 5 9 5 3 9 10 9 9 9 9 9 9 10 9 4 9 1 9 2 2 1 2 6 4 6 4 4 2 2 9 4 8 . . . . . 5 11 4 1 2 2000000
0 0 1 5 4 1 8 7 5 9 2 12 3 9 6 1 4 4 1 1 9 9 7 8 15 9 2 3 6 2 . 3 1 4 . 5 1 2 1 7 2 4 1 9 9 . 9 9 . 6 1 2 2 4 10 10 . 10 10 . 9 9 9 9 9 1 9 3 9 1 1 9 9 7 1 7 1 . 2 2 2 4 8 2 2 11 2 8 3 99 6 2 1 430000
0 0 0 3 7 7 8 1 1 7 1 8 9 11 3 9 3 3 1 1 2 9 7 8 15 9 2 5 6 7 7 3 3 4 . . 2 . 3 7 2 7 7 1 . . . . . . 1 9 2 2 3 . . . . . . 9 10 9 9 5 4 2 9 4 2 3 5 7 1 7 1 . 2 2 9 4 8 . . . . . . . 8 . 1 1000000
0 0 2 3 5 1 8 2 2 8 1 8 2 6 3 9 3 1 1 1 9 9 10 1 15 9 5 5 6 7 7 3 4 4 . 3 5 . 1 7 2 7 1 1 1 6 6 1 3 9 1 1 . 2 3 3 3 3 3 9 10 3 3 . 9 5 3 2 9 4 2 1 2 4 1 4 1 3 3 2 11 1 7 6 2 9 7 9 5 13 6 . 2 400000
0 0 0 3 7 1 8 7 2 8 1 8 9 11 1 9 4 1 1 1 9 9 10 1 15 9 2 6 4 8 6 4 2 4 4 . 5 . 1 7 2 7 1 9 6 1 6 9 . 9 9 9 1 1 10 9 3 9 10 . 10 10 10 9 9 2 9 . . 4 2 9 9 4 1 4 1 1 5 2 1 7 9 . . . . . 4 69 4 . 2 3800
0 1 1 3 5 1 8 8 2 8 1 8 2 6 6 1 4 3 1 1 9 9 13 2 15 9 . 5 6 7 7 3 2 4 . 3 2 1 3 7 2 7 1 1 3 1 3 1 1 9 1 1 3 1 3 9 3 9 9 9 10 9 9 9 9 2 9 2 3 1 1 9 9 7 1 7 1 3 6 2 1 7 9 . . . . . 4 69 5 . 2 400000
0 0 2 2 6 7 8 1 1 6 2 6 9 11 3 9 1 1 1 1 1 9 10 1 15 9 2 5 6 7 8 3 5 1 5 . 1 1 3 7 2 7 6 1 . 1 . 1 1 . . . . . 3 . 3 . 9 3 . . . . . 5 9 1 9 4 3 . . 5 1 5 1 . 5 3 1 . . 6 . . . . 6 49 2 . 2 .
1 0 3 2 4 6 8 1 1 6 2 6 9 11 1 9 1 1 1 1 2 9 . . . . 3 5 5 7 3 2 1 4 . . 1 1 3 7 2 7 6 1 9 1 9 1 1 1 1 1 3 1 9 10 9 10 9 9 9 9 9 9 9 1 9 1 9 1 1 9 9 5 1 5 1 3 5 3 1 8 8 . . . . . . . . . 2 188
0 1 0 4 5 7 8 6 1 10 1 10 2 6 3 9 1 1 1 1 2 9 7 8 15 9 3 5 5 5 8 2 3 4 8 . 1 1 3 7 2 7 6 1 . . . . 1 9 1 . 2 2 3 . . . . 9 10 9 . 9 9 5 9 1 9 1 1 . . 7 2 7 2 2 5 2 1 8 8 . . . . . 6 49 8 . 2 2963000
1 1 1 0 7 2 3 4 4 9 2 3 1 10 3 9 1 1 4 4 2 9 1 3 1 1 5 3 6 4 3 3 3 3 . 3 1 3 1 3 1 6 7 1 9 8 6 8 3 5 1 2 . 5 3 10 9 9 9 9 9 9 9 . 9 4 9 1 9 2 2 2 4 3 4 3 2 1 2 2 2 4 8 . . . . . 6 25 6 1 1 100000
0 0 0 3 7 7 8 6 1 10 1 10 2 6 3 9 1 1 1 1 2 9 12 5 15 9 3 5 6 7 8 2 4 4 8 . 1 1 3 7 2 7 6 1 7 7 7 8 1 9 1 9 6 4 3 4 4 4 9 3 10 9 10 9 9 5 9 1 9 1 1 . . 7 1 7 1 . 5 2 . . . . . . . . 6 49 . . 2 8800000
0 0 0 3 7 1 7 2 2 6 2 6 1 10 1 9 1 1 1 1 2 9 . . . . 3 5 6 7 . . . 4 . . 10 . 3 7 2 7 6 1 6 . 8 . 9 . 9 . . . 3 9 . 9 . 10 . 10 . . . . . . . . . . . . . . . . 5 3 1 7 9 . . . . . . . 8 . 2 135000
0 2 1 3 4 1 2 7 2 8 1 8 9 11 3 9 5 1 1 1 9 9 10 1 7 4 3 5 6 7 7 3 3 4 . 3 2 1 3 7 2 7 1 1 5 1 1 1 1 9 1 1 2 1 3 9 3 3 3 3 10 3 9 9 9 4 9 1 9 4 3 3 5 7 4 7 4 2 5 2 1 7 2 . . . . . 6 . 4 . 2 .
0 0 0 5 5 1 7 7 2 8 1 8 9 11 3 9 5 1 1 1 9 9 10 1 7 4 2 6 6 3 3 3 2 4 . . 10 1 3 7 2 8 1 1 8 6 8 . 2 9 9 9 2 2 3 9 9 9 . 9 10 10 10 9 9 2 9 2 9 3 2 1 1 7 4 7 4 2 6 3 9 7 9 2 3 1 7 8 4 11 4 . 2 500000
0 1 0 8 1 1 7 6 1 8 1 8 2 6 3 9 4 3 1 1 2 9 7 8 15 9 6 2 . 2 1 3 4 . . . 1 1 3 7 2 4 7 1 9 1 9 9 2 9 1 9 3 1 3 10 9 10 10 9 10 9 10 9 9 4 9 1 9 4 2 1 1 7 1 7 1 . 2 2 6 4 6 . . . . . 5 11 8 . 2 .
0 2 3 5 0 2 8 6 5 9 2 12 3 9 3 9 1 1 1 1 1 9 10 1 15 9 3 1 1 1 1 3 1 3 5 2 1 1 1 5 1 4 6 1 9 6 8 8 3 6 1 1 2 9 3 10 9 9 9 9 9 9 9 9 10 2 9 1 9 2 2 5 5 1 9 7 1 6 2 2 5 4 5 2 2 11 4 8 2 59 1 . 1 9000
0 0 1 2 7 1 5 8 1 8 1 8 9 11 6 1 4 4 1 1 9 9 1 3 15 9 5 5 6 7 . 4 . . . . 1 . 3 7 1 7 1 1 8 . 8 . . 6 9 6 2 2 3 9 . 9 . . 9 10 9 9 9 2 9 1 9 2 2 6 5 7 3 7 3 . 5 2 9 . 3 . . . . . 8 49 4 . 2 .
0 1 0 3 6 1 8 7 2 8 1 8 9 11 4 9 4 4 1 1 9 9 7 8 15 9 4 5 6 5 3 3 2 3 2 1 1 1 3 7 2 7 1 9 6 8 9 9 1 6 1 9 4 4 10 9 9 10 10 9 9 9 10 9 9 2 9 . . 4 2 1 1 7 1 7 1 6 5 2 7 8 8 5 4 7 8 8 8 11 4 . 2 25800
0 1 0 3 6 1 8 8 6 8 1 8 9 11 2 9 4 3 1 1 2 9 7 8 15 9 4 . . . . . . . . . . . . . . 9 7 . . . . . . . . . . . . . . . . . . . . . . . . . . . . . . . . . . . . . . . . . . . . . 6 13 . . 2 .
2 1 0 2 5 1 8 8 3 8 1 8 9 11 6 1 5 5 1 1 9 9 1 3 1 1 5 3 6 7 2 3 2 3 . 2 1 5 1 3 1 6 1 9 9 . 9 1 3 5 1 1 2 3 10 10 . 10 9 9 9 9 9 9 9 2 9 4 9 1 1 1 1 1 9 1 9 6 5 2 2 8 8 . . . . . 4 13 4 . 2 11500
0 0 2 2 6 3 8 7 5 8 1 8 9 11 5 9 4 3 2 2 9 9 1 3 1 1 5 6 6 7 3 4 2 2 6 2 4 1 1 7 2 7 2 1 6 1 9 1 1 9 1 2 1 3 3 9 9 10 9 9 10 9 9 9 9 4 9 1 9 4 2 6 5 7 1 5 1 6 5 3 7 8 8 . . . . . 4 49 6 . 2 170000
0 0 0 2 8 7 8 1 1 9 2 6 1 10 1 9 1 1 1 1 2 9 10 1 15 9 4 6 6 7 8 2 4 1 . . 1 1 3 7 1 7 6 1 6 . 1 1 1 9 1 1 1 2 3 9 . 3 9 3 10 3 3 9 9 5 9 1 9 3 2 3 5 5 1 5 1 3 5 4 3 8 8 . . . . . 6 39 4 . 1 .
4 3 3 0 0 6 8 2 2 9 1 10 9 11 4 9 1 1 1 1 1 9 8 7 15 9 4 1 1 1 1 2 1 3 2 5 1 1 1 1 1 1 6 9 9 9 9 9 6 3 1 1 9 9 10 10 10 10 10 9 9 9 9 10 10 1 9 1 9 1 1 1 1 1 9 5 1 3 5 2 11 6 8 . . . . . 1 99 4 . 1 2000
0 2 1 1 6 1 8 1 1 2 2 2 9 11 3 9 1 1 1 1 2 4 7 8 15 9 4 6 6 6 3 3 1 1 . . 1 4 1 2 1 7 6 1 6 9 3 . . . . 5 . 5 3 9 10 9 . . . . 9 . 9 2 9 1 9 4 2 9 9 5 4 5 4 6 5 4 7 9 8 . . . . . 1 99 6 . 2 130000
0 0 0 3 7 3 8 7 2 8 1 8 3 9 2 9 5 5 1 1 9 9 10 1 7 4 4 6 6 7 4 4 4 1 . 3 1 1 3 7 1 7 1 1 1 9 8 9 1 1 9 9 3 1 3 3 10 3 10 9 10 10 10 9 9 5 9 4 9 1 1 6 5 7 1 7 1 5 6 2 3 8 8 . . . . . 6 59 4 . 2 1000000
0 0 0 3 7 1 8 8 6 5 3 5 9 11 2 9 1 1 3 3 9 9 6 4 5 2 4 3 6 6 . 4 2 . . . 10 1 1 7 1 6 3 1 8 . 8 8 . . 1 . 2 3 3 9 . 9 9 . . 9 . 9 9 4 9 3 9 4 2 2 4 1 9 . . . 5 2 3 8 8 . . . . . 4 26 5 . 2 82000
5 3 2 0 0 1 2 7 6 12 2 12 3 9 3 9 1 1 5 5 9 9 12 5 11 5 5 1 1 1 3 3 1 2 2 . 1 4 1 1 1 1 3 9 9 . 9 1 . 6 1 3 9 9 10 10 . 10 9 . 9 9 9 10 10 1 9 1 9 1 1 1 1 1 9 . . 1 . . . . . . . . . . 2 . 5 . 2 1000
2 1 0 1 6 6 8 4 6 8 1 8 9 11 2 9 6 3 1 1 9 9 8 7 15 9 6 4 5 6 . 2 1 1 . 4 1 1 1 2 1 6 1 9 9 9 . . . 1 1 9 6 2 10 10 10 . . . 9 9 10 9 9 1 9 1 9 1 1 9 9 7 1 7 1 1 5 3 . 8 8 . . . . . 1 99 3 . 2 .
0 0 4 1 5 6 8 8 1 2 2 2 9 11 2 9 1 1 4 4 2 9 1 3 15 9 5 4 4 6 3 3 2 1 2 1 1 1 1 2 1 6 7 9 9 9 9 1 1 9 9 2 . 2 10 10 10 10 9 9 10 10 9 . 9 4 9 1 9 1 1 2 4 3 2 3 2 6 5 2 8 9 8 . . . . . 8 99 5 . 2 900
1 1 2 1 5 1 8 4 4 2 2 2 9 11 4 9 1 1 4 4 2 9 7 8 15 9 5 4 5 6 3 3 1 1 2 5 1 5 1 2 1 6 7 9 9 9 6 1 1 5 1 2 6 5 10 10 10 9 9 9 9 9 9 9 9 4 2 1 9 1 1 2 3 . . . . 4 5 2 11 1 8 5 4 3 8 8 2 24 3 . 2 .
1 0 1 1 7 5 1 2 2 8 1 8 9 11 2 9 4 4 6 6 9 9 7 8 15 9 5 4 5 7 2 3 1 1 2 5 4 5 1 2 1 6 2 9 9 . 9 8 . . . . 1 . 10 10 . 10 9 . . . . 9 . 2 9 1 9 1 1 9 9 1 9 6 4 2 5 2 3 8 8 5 3 3 8 8 . . . . 2 .
0 0 4 1 5 4 8 1 1 8 1 8 9 11 2 9 4 1 4 3 2 9 7 8 15 9 4 4 4 7 3 3 2 2 2 2 1 1 1 2 1 6 7 9 9 9 9 1 1 2 9 3 4 6 10 10 10 10 9 9 9 10 9 9 9 1 9 1 9 1 1 1 1 . . . . 6 5 2 . 8 8 . . . . . 2 11 4 . 2 500
0 0 4 1 5 6 8 3 7 9 1 10 2 6 3 9 1 1 1 1 1 9 1 3 1 1 4 4 4 5 2 2 2 1 2 1 5 1 1 2 1 6 6 9 9 8 9 1 2 6 1 2 6 2 10 10 9 10 3 9 9 9 9 9 9 4 5 1 9 1 1 1 1 4 4 4 . 6 5 3 8 8 8 . . . . . 4 11 4 . 1 1800
0 1 0 3 6 1 8 5 5 8 1 8 2 6 6 1 4 4 1 1 9 9 7 8 15 9 6 6 6 5 5 2 2 1 8 3 6 5 1 7 2 7 1 1 9 8 9 9 2 9 1 9 3 3 3 10 9 10 10 9 10 9 10 9 9 4 9 1 9 1 1 1 1 7 4 7 4 3 2 2 7 4 8 . . . . . 4 39 2 . 2 237000
1 4 5 0 0 2 8 8 1 5 3 5 9 11 2 9 1 1 6 6 9 9 6 4 5 2 1 1 1 2 2 2 1 1 5 3 1 . 1 1 1 2 3 9 9 6 9 1 1 6 1 4 9 9 10 10 9 10 9 9 9 9 9 10 10 1 9 1 9 1 1 9 9 . . 7 1 6 2 2 11 4 9 5 2 11 8 8 1 99 5 . 2 300
0 0 0 3 7 1 8 5 5 8 1 8 9 11 6 1 4 4 1 1 9 9 7 8 15 9 6 5 6 7 4 3 1 3 6 3 7 5 1 7 2 7 1 1 9 1 6 9 3 9 1 9 1 5 3 10 9 3 10 9 10 9 10 9 9 2 9 1 9 1 1 2 4 7 4 7 4 . 5 2 . 7 9 2 2 2 4 8 2 69 5 2 2 1026300
4 1 5 0 0 1 8 7 6 12 2 12 3 9 4 9 1 1 1 1 1 9 7 8 15 9 4 1 1 7 1 3 1 1 5 4 1 1 1 1 1 2 6 9 9 2 9 1 1 5 1 2 9 9 10 10 9 10 9 9 9 9 9 10 10 2 9 1 9 2 3 5 5 . . 5 1 . 5 1 3 8 3 . . . . . 1 99 5 . 2 700
4 3 3 0 0 4 1 7 3 9 1 10 9 11 4 9 1 1 1 1 1 9 7 8 15 9 3 1 1 2 2 2 1 1 5 2 1 1 1 1 1 1 6 9 9 1 9 1 1 6 1 1 9 9 10 10 9 10 9 9 9 9 9 10 10 2 9 1 9 1 1 1 1 7 4 7 1 2 5 1 11 9 9 2 1 11 4 9 2 11 4 . 1 .
3 2 5 0 0 3 8 6 6 10 1 10 9 11 3 9 1 1 1 1 1 9 7 8 15 9 4 1 1 2 2 2 1 3 5 2 1 1 1 1 1 2 6 9 9 6 6 1 . 6 1 2 9 9 10 10 9 9 9 . 9 9 9 10 10 1 9 1 9 1 1 1 1 1 9 6 . 3 3 2 11 8 7 2 2 11 4 7 . . 5 . 2 660
2 8 0 0 0 3 8 5 3 10 1 10 9 11 4 9 1 1 5 4 9 9 8 7 15 9 1 2 2 2 . 2 2 1 5 2 1 . 1 4 1 3 3 9 9 6 9 9 6 6 1 9 1 . 10 10 9 10 10 9 9 9 10 9 . 1 9 1 9 1 1 5 5 1 9 3 1 . 2 2 11 4 5 . . . . . 4 59 5 . 2 1800
2 3 1 0 4 4 8 5 3 8 1 8 2 6 . . 4 4 1 1 9 9 8 7 15 9 6 3 6 3 5 3 2 3 5 . 1 . 1 1 1 6 1 9 6 6 6 8 6 6 1 . 9 6 10 9 9 9 9 9 9 9 . 10 9 1 9 1 9 3 2 1 1 . . . . . 5 2 7 . 7 . . . . . 4 13 . . 2 6000
2 4 2 0 2 2 8 2 2 9 2 2 9 11 3 9 1 1 1 1 1 9 8 7 15 9 3 . . . . . . . . . . . . . . 3 6 . . . . . . . . . . . . . . . . . . . . . . 1 9 1 9 1 1 . . 7 1 7 1 . 5 2 . . . 2 2 11 4 . 4 . . . 1 300
1 1 0 0 8 6 8 8 1 5 3 5 9 11 2 9 1 1 5 3 9 9 8 7 15 9 1 6 6 7 6 4 1 1 8 . 1 1 1 3 1 7 3 9 1 . 6 9 . 9 1 9 . 2 10 9 . 9 10 . 10 9 10 . 9 1 9 1 9 1 1 6 5 3 . 5 1 . 5 2 9 7 9 . . . . . 2 69 5 . 2 1700
2 2 6 0 0 1 8 7 1 10 1 10 9 11 3 9 1 1 1 1 1 9 8 7 15 9 4 1 1 2 . 3 1 . . . 1 1 1 1 1 2 6 9 9 . 6 9 1 . 1 . 9 9 10 10 . 9 10 9 . 9 . 10 10 1 9 1 9 1 1 . . 1 9 1 9 . 5 2 11 1 8 . . . . . 2 . . . 2 200
1 1 1 1 6 6 8 . . 10 1 10 9 11 . . 1 1 1 1 1 9 8 7 15 9 4 3 6 7 7 3 2 . . . 1 1 1 4 1 6 6 9 6 . 6 . 1 6 1 1 3 2 10 9 . 9 . 9 9 9 9 9 9 . . 1 9 3 2 . . . . . . . 5 2 3 9 8 . . . . . 6 11 8 . 2 100000
1 2 1 0 6 6 8 1 1 9 2 6 1 10 1 9 1 1 1 1 2 9 12 5 15 9 4 3 4 5 2 2 1 2 . . 1 1 1 1 1 6 6 9 9 . 6 1 . . 1 1 9 4 10 10 . 2 9 . . 9 9 10 9 1 9 1 9 1 1 . . 7 4 . . . 2 4 10 4 8 . . . . . . . 5 . 1 5000
0 1 1 0 8 6 2 7 2 11 2 11 1 10 3 9 1 1 1 1 1 9 10 1 8 1 5 3 5 5 5 2 1 1 . 3 1 1 1 1 1 6 6 9 9 9 6 9 2 5 1 2 9 3 10 10 10 10 9 9 9 9 10 9 9 1 9 1 9 1 1 6 5 1 9 5 1 4 5 2 2 8 8 . . . . . . . . . 2 1300
1 3 2 0 4 2 8 7 2 9 3 9 9 11 3 9 1 1 1 1 1 9 1 3 1 1 5 3 5 3 2 3 1 1 2 3 1 1 1 1 1 6 6 9 9 9 6 1 1 5 1 1 9 2 10 10 10 9 9 9 9 9 9 10 9 1 9 1 9 1 1 7 5 1 9 7 4 3 5 2 8 8 8 . . . . . 2 11 . . 2 5000
2 3 3 0 2 6 8 2 2 2 2 2 9 11 3 9 1 1 1 1 1 9 . . . . . 3 4 2 2 2 1 . . . 1 . 1 1 1 8 6 9 9 . . 9 . . 1 3 9 5 10 10 . . 10 . . 9 9 10 9 1 9 1 9 1 1 . . . . . . . 5 2 11 6 8 . . . . . 2 . . . 2 50000
0 5 1 0 4 2 8 1 1 9 1 8 9 11 6 1 3 3 1 1 9 9 8 7 15 9 . 3 5 7 1 2 1 1 2 4 1 1 1 1 1 3 1 9 9 8 6 1 2 . 1 2 9 5 10 10 9 2 9 9 . 9 9 10 9 1 9 1 9 1 1 6 5 1 9 1 9 6 3 2 11 9 8 . . . . . 2 49 5 . 1 1000
1 1 2 0 6 3 2 4 6 9 2 12 3 9 1 9 1 1 1 1 1 9 8 7 15 9 4 3 6 7 3 2 1 2 . . 1 1 1 1 1 6 6 9 6 . 6 . . 5 1 1 9 3 10 9 . 9 . . 9 9 9 10 9 1 9 1 9 . . 7 5 . . 5 1 . 5 2 3 4 8 5 2 3 8 8 . . 1 . 1 2000
2 7 1 0 0 4 1 7 2 10 1 10 9 11 3 9 1 1 1 1 1 9 10 1 15 9 . 1 1 1 2 3 1 2 5 4 1 1 1 4 1 3 6 1 6 6 8 9 6 4 1 . 1 9 9 9 9 9 10 9 9 9 . 9 10 1 9 1 9 2 3 1 1 1 9 . . 3 1 2 11 5 5 . . . . . 2 11 4 . 2 1400
0 4 3 1 2 6 8 7 2 9 3 9 9 11 . . 1 1 1 1 1 9 8 7 15 9 4 3 5 1 . 3 2 . 2 5 1 1 1 4 1 3 6 9 6 1 6 . . 4 1 2 1 5 10 9 9 9 . . 9 9 9 9 9 4 9 1 9 3 3 . . . . 7 4 6 5 2 2 8 8 . . . . . 4 . 1 . 2 150
4 3 1 0 2 6 8 2 2 12 2 12 3 9 3 9 1 1 1 1 1 9 1 3 1 1 5 3 5 2 1 3 1 1 . 5 1 1 1 1 1 1 6 9 8 9 9 9 1 5 1 2 9 2 10 9 10 10 10 9 9 9 9 10 9 1 9 1 9 1 1 7 5 1 9 1 9 1 2 2 11 3 8 1 2 11 5 8 2 59 5 . 2 .
2 3 1 0 4 2 8 7 1 5 3 5 9 11 2 9 1 1 6 6 9 9 8 7 15 9 1 3 5 2 3 4 1 1 2 3 1 2 1 2 1 6 3 9 9 9 9 9 2 5 1 2 6 5 10 10 10 10 10 9 9 9 9 9 9 1 9 1 9 1 1 . . 1 9 5 1 3 5 2 8 9 8 . . . . . 1 99 2 . 2 300
1 1 2 0 6 1 8 8 5 8 1 8 9 1 6 2 4 4 2 2 9 9 7 8 15 9 1 3 5 6 . 4 3 2 . 2 5 2 1 3 1 6 2 1 1 9 6 1 1 6 1 2 9 5 3 9 10 9 9 9 9 9 9 10 9 1 9 3 9 2 2 1 2 6 4 6 4 6 5 2 3 8 8 . . . . . 4 12 . . 2 1000000
1 1 0 1 7 1 8 7 5 9 1 8 9 1 2 9 3 3 3 3 9 9 1 3 3 3 5 3 5 7 7 4 1 1 . 5 1 . 1 7 1 6 2 . . . . 9 1 4 1 9 1 3 . . . . 10 9 9 9 10 9 9 1 9 1 9 2 2 2 4 7 . 3 1 . 5 2 3 8 8 . . . . . . . . . 1 20000
0 1 1 3 5 1 8 8 4 8 1 8 9 11 6 1 4 3 1 1 9 9 12 5 15 9 6 3 6 7 . 2 3 . 8 5 6 3 1 7 2 6 1 1 9 9 6 1 1 6 1 1 1 5 3 10 10 9 9 9 9 9 9 9 9 4 9 1 9 1 1 1 2 1 9 7 1 6 2 2 2 4 8 . . . . . 5 12 6 . 2 .
1 0 0 2 7 1 2 7 5 8 1 8 2 6 6 1 4 4 2 2 9 9 7 8 15 9 4 5 6 5 5 4 1 1 5 6 1 1 1 7 2 7 2 1 9 1 6 9 2 6 1 2 2 2 3 10 9 9 10 9 9 9 9 9 9 2 9 1 9 2 2 4 5 6 4 6 4 4 2 2 9 4 8 2 2 9 7 9 2 13 8 2 2 35000
0 0 0 2 8 5 3 8 2 10 1 10 9 1 2 9 1 1 1 1 4 2 7 8 15 9 4 5 6 6 5 4 1 . . . . 1 1 3 1 7 5 1 . . . . . 9 9 9 . 2 3 . . . . . 10 10 10 . 9 1 9 1 9 3 2 2 4 . . 7 1 4 2 2 7 4 8 . . . . . . . . . 2 18000
0 1 0 3 6 2 3 7 1 9 2 2 1 1 1 9 1 1 1 1 3 2 7 8 15 9 4 5 6 5 . 3 1 . . . 10 3 1 7 2 7 5 . . . . . . . . . . . . . . . . . . . . . . . . . . . . . . . . . . . . . . . . . . . . . 2 11 8 . 1 12000
4 3 1 2 0 2 8 4 4 9 2 12 3 9 4 9 1 1 1 1 1 9 10 1 15 9 2 . . . . . . . . . . . . . . 1 6 . . . . . . . . . . . . . . . . . . . . . . 1 9 1 9 2 3 1 1 1 9 7 1 . 2 2 11 3 8 . . . . . 2 . 1 . 1 29000
0 1 0 4 5 1 8 6 5 8 1 8 9 11 3 9 4 4 1 1 9 9 8 7 15 9 6 3 6 7 3 3 1 3 . 6 1 5 1 7 2 6 1 1 9 . 1 . . 9 1 9 1 5 3 10 . 9 . . 10 9 10 9 9 2 9 1 9 2 2 1 1 7 4 7 4 . 2 2 2 2 8 2 4 . . 8 2 11 6 . 2 275000
0 0 0 5 5 1 8 2 2 8 1 8 2 6 . . 4 4 3 3 9 9 . . . . 1 5 6 5 3 3 2 . . . 10 . 1 7 2 8 2 1 . 8 . . . 9 9 9 1 1 3 . 9 . . . 10 10 10 9 9 2 9 . . . . 9 9 7 1 7 1 . 2 2 2 4 8 5 1 3 7 9 2 13 8 . 2 100000
0 0 0 5 5 1 8 4 6 9 1 8 9 11 3 9 5 1 1 1 9 9 10 1 7 4 2 3 6 2 . . . 4 . . 10 . 1 7 2 8 1 . . . . . . 9 1 9 2 2 . . . . . . 10 9 10 9 9 2 9 . . 3 3 . . 4 1 4 1 . 5 2 6 8 6 . . . . . . . . . 1 .
0 0 0 1 9 1 8 1 1 8 1 8 2 6 2 9 3 1 1 1 9 9 . . . . . 6 4 7 7 3 1 4 . . 4 1 1 3 2 7 1 1 8 8 . . . 9 9 9 2 1 3 9 9 . . . 10 10 10 9 9 4 9 3 9 3 2 9 9 . . . . 2 6 2 1 7 9 . . . . . 4 69 6 . 2 32000
0 0 0 3 7 1 8 7 2 8 1 8 9 11 2 9 4 1 1 1 9 9 10 1 15 9 . 5 6 7 5 4 4 4 . . 10 1 3 7 2 7 1 1 1 1 6 8 . 6 9 9 . 4 3 3 9 9 9 . 9 10 10 . 9 1 9 . . 2 2 6 5 7 1 4 1 . 5 2 2 8 11 . . . . . 5 69 6 . 2 1000000
0 0 2 3 5 7 8 6 1 2 2 2 9 6 3 9 1 1 1 1 1 9 . . . . 3 5 6 5 . . . 4 . . 1 1 3 7 2 7 6 1 . . . . . 9 9 1 1 1 3 . . . . . 10 10 9 9 9 5 9 1 9 1 1 . . 5 4 5 1 . 5 . . . . . . . . . 8 49 8 . 2 .
0 1 1 2 6 6 8 1 1 6 2 6 1 10 3 9 1 1 1 1 1 9 8 7 15 9 3 5 6 7 8 2 5 4 . . 1 1 3 7 2 7 6 1 7 1 6 . 1 . 1 1 2 2 3 4 9 9 . 9 . 9 9 9 9 5 9 3 9 4 2 6 5 5 1 5 1 3 5 2 9 8 11 . . . . . 8 . 6 . 2 2700
0 2 2 6 0 6 8 1 1 12 2 12 3 9 4 9 1 1 1 1 2 9 12 5 15 9 3 1 1 1 1 2 1 4 2 3 1 1 1 5 2 4 6 9 6 6 9 9 1 6 1 4 4 9 10 9 9 10 10 9 9 9 9 9 10 2 9 1 9 1 1 . . 7 3 5 1 4 5 2 6 8 6 . . . . . 2 11 1 . 2 200
0 0 2 3 5 7 8 1 1 6 2 6 9 11 3 9 1 1 1 1 1 9 7 8 15 9 . 5 6 6 5 3 2 4 . . . . 3 7 2 7 6 1 . 8 . . 1 . 1 . . 3 3 . 9 . . 9 . 9 . . 9 3 9 1 9 1 1 . . 5 3 5 3 . 5 2 3 8 8 . . . . . 8 . 5 . 2 400000
0 1 0 4 5 1 8 7 6 8 1 8 2 6 3 9 4 4 1 1 9 9 . . . . 3 5 6 6 . 3 2 4 . . 10 4 3 7 2 7 1 1 . . . . . 9 1 9 1 2 3 . . . . . 10 9 10 9 9 4 9 1 9 3 2 1 1 4 1 4 1 . 5 2 2 . 8 . . . . . 4 13 8 . 2 250000
0 0 2 2 6 3 7 2 2 2 2 2 9 11 . . 1 1 1 1 1 9 . . . . . 6 6 7 8 2 4 1 . . 1 1 3 7 2 7 6 1 8 1 8 8 1 9 1 1 1 1 3 3 9 3 9 3 10 3 3 9 9 5 9 1 9 4 3 1 1 7 1 7 1 2 5 2 9 7 9 . . . . . . . 6 . 2 .
1 1 0 4 4 1 8 2 2 8 1 8 9 11 2 9 5 1 1 1 9 9 . . . . 2 6 6 3 . 3 2 4 . . 4 1 3 7 2 8 1 1 1 8 1 . 1 4 1 9 3 3 3 3 9 3 . 9 9 9 10 9 9 3 9 4 9 . . 9 9 4 1 4 1 . 5 2 1 7 9 . . . . . . . . . 2 15000
0 1 0 3 6 1 8 7 1 8 1 8 9 11 6 1 5 5 1 1 9 9 8 7 15 9 5 . . . . . . . . . . . . . . 9 1 . . . . . . . . . . . . . . . . . . . . . . 1 9 1 9 1 . 7 5 7 1 7 1 . 5 3 9 . 8 . . . . . 8 99 6 . 2 .
0 3 3 4 0 1 7 7 2 8 1 8 9 11 4 9 5 5 1 1 9 9 13 2 13 2 3 1 1 1 1 3 1 3 . 3 1 1 1 5 1 4 1 9 9 6 9 8 6 6 1 1 1 9 10 10 9 10 9 9 9 9 9 9 10 2 9 1 9 1 1 . . . . . . 1 2 2 11 4 8 . . . . . 2 . 1 . 2 .
0 1 1 2 6 1 8 2 2 8 1 8 9 11 2 9 4 4 1 1 2 9 1 3 1 1 4 6 6 6 3 3 2 . . . 1 1 1 7 1 7 7 1 6 . 8 . 1 9 1 1 6 2 3 9 . 9 . 9 10 9 9 9 9 1 9 1 9 1 1 3 5 7 3 7 3 6 5 3 3 8 11 . . . . . . . 1 . 2 2500000
0 0 0 4 6 7 1 6 7 8 1 8 9 11 3 9 4 4 1 1 9 9 13 2 15 9 3 6 6 7 7 3 5 1 . . 1 . 3 7 2 7 1 1 1 8 . 8 . 9 1 1 3 4 3 3 9 . 9 . 10 9 3 9 9 5 9 . . 3 3 6 5 7 2 7 2 . 5 2 1 7 9 . . . . . 6 39 4 . 2 4000000
0 1 2 1 6 1 8 7 2 10 1 1 9 11 2 9 1 1 4 4 9 9 7 8 15 9 4 3 6 4 3 3 3 2 8 3 2 2 1 3 1 6 3 1 1 8 9 . . 9 1 2 9 5 3 9 9 10 . . 10 9 9 10 9 4 9 3 9 4 3 4 5 1 9 3 4 . 5 2 8 8 8 . . . . . 5 26 2 . 1 73000
0 1 1 2 6 1 8 4 6 8 1 8 9 11 6 1 4 4 1 1 9 9 6 4 15 9 5 . . . . . . . . . . . . . . 9 1 . . . . . . . . . . . . . . . . . . . . . . 4 9 . . . . 3 5 7 1 7 1 . 5 2 9 8 8 5 3 9 8 11 6 39 . . 2 523000
1 0 0 9 0 3 8 3 7 8 1 8 9 11 6 1 4 4 4 4 9 9 1 3 1 1 5 1 1 3 1 3 2 1 2 3 1 1 1 7 2 4 2 9 9 . 9 9 1 6 9 9 1 9 10 10 . 10 10 9 9 10 10 9 10 1 9 1 9 1 1 7 5 1 9 7 1 6 5 2 11 1 8 . . . . . 2 69 3 . 2 700
4 3 3 0 0 3 8 7 1 5 3 5 2 6 6 1 1 1 4 4 9 9 1 3 3 3 5 1 1 2 1 3 1 1 1 2 1 1 1 1 1 1 3 9 9 8 4 9 . 3 1 1 9 9 10 10 9 9 10 . 9 9 9 10 10 1 9 1 9 1 1 . . 7 1 7 1 3 . . . . . 5 2 . 8 8 2 . 3 . 2 200
0 2 1 1 6 1 8 2 2 8 1 8 9 11 3 9 4 1 1 1 9 9 3 3 4 2 6 3 6 7 . 3 2 4 6 . 1 4 1 7 1 6 1 1 6 9 6 . 1 9 1 1 3 4 3 9 10 9 . 9 10 9 9 9 9 4 9 1 9 4 3 1 1 7 4 7 4 4 5 4 7 8 8 . . . . . 4 11 6 . 2 .
0 0 2 2 6 3 8 7 6 8 1 8 9 11 2 9 4 4 1 1 9 9 8 7 15 9 4 6 6 7 8 3 5 1 8 5 1 1 3 7 1 7 1 1 8 . 8 1 1 . . 2 . 2 3 3 . 3 9 3 . . 9 . 9 5 9 1 9 3 2 6 5 5 1 5 1 2 6 3 2 8 8 6 3 1 8 11 6 49 4 . 2 22000000
0 0 0 1 9 1 2 2 2 9 2 2 9 6 3 9 1 1 1 1 2 9 10 1 15 9 4 3 6 5 1 2 1 1 . . 1 1 1 2 1 6 6 . . . . . . 1 1 1 . 4 . . . . . . 9 9 9 . 9 1 9 1 9 1 1 9 9 1 9 5 1 . 5 4 8 8 8 . . . . . 1 99 7 . 1 70000
0 0 1 2 7 1 8 7 2 8 1 8 3 9 3 9 4 4 1 1 9 9 6 4 5 2 7 6 6 7 . 3 1 4 . . . 2 3 7 1 7 1 1 6 . 6 8 . 9 1 . 2 4 3 9 . 9 9 . 10 9 . 9 9 2 9 1 9 3 2 1 1 7 1 7 1 6 5 4 . 8 8 . . . . . 2 13 4 . 2 1000000
0 0 1 2 7 1 8 4 6 8 1 8 9 11 . . 4 4 1 1 9 9 13 2 12 1 5 . . . . . . . . . . . . . . 9 1 . . . . . . . . . . . . . . . . . . . . . . 4 9 1 9 2 2 . . . . . . . 5 . . . . . . . . . 4 . 8 . 2 53000
7 3 0 0 0 5 8 5 3 10 1 10 9 11 4 9 1 1 6 6 9 9 11 6 10 5 5 1 1 1 1 2 2 1 2 . 5 2 1 1 1 1 3 9 9 9 9 . . 6 1 1 9 9 10 10 10 10 . . 9 9 9 10 10 1 9 1 9 1 1 1 1 1 9 . . . . . . . . . . . . . 2 13 1 . 2 .
2 0 2 1 5 4 8 4 6 8 1 8 9 11 5 9 3 3 6 6 9 9 12 5 15 9 5 4 5 7 2 3 1 1 . 6 6 5 1 2 1 6 2 9 9 9 9 1 1 5 9 2 . 3 10 10 10 10 9 9 9 10 9 . 9 1 9 1 9 1 1 1 1 7 1 7 1 4 5 2 8 8 8 . . . . . 1 99 8 . 2 1000
0 0 4 1 5 6 8 8 1 2 2 2 9 11 2 9 1 1 4 4 2 9 7 8 15 9 4 4 4 7 2 3 2 1 6 4 1 1 1 2 1 6 7 9 6 9 9 1 1 6 9 2 6 3 10 9 10 10 3 9 9 10 9 9 9 1 9 1 9 1 1 2 4 . . . . 6 5 2 3 8 8 5 2 7 8 8 2 69 4 . 2 250
0 1 4 1 4 1 8 2 2 5 3 5 9 11 2 9 1 1 6 6 9 9 12 5 15 9 5 4 5 6 4 3 1 1 2 6 5 5 1 2 1 8 3 9 9 9 9 1 1 9 1 2 6 5 10 10 10 10 9 9 10 9 9 9 9 1 9 1 9 1 1 5 5 . . 2 1 . 5 2 3 8 8 . . . . . 2 59 8 . 2 200
0 0 4 1 5 4 8 7 3 7 1 8 3 9 6 1 5 4 1 1 9 9 1 3 1 1 5 4 5 7 2 3 3 1 2 5 6 5 1 2 1 6 1 9 9 9 6 1 1 5 1 3 1 2 10 10 10 9 9 9 9 9 9 9 9 2 9 1 9 1 1 1 2 . . 7 1 4 5 2 8 8 8 . . . . . 4 12 4 . 1 .
0 0 5 1 4 4 8 7 2 12 2 12 3 9 2 9 1 1 1 1 5 9 8 7 15 9 4 4 4 7 . 3 2 . 2 3 . 5 1 2 1 2 5 9 9 9 9 1 2 9 9 3 . 2 10 10 10 10 3 9 10 10 9 . 9 4 9 1 9 1 1 . . 6 4 6 4 6 5 3 7 8 8 . . . . . 4 . 2 . 2 .
0 0 5 0 5 6 8 7 2 12 2 12 3 9 . . 1 1 1 1 1 9 10 1 15 9 4 4 4 7 . 3 2 1 2 . 1 . 1 1 1 8 6 9 9 9 9 1 . 9 9 3 9 . 10 10 10 10 9 . 10 10 9 10 . 4 9 1 9 1 1 1 1 . . . . 6 5 2 7 8 8 . . . . . 2 11 8 . 2 400
1 7 2 0 0 6 5 7 2 2 2 2 9 11 3 9 1 1 1 1 1 9 1 3 1 1 5 1 1 2 1 2 1 2 . . 1 1 1 1 1 3 6 9 9 6 9 1 6 6 1 . 9 9 10 10 9 10 9 9 9 9 . 10 10 1 9 1 9 1 1 4 5 1 9 7 1 6 2 2 11 4 5 . . . . . 2 59 . . 2 .
2 3 5 0 0 2 8 4 6 9 1 1 9 11 3 9 1 1 6 6 9 9 1 3 15 9 5 1 1 7 1 3 2 1 5 . 1 3 1 1 1 2 3 9 9 6 9 1 1 6 1 1 9 9 10 10 9 10 9 9 9 9 9 10 10 2 9 1 9 2 2 2 4 . . 3 1 . 5 2 3 8 4 . . . . . . 25 1 . 1 .
6 3 1 0 0 6 8 5 3 8 1 8 9 11 6 1 6 3 1 1 9 9 8 7 15 9 6 1 1 3 . 2 1 . 5 3 1 1 1 1 1 1 1 9 9 . 9 9 . . 1 . 9 9 10 10 . 10 10 . . 9 . 10 10 1 9 1 9 1 1 1 1 1 9 1 9 . 2 1 11 2 4 . . . . . 2 11 1 . 2 .
5 3 2 0 0 6 8 7 3 2 2 2 9 11 1 9 1 1 1 1 1 9 7 8 15 9 4 1 1 2 . 2 1 1 5 . 1 1 1 1 1 1 6 9 9 8 9 9 . 4 1 . 9 9 10 10 9 10 10 . 9 9 . 10 10 1 9 1 9 1 1 1 1 1 9 7 1 . 2 2 11 4 8 2 2 11 2 8 2 11 . . 2 .
0 2 0 4 4 1 8 7 1 8 1 8 9 11 3 9 3 3 4 3 9 9 8 7 15 9 1 . . . . . . . . . . . . . . 8 2 . . . . . . . . . . . . . . . . . . . . . . 2 9 1 9 1 1 2 4 7 4 7 4 . 5 2 . 7 9 . . . . . 2 69 . . 2 7500
2 8 0 0 0 3 8 8 3 11 2 11 1 10 4 9 1 1 1 1 2 9 7 8 15 9 4 2 6 1 . 3 2 1 5 6 1 1 1 4 1 3 6 9 9 6 6 . 6 6 1 9 1 6 10 10 9 9 . 9 9 9 10 9 9 1 9 1 9 1 1 9 9 1 9 1 9 2 2 2 11 4 5 . . . . . 4 59 1 . 2 4700
1 4 0 0 5 2 8 7 3 11 2 11 1 10 3 9 1 1 1 1 2 9 8 7 15 9 4 3 6 3 . 3 2 2 . 6 1 1 1 4 1 6 6 9 9 . . . 2 6 1 9 1 6 10 10 . . . 9 9 9 10 9 9 1 9 1 9 1 1 1 1 . . 1 9 . 2 2 11 3 8 . . . . . 4 59 1 . 2 500
1 2 2 0 5 6 8 7 2 5 3 5 9 11 2 9 1 1 4 4 9 9 12 5 15 9 1 3 6 7 4 3 3 . 5 . 1 1 1 1 1 6 3 9 . . 6 1 . 6 1 1 9 5 10 . . 9 9 . 9 9 9 10 9 1 9 1 9 1 1 . . . . . . . 5 2 2 8 3 2 2 11 4 9 5 26 2 . 2 20000
4 1 2 0 3 6 8 2 2 8 1 8 9 11 3 9 4 4 1 1 9 9 7 8 15 9 5 6 6 7 2 3 2 1 5 . 1 1 1 1 1 1 1 9 1 1 6 9 1 6 1 1 9 2 10 9 9 9 10 9 9 9 9 10 9 1 9 1 9 1 1 . . 5 1 1 9 . 2 2 11 2 8 5 2 9 7 9 4 13 . . 2 700
5 4 1 0 0 6 8 1 1 11 2 11 1 10 3 9 1 1 1 1 1 9 8 7 15 9 4 1 1 1 . 2 1 1 5 3 1 1 1 1 1 1 6 9 9 1 9 9 1 6 1 . 9 9 10 10 9 10 10 9 9 9 . 10 10 1 9 1 9 1 1 7 5 1 9 1 9 2 5 2 . 8 8 . . . . . . . 1 . 2 .
0 0 0 2 8 6 8 2 2 10 1 10 9 11 3 9 1 1 1 1 1 9 7 8 15 9 4 . . . . . . . . . . . . . . 9 6 . . . . . . . . . . . . . . . . . . . . . . . . . . . . . . . . . . . . . . . . . . . . . 8 . 1 . 2 55000
1 1 2 1 5 2 8 1 1 9 2 6 1 10 3 9 1 1 6 6 9 9 1 3 15 9 5 3 6 5 . 2 1 3 1 3 1 1 1 2 1 6 3 9 6 9 6 9 . 5 1 1 . 4 10 9 10 9 10 . 9 9 9 . 9 1 9 1 9 1 1 . . 1 9 5 1 4 2 2 11 4 8 5 4 4 8 8 4 25 . . 1 .
3 1 6 0 0 1 8 2 2 2 2 2 9 6 1 9 1 1 1 1 1 9 8 7 15 9 4 1 1 7 . 2 1 2 . . 1 1 1 1 1 2 6 9 . . 8 8 . . . . 9 9 10 . . 9 9 . . . . 10 10 1 9 1 9 1 1 . . . . . . 6 5 4 7 8 8 . . . . . . . 8 . 2 1350
2 2 2 0 4 2 8 4 6 9 1 10 9 11 4 9 1 1 1 1 1 9 1 3 1 1 5 3 5 7 . 3 1 . 2 . 1 1 1 1 1 6 6 9 6 . 6 1 . 6 1 2 9 5 10 9 . 9 9 . 9 9 9 10 9 1 9 1 9 1 1 . . . . . . . 3 2 8 9 8 5 2 2 8 8 2 . 2 . 1 .
1 2 1 0 6 2 8 7 2 8 1 8 2 6 . . 4 4 1 1 9 9 . . . . . 3 5 7 2 3 1 . . 3 1 . 1 1 1 6 1 9 9 . 9 8 . 1 1 1 9 3 10 10 . 10 9 . 9 9 9 10 9 1 9 1 9 1 1 1 1 . . . . . 5 2 10 8 8 . . . . . . . . . 2 1400
1 1 3 0 5 5 8 2 2 8 1 8 3 9 6 1 5 5 1 1 9 9 1 3 2 2 5 3 5 4 1 2 1 1 1 5 1 1 1 2 1 6 1 9 9 9 6 1 1 5 1 1 9 5 10 10 10 9 9 9 9 9 9 10 9 1 9 1 9 4 3 1 1 1 9 7 1 5 5 2 8 8 8 5 4 4 9 8 2 . . . 2 2500
1 1 0 2 6 6 8 4 6 6 2 6 9 11 . . 1 1 1 1 1 9 . . . . . 5 5 5 . 2 2 . 1 2 1 . 1 7 2 7 6 8 6 . 6 9 1 . 1 9 1 4 9 9 . 9 10 9 . 9 10 9 9 . . 1 9 1 1 6 5 1 9 7 1 . 5 2 7 9 8 5 2 1 9 8 4 . 2 . 2 .
1 2 7 0 0 6 8 2 2 9 2 2 9 6 3 9 1 1 1 1 1 9 10 1 15 9 . 1 1 1 1 2 1 1 2 2 1 . 1 1 1 2 6 9 9 9 9 1 1 . 1 3 9 9 10 10 10 10 9 . . 9 9 10 10 1 9 1 9 1 1 9 9 1 9 . . . 2 2 11 2 5 . . . . . 1 99 8 . 1 200
4 3 2 0 1 2 8 1 1 9 3 9 9 11 4 9 1 1 1 1 1 9 8 7 15 9 3 2 3 4 1 2 1 1 5 . 1 1 1 1 1 1 6 9 6 6 6 9 4 5 1 1 5 3 10 9 9 9 10 9 9 9 9 9 9 1 9 1 9 1 1 . . 1 9 1 9 6 2 2 11 4 8 . . . . . 2 . . . 2 2500
2 1 3 0 4 2 8 8 2 9 1 10 9 11 3 9 1 1 1 1 1 9 1 3 1 1 5 3 5 4 3 3 1 2 2 . 1 2 1 1 1 6 6 9 9 . 6 1 1 6 1 1 9 2 10 10 . 9 9 9 9 9 9 10 9 1 9 1 9 1 1 1 1 1 9 1 9 . 5 2 11 9 8 . . . . . 2 13 1 . 1 110
5 4 1 0 0 6 8 8 3 . . . . . 4 9 1 1 1 1 1 9 10 1 15 9 4 1 1 1 2 3 1 . . . 1 . 1 1 1 1 6 9 9 . 9 9 . 6 1 1 9 9 10 10 . 10 10 . 9 9 9 10 10 1 9 1 9 1 1 7 5 1 9 . . 1 2 2 11 2 8 5 2 11 6 8 2 59 8 . . 5000
0 1 0 1 8 1 8 5 5 8 1 8 9 11 2 9 3 3 1 1 9 9 7 8 15 9 . 3 6 6 . 4 3 . . . 1 2 1 1 1 6 1 1 1 . 6 . 1 9 1 9 . 5 9 3 . 9 . 9 10 9 10 . 9 4 9 1 9 4 2 1 1 7 2 7 2 . 5 2 9 4 8 . . . . . . . 2 2 2 455000
1 0 1 1 7 1 3 7 5 8 1 8 2 3 2 9 3 3 1 1 9 9 6 4 5 2 4 3 6 8 5 4 2 2 8 6 6 5 1 3 1 6 1 1 1 8 6 8 1 2 1 5 . 3 3 9 9 9 9 9 9 9 9 . 9 4 9 1 9 4 2 1 2 6 1 6 1 . 2 2 2 4 8 5 2 2 8 8 5 13 4 2 2 .
1 1 1 2 5 1 8 5 5 8 1 8 9 1 6 2 3 1 3 1 9 9 1 3 2 2 5 3 6 7 4 3 3 2 6 . 1 2 1 7 1 6 2 1 9 8 6 1 1 6 1 2 1 5 3 10 9 9 9 9 9 9 9 9 9 4 9 1 9 4 3 1 1 7 . 2 . . 2 2 2 4 8 . . . . . 5 13 6 . 2 1200000
1 1 1 1 6 1 2 8 5 8 1 8 9 1 6 1 4 4 6 3 9 9 1 3 3 3 1 3 6 5 3 4 1 2 . 6 1 1 1 7 1 6 2 1 1 8 6 . 3 6 1 4 1 2 9 9 9 9 . 9 9 9 9 9 9 1 9 . . 2 2 . . 6 4 3 4 . 6 2 9 7 9 . . . . . 2 13 . . 2 85000
0 1 1 2 6 1 2 7 5 8 1 8 9 1 2 9 3 3 1 1 9 9 7 8 15 9 4 5 6 6 5 4 2 . . . 1 1 1 7 1 7 1 . . . . . . . . . . . . . . . . . . . . . . 1 9 2 9 3 2 6 5 7 4 7 4 . 2 2 9 4 8 . . . . . 5 13 8 . 2 50000
1 1 0 1 7 1 8 5 5 8 1 8 9 11 6 1 3 3 1 1 9 9 . . . . 4 3 4 7 2 2 1 2 . . 6 . 1 3 1 6 1 1 9 8 8 9 . . 1 9 . 5 3 10 9 9 10 . . 9 10 . 9 1 9 1 9 3 2 . . . . . . 2 2 2 8 4 8 . . . . . . . . . 2 33000
2 1 0 3 4 1 8 7 5 8 1 8 2 6 4 9 4 4 1 1 9 9 7 8 15 9 2 3 6 2 . 2 1 3 . 5 1 . 1 7 2 6 1 . . 6 9 9 4 6 1 1 3 6 . . 9 10 10 9 9 9 9 9 9 1 9 1 9 1 1 9 9 7 1 7 1 . 2 2 11 2 5 1 2 11 5 8 1 99 8 2 2 80000
0 0 0 8 2 1 8 2 2 9 1 8 9 11 6 1 5 1 1 1 9 9 10 1 7 4 2 6 6 2 . 3 2 4 . . 5 . 1 6 2 4 1 . . 8 . . . . 1 9 1 6 . . 9 . . . . 9 10 9 9 1 9 . . 1 1 9 9 . . 7 1 . 2 2 9 4 8 . . . . . 4 13 2 . 1 15000
1 0 4 4 1 1 8 4 6 8 1 8 9 11 . . 4 1 1 1 9 9 10 1 15 9 5 3 6 5 . 2 2 . . . 6 . 1 7 2 8 1 1 . . . 1 . . 9 1 . . 3 . . . 9 . . 10 9 . . 1 9 2 9 3 2 9 9 7 1 7 1 . 2 2 11 3 8 . . . . . 2 . 8 . 2 16000
3 7 0 0 0 5 1 2 2 12 2 12 3 9 4 9 1 1 1 1 1 9 12 5 15 9 4 1 1 1 3 2 1 1 2 5 6 4 1 1 1 3 6 9 9 9 9 9 6 6 2 9 9 9 10 10 10 10 10 9 9 9 10 10 10 1 9 1 9 1 1 9 9 1 9 7 . 6 2 2 11 2 8 . . . . . 2 11 8 2 2 40000
0 1 0 6 3 1 7 1 1 10 1 10 9 1 3 9 1 1 3 1 9 9 10 1 8 1 5 6 6 1 . 3 2 4 . . 5 . 1 6 2 4 3 1 . 1 . 9 . . 1 9 1 . 3 . 3 . 10 . . 9 10 9 . 3 9 3 2 4 2 6 5 . . 7 1 6 5 2 5 9 5 2 2 11 3 8 . . 3 . 2 10000
1 0 0 3 6 1 8 7 1 8 1 8 9 11 2 9 3 3 1 1 9 9 . . . . . 6 6 6 . 4 2 4 . . 10 1 3 7 2 7 1 1 . 1 . 9 . 6 1 . 1 2 3 . 3 . 10 . 9 9 . 9 9 1 9 1 9 1 1 6 5 4 1 4 1 2 5 3 1 7 9 . . . . . 4 69 8 . 2 600000
0 0 1 1 8 6 8 1 1 6 2 6 3 9 1 9 1 1 1 1 2 9 12 5 15 9 3 5 6 8 8 2 4 4 8 1 1 1 3 7 2 7 6 1 7 2 7 1 1 9 1 3 3 3 3 4 9 4 9 9 10 9 9 9 9 5 9 1 9 1 1 6 5 4 1 5 1 3 5 3 1 7 1 5 2 1 7 1 . . . . 2 .
0 0 1 2 7 7 8 1 1 6 2 6 1 10 3 9 1 1 1 1 2 9 7 8 15 9 3 5 6 7 8 2 4 4 8 . 1 1 3 7 2 7 6 1 7 7 7 8 . . 1 1 3 2 3 4 4 4 9 . . 9 9 9 9 5 9 1 9 1 1 6 5 7 2 . . 2 5 3 3 8 3 . . . . . . . . . 2 .
0 0 1 3 6 7 8 1 1 6 2 6 9 11 3 9 1 1 1 1 2 9 . . . . 3 5 6 7 8 2 5 4 . . 1 1 3 7 2 7 6 . . . . . . . . . . . . . . . . . . . . . . 5 9 1 9 1 1 . . . . . . . 5 3 1 8 11 . . . . . . . 8 . 2 .
0 0 0 2 8 6 8 7 1 10 1 10 2 6 3 9 1 1 1 1 1 9 . . . . 2 5 6 7 8 3 4 4 . 2 1 1 3 7 2 7 6 1 6 8 8 8 1 9 1 1 4 4 3 9 9 9 9 9 10 9 9 9 9 5 9 1 9 1 1 . . 4 1 4 1 . 5 2 9 9 11 . . . . . 6 . 1 . 2 1700
0 0 0 4 6 1 7 7 2 8 1 8 9 11 3 9 3 1 1 1 9 9 10 1 15 9 2 5 6 7 8 4 4 4 8 . 10 1 3 7 2 7 1 1 6 9 9 9 1 9 9 9 1 1 3 9 10 10 10 3 10 10 10 9 9 5 2 1 9 1 1 6 5 7 1 4 1 2 5 2 1 8 . . . . . . . . 5 . 2 .
0 1 0 9 0 1 8 2 2 8 1 8 9 11 1 9 4 1 1 1 9 9 10 1 7 4 2 1 1 1 . 3 2 4 . . 5 . 1 6 2 4 1 1 6 . . 9 6 9 1 9 1 9 3 9 . . 10 9 10 9 10 9 10 . . 1 9 4 3 . . 4 1 4 1 2 5 2 6 7 6 . . . . . . . 8 . 2 .
0 1 0 3 6 1 8 7 5 8 1 8 9 11 3 9 4 4 1 1 9 9 8 7 15 9 . 6 6 7 5 3 2 . . . . 1 3 7 2 7 1 1 1 1 . 9 1 . 1 9 1 5 3 3 9 . 10 3 . 9 10 9 9 2 9 2 9 4 3 1 1 7 1 7 1 . 6 2 9 7 9 . . . . . 4 11 7 . 2 60000
0 0 0 4 6 1 8 7 2 8 1 8 9 11 . . 5 3 1 1 9 9 3 3 4 2 7 6 6 7 . 4 4 4 . . 10 . 3 7 2 7 1 . . . . . . . . . . . . . . . . . . . . . . 4 9 . . 3 2 . . . . . . . 5 2 9 . . 6 2 9 7 9 5 11 8 . 2 800000
1 1 5 3 0 2 8 8 2 9 2 12 3 9 3 9 1 1 1 1 1 9 12 5 15 9 3 1 1 3 3 3 1 3 2 3 1 1 1 5 1 2 6 1 9 6 8 1 . 6 1 2 1 9 3 10 9 9 9 . 9 9 9 9 10 2 9 1 9 2 2 4 5 7 . 7 1 2 4 1 3 7 9 2 1 11 4 3 2 59 4 . 1 7500
0 0 0 1 9 4 8 6 1 10 1 10 2 6 4 9 1 1 1 1 1 9 13 2 15 9 3 6 6 8 8 2 5 2 8 2 1 1 3 7 2 7 6 7 6 . 7 9 1 9 9 1 1 1 4 9 . 4 10 3 10 10 9 9 9 5 9 2 9 1 1 6 5 7 4 7 4 2 5 2 3 9 8 5 3 3 9 8 6 49 6 . 2 80000000
0 1 0 3 6 1 8 8 6 8 1 8 9 11 3 9 4 4 1 1 9 9 8 7 15 9 2 5 6 3 5 3 3 1 8 2 1 1 3 7 2 7 1 1 1 8 8 9 1 9 1 9 2 5 3 3 3 3 10 9 10 9 10 9 9 4 9 4 9 4 3 . . 7 1 7 1 . 5 2 1 7 9 . . . . . 5 . 1 . 2 .
1 1 1 2 5 1 8 7 2 8 1 8 9 11 4 9 4 4 1 1 9 9 7 8 15 9 2 5 6 5 2 3 2 3 2 3 1 1 3 7 2 7 1 1 9 8 8 8 1 5 1 4 2 2 3 10 9 9 9 9 9 9 9 9 9 5 9 4 9 1 1 1 1 7 1 7 1 2 5 2 2 8 3 2 2 11 3 8 8 11 3 . 2 1250000
0 1 1 2 6 6 8 7 1 8 1 8 9 11 5 9 4 4 1 1 9 9 1 3 1 1 5 5 6 6 3 4 3 1 2 3 1 1 3 7 2 7 1 1 . . . 9 1 9 1 1 . 1 3 . . . 10 9 10 9 9 . 9 5 9 4 9 4 2 1 1 7 1 7 1 2 5 2 1 9 8 . . . . . 6 13 3 . 2 40000
1 1 2 1 5 6 8 2 2 11 2 11 1 10 3 9 1 1 1 1 1 9 12 5 15 9 3 4 4 6 1 3 1 . 2 . 1 1 1 2 1 6 6 1 9 . 6 1 1 6 1 1 6 1 3 10 . 3 9 9 9 9 9 9 9 1 9 1 9 1 1 7 5 1 9 5 1 6 2 4 11 3 8 5 4 . 8 8 2 59 5 . 2 .
0 2 2 0 6 2 3 2 2 9 2 3 3 9 3 9 1 1 4 4 9 9 1 3 2 2 5 3 6 7 . 2 3 2 6 2 1 . 1 1 1 6 3 1 . . 6 1 . 9 1 2 9 4 3 . . 9 9 . 10 9 9 10 9 1 9 1 9 3 3 2 3 . . 3 4 . 2 2 2 4 8 . . . . . 4 26 6 . 1 70000
1 1 0 2 6 1 8 7 2 8 1 8 2 6 2 9 4 3 1 1 9 9 6 4 5 2 5 3 6 7 3 4 2 3 . . 1 1 1 7 1 6 1 1 . . 8 . 1 6 1 9 5 2 3 . . 9 . 9 9 9 10 9 9 4 9 1 9 3 2 1 1 7 3 7 3 4 5 3 7 8 8 . . . . . 4 11 4 . 2 300000
1 0 2 1 6 1 8 2 2 9 2 6 9 2 3 9 1 1 1 1 2 9 10 1 15 9 3 6 6 7 8 2 4 1 . . 1 1 3 7 1 7 6 1 6 . 8 . 1 . . 2 6 4 3 9 . 9 . 9 . . 9 9 9 5 4 1 9 3 2 6 5 7 1 5 1 2 5 4 3 8 8 . . . . . 6 59 3 . 1 3500000
1 0 1 1 7 2 8 2 2 11 2 11 1 10 3 9 1 1 1 1 2 9 7 8 15 9 3 3 6 6 3 2 1 . . . 1 1 1 7 1 6 6 1 6 . . 9 . 5 1 2 2 4 3 9 . . 10 . 9 9 9 9 9 1 9 1 9 1 1 9 9 1 9 5 1 . 5 3 3 9 8 . . . . . 1 99 . . 2 6000
0 1 2 2 5 1 8 2 2 12 2 12 3 9 1 9 1 1 1 1 2 4 7 8 15 9 3 3 6 7 4 3 1 2 . . 1 1 2 7 1 6 6 . 8 . 8 8 . 1 1 3 3 3 . 9 . 9 9 . 9 9 9 9 9 2 9 1 9 1 1 7 5 5 1 5 1 6 5 4 3 8 8 . . . . . 4 11 4 . 2 145000
0 2 0 2 6 1 8 8 1 9 3 9 9 11 3 9 1 1 1 1 1 9 12 5 15 9 4 3 6 7 . 3 2 . . . 1 1 1 7 1 6 6 1 9 9 8 8 . . 1 . . 4 3 10 10 9 9 . . 9 . . 9 2 9 1 9 3 2 6 5 5 1 5 1 . 5 2 . 8 8 5 4 . 8 8 2 49 4 . 2 25000
3 5 2 0 0 5 8 5 3 8 1 8 9 11 6 1 6 6 6 6 9 9 1 3 1 1 5 1 1 1 1 2 1 . . . 1 2 1 1 1 3 2 9 9 9 9 . . 6 1 1 9 9 10 10 10 10 . . 9 9 9 10 10 1 9 1 9 1 1 . . 1 9 . . . . . . . . . . . . . 2 13 8 . 2 650
0 1 1 1 7 5 8 4 6 8 1 8 9 11 6 1 6 6 1 1 9 9 8 7 15 9 5 4 5 3 2 3 1 1 2 4 1 5 1 2 1 6 1 9 9 9 9 1 1 9 1 3 6 4 10 10 10 10 9 9 10 9 9 9 9 1 9 1 9 1 1 9 9 1 9 7 1 1 3 2 4 8 4 5 2 10 8 4 2 12 8 . 2 700
0 0 3 1 6 6 8 2 2 5 3 5 1 1 3 9 1 1 4 4 9 9 1 3 1 1 1 4 5 5 1 3 3 1 . 3 1 . 1 2 1 6 3 9 6 9 9 1 2 9 9 2 . 2 10 9 10 10 3 9 10 10 9 . 9 4 9 1 9 1 1 2 4 3 1 3 1 6 5 3 7 8 8 . . . . . 4 26 6 . 2 8000
0 0 3 1 6 4 8 1 1 3 2 3 9 11 6 1 1 1 4 4 9 9 8 7 15 9 5 4 5 7 . 3 1 . . 5 . 2 1 2 1 6 3 9 9 . . 8 . 9 1 2 . 4 10 10 . . 9 . 10 9 9 . 9 1 9 1 9 1 1 9 9 2 . 2 . 6 5 4 7 8 8 . . . . . 1 99 5 . 2 .
0 0 3 1 6 5 8 . . 8 1 8 9 11 6 1 5 4 1 1 9 9 1 3 1 1 5 6 5 7 . 3 2 . . . . . 1 2 1 7 1 9 9 . . . . . . . . 5 10 10 . . . . . . . . 9 1 9 1 9 1 1 1 1 . . . . . 2 3 4 4 8 5 2 8 8 8 4 11 5 . 2 .
0 0 5 0 5 6 8 8 2 11 2 11 1 10 3 9 1 1 1 1 5 9 7 8 15 9 4 4 4 3 . 4 1 1 . . . 1 1 1 1 8 5 9 1 9 9 1 3 9 9 1 9 5 10 9 10 10 3 9 10 10 9 10 9 2 9 1 9 1 1 1 2 . . . . . 5 2 7 8 8 . . . . . 2 . 3 . 2 700
1 0 5 0 4 6 8 8 2 2 2 2 9 6 3 9 1 1 1 1 4 2 . . . . 4 4 4 5 . 3 2 . . . . . 1 1 1 2 5 9 9 9 9 1 1 4 9 2 9 2 10 10 10 10 9 9 9 10 9 10 9 1 9 1 9 1 1 1 1 5 1 5 1 6 5 2 10 8 8 . . . . . 2 11 8 . 2 109
1 3 6 0 0 6 8 7 2 9 1 10 2 6 3 9 1 1 1 1 6 9 10 1 15 9 5 1 1 3 . 3 1 1 2 . 1 2 1 1 1 2 4 9 9 5 6 1 2 6 1 2 9 9 10 10 9 9 9 9 9 9 9 10 10 2 9 1 9 1 1 9 9 1 9 7 1 . 5 1 3 9 9 . . . . . 2 59 5 . 1 .
4 2 4 0 0 1 8 4 6 8 1 8 3 9 6 1 3 3 1 1 9 9 3 3 15 9 5 1 1 3 . 2 1 1 5 3 1 1 1 1 1 8 1 9 9 8 9 1 . 5 1 1 9 9 10 10 9 10 9 . 9 9 9 10 10 2 9 1 9 2 3 1 1 1 9 7 1 2 5 1 3 8 3 . . . . . 2 59 7 . 2 .
5 4 1 0 0 1 8 7 4 8 1 8 3 9 6 1 4 4 1 1 9 9 7 8 15 9 5 1 1 2 3 3 1 1 5 4 1 1 1 1 1 1 1 9 9 1 8 9 . 6 1 9 9 9 10 10 9 9 10 . 9 9 10 10 10 1 9 1 9 1 1 1 1 1 9 1 9 . 2 2 11 2 9 . . . . . 2 11 1 . 2 700
4 3 3 0 0 6 8 2 2 9 2 2 9 6 3 9 1 1 1 1 1 9 7 8 15 9 4 1 1 2 1 2 1 1 5 4 1 1 1 1 1 1 6 9 9 1 9 9 4 5 1 4 9 9 10 10 9 10 10 9 9 9 9 10 10 1 9 1 9 1 1 1 1 1 9 1 9 . 2 2 11 4 3 2 2 11 2 8 2 11 5 . 1 1000
0 3 2 0 5 6 8 7 3 5 3 5 1 10 3 9 1 1 6 4 9 9 6 4 15 9 1 5 6 3 . 3 2 . . . 1 1 1 4 1 7 3 9 9 . 8 . . 9 1 1 1 6 10 10 . 9 . . 10 9 9 9 9 1 9 1 9 1 1 . . . . 2 . . 2 1 11 2 9 2 2 11 4 5 4 49 1 . 2 300
0 1 1 2 6 1 8 5 5 6 2 6 9 11 3 9 3 1 1 1 2 9 7 8 15 9 5 5 4 7 3 2 3 2 1 . 1 5 1 7 2 7 7 1 8 9 8 1 1 9 1 2 1 2 3 9 10 9 9 9 10 9 9 9 9 1 9 1 9 2 2 6 5 6 4 6 4 1 2 2 9 4 8 5 2 9 8 8 4 39 6 . 2 163000
1 4 0 0 5 6 8 8 3 5 3 5 9 11 1 9 1 1 3 3 9 9 12 5 11 5 1 3 6 3 4 3 2 2 5 2 1 3 1 4 1 6 3 9 9 6 6 . 3 . 1 . 1 6 10 10 9 9 . 9 . 9 . 9 9 4 9 1 9 2 2 1 1 1 9 3 4 . 2 1 11 2 9 2 2 11 4 5 4 11 5 . 2 3400
2 2 2 0 4 6 8 8 2 5 3 5 1 10 2 9 1 1 4 4 9 9 . . . . 4 3 6 3 4 3 1 3 . . 1 1 1 1 1 6 3 9 . 6 6 1 1 5 1 1 9 5 10 . 9 9 9 9 9 9 9 10 9 1 9 1 9 1 1 2 4 3 . . . 6 2 2 11 2 4 5 2 4 . 4 2 24 5 . 2 8000
0 2 0 1 7 6 8 1 1 6 2 6 9 11 1 9 1 1 1 1 1 9 7 8 15 9 3 5 6 7 5 2 1 . 5 . 1 1 2 4 1 7 6 9 9 . 6 9 . . 1 9 2 2 10 10 . 9 10 . . 9 10 9 9 1 9 1 9 1 1 6 5 . . . . 4 5 2 9 7 9 . . . . . 2 49 1 . 2 700
3 1 1 0 5 6 8 7 2 10 1 10 9 11 3 9 1 1 1 1 1 9 7 8 15 9 5 6 6 7 . 3 1 . 5 . 1 1 1 1 1 7 6 9 1 1 6 9 1 3 1 . 9 2 10 9 9 9 10 9 9 9 . 10 9 1 9 1 9 1 1 1 1 7 1 1 9 . 2 2 11 2 9 . . . . . . . 8 . 2 20000
0 0 5 1 4 6 8 7 1 12 2 12 3 9 1 9 1 1 1 1 2 9 8 7 15 9 4 . . . . . . . . . . . . . . 2 6 . . . . . . . . . . . . . . . . . . . . . . 1 9 1 9 1 1 . . . . . . . 5 2 . 8 8 . . . . . . . . . 2 3500
0 1 2 0 7 2 3 1 1 9 1 10 2 6 3 9 3 3 1 1 9 9 3 3 15 9 4 3 6 8 7 3 2 . 5 . 1 5 1 1 1 6 1 8 6 . 8 8 . 9 1 1 9 1 9 9 . 9 9 . 10 9 9 10 9 5 9 1 9 4 3 . . 6 1 6 1 . 5 2 . 8 8 . . . . . 4 11 1 . 1 .
0 1 1 7 1 1 8 7 5 9 1 1 9 11 3 9 1 1 4 3 9 9 13 2 15 9 1 2 6 1 1 3 1 3 2 3 1 . 1 7 2 4 3 9 6 1 6 9 1 6 1 1 3 6 10 9 9 9 10 9 9 9 9 9 9 2 9 1 9 4 3 2 3 . . 2 1 3 5 2 11 8 8 . . . . . 2 24 3 . 1 .
1 2 2 0 5 1 2 5 5 1 1 1 3 9 2 9 1 1 4 4 9 9 13 2 15 9 4 3 5 7 . 3 3 . . . 1 . 1 1 1 6 3 9 . . . 8 . 4 1 1 9 5 10 . . . 9 . 9 9 9 10 9 1 9 1 9 1 1 2 4 . . 3 1 . 5 2 7 8 8 . . . . . 4 25 3 . 2 14000
3 4 3 0 0 2 3 8 2 9 3 9 9 11 1 9 1 1 1 1 1 9 1 3 15 9 5 1 1 2 2 3 1 . . . 1 1 1 1 1 3 6 9 . 9 6 1 1 6 1 1 9 9 10 . 10 9 9 9 9 9 9 10 10 1 9 1 9 1 1 7 5 . . . . . 5 2 11 6 8 . . . . . . . . . 2 5000
2 2 2 0 4 2 8 2 2 8 1 8 9 11 6 1 3 3 1 1 9 9 1 3 15 9 . 3 5 7 . 2 1 2 2 6 1 1 1 1 1 6 1 9 9 9 6 1 1 1 1 1 9 5 10 10 10 9 9 9 9 9 9 10 9 1 9 1 9 2 3 1 1 . . . . 3 5 2 8 8 8 . . . . . 2 11 5 . 2 15000
0 1 1 0 8 1 8 4 6 10 1 10 9 11 . . 1 1 1 1 1 9 . . . . 3 6 5 7 7 3 3 1 . . 1 . 1 1 1 7 6 8 8 . 8 . . . 1 . 9 4 9 9 . 9 . 9 . 9 . 10 9 4 5 1 9 3 3 2 3 7 1 7 1 6 5 4 2 8 8 2 4 2 4 8 5 24 1 . 2 1000000
6 4 0 0 0 2 8 1 1 11 2 11 1 10 3 9 1 1 1 1 1 9 . . . . . 2 2 1 . 2 2 3 . 5 1 . 1 1 1 1 6 9 8 9 8 9 . 4 1 . 9 6 10 9 10 9 10 . 9 9 . 10 9 4 9 1 9 3 3 . . . . . . . 5 2 11 6 7 . . . . . 4 . 2 . 2 .
4 2 3 0 1 . . 5 3 6 2 6 9 11 . . 1 1 1 1 1 9 . . . . 5 2 4 2 . 2 1 . . . 1 3 1 1 1 1 6 9 6 . 6 1 . 2 1 1 9 . 10 9 . 9 9 . 9 9 9 10 . 1 9 1 9 1 1 1 1 . . . . . 5 2 11 8 8 . . . . . 2 13 8 . 2 100
1 2 1 1 5 2 8 8 2 9 3 9 9 11 1 9 1 1 1 1 1 9 8 7 15 9 4 3 5 7 . 3 1 1 1 3 1 1 1 3 1 6 6 9 9 . 9 . . . 1 . . 2 10 10 . 10 . . . 9 . . 9 1 9 1 9 1 1 3 5 1 9 7 1 . 5 2 8 9 8 . . . . . 2 . 6 . 2 2000
1 2 2 1 4 1 8 5 5 8 1 8 9 11 3 9 3 3 1 1 9 9 8 7 15 9 . 3 5 7 . 3 4 2 . . . . 1 3 1 6 1 1 8 . . 8 . 6 1 2 . 5 3 9 . . 9 . 9 9 9 . 9 4 9 1 9 4 2 1 2 6 4 6 4 1 5 2 . . 8 . . . . . 5 39 3 . 2 .
0 0 1 1 8 1 2 8 5 8 1 8 9 11 2 9 4 4 1 1 2 9 8 7 15 9 4 3 5 7 8 4 4 2 . 6 3 1 1 3 1 6 7 1 3 8 6 . 1 6 9 . 6 2 3 9 9 9 . 9 9 10 . 9 9 5 4 1 9 2 2 1 2 6 1 6 1 3 6 2 9 8 8 . . . . . 6 13 7 . 2 5500000
1 1 0 2 6 1 8 8 4 8 1 8 9 11 2 9 4 3 3 1 9 9 1 3 2 2 5 5 6 7 4 3 3 3 8 6 7 4 1 7 2 7 2 1 8 8 6 9 3 5 1 9 1 5 3 9 9 3 10 9 9 9 10 9 9 4 9 1 9 2 2 1 1 1 9 7 4 4 2 2 2 4 8 . . . . . . . 6 1 2 150000
0 0 0 5 5 1 2 5 5 8 1 8 9 11 2 9 3 1 1 1 9 9 10 1 8 1 5 3 6 8 . 4 3 4 . . 6 2 1 7 2 8 1 1 . . . . . 9 9 9 3 2 3 . . . . . 10 10 10 9 9 4 9 2 9 3 2 . . 6 4 7 1 6 2 2 9 4 8 2 2 11 3 8 6 13 . . 2 720000
1 2 0 2 6 3 8 8 2 1 1 1 9 11 2 9 1 1 4 3 9 9 7 8 15 9 4 3 6 6 . 4 1 2 . . 10 3 1 3 1 6 3 . . . . . . . . . . . . . . . . . . . . . . 1 9 1 9 3 2 . . . . . . . 2 2 9 4 8 . . . . . 1 99 8 . 2 4000
1 1 1 2 5 1 2 5 5 8 1 8 9 11 2 9 4 4 1 1 9 9 7 8 15 9 2 3 6 6 5 3 2 2 . 5 1 2 1 7 2 6 1 1 9 8 6 1 3 6 1 . 1 4 3 10 9 9 9 9 9 9 . 9 9 5 4 1 9 4 2 6 5 7 4 7 4 3 2 . 9 4 8 . . . . . 6 13 6 . 2 100000
0 1 1 2 6 1 8 7 4 8 1 8 2 6 6 2 4 4 1 1 9 9 7 8 15 9 2 5 6 5 3 3 2 2 6 3 1 2 1 7 2 7 1 1 9 8 6 9 . 9 1 3 1 4 3 10 9 9 10 . 10 9 9 9 9 2 9 1 9 1 1 1 1 7 4 7 4 6 2 1 2 4 8 . . . . . 2 11 6 . 2 800000
1 0 1 8 0 1 8 7 5 8 1 8 9 11 6 1 4 1 1 1 9 9 10 1 15 9 2 2 6 2 3 3 3 4 . . 6 . 1 6 2 4 1 1 . . . . 6 . . . 3 . 3 . . . . 9 . 9 . 9 . 2 9 1 9 4 3 . . . . . . 2 2 2 11 2 7 5 2 9 4 8 . . 3 . 2 110000
0 1 1 1 7 2 3 8 5 9 1 8 9 1 2 9 3 3 1 1 9 9 1 3 15 9 5 3 6 7 . 4 2 . . . 5 1 1 4 1 6 1 1 . . . . . 9 1 3 . 4 3 . . . . . 10 9 9 . 9 4 9 1 9 3 3 . . 4 1 4 1 . 2 2 9 4 8 . . . . . . . . . 1 38000
0 1 0 8 1 1 8 8 5 8 1 8 9 11 . . 4 1 1 1 9 9 10 1 7 4 2 2 . 1 . 3 3 4 . . 10 1 1 6 2 4 1 . . . . . . . . . . . . . . . . . . . . . . 2 9 . . 4 3 . . 1 9 4 1 . 5 2 6 9 6 . . . . . . . 8 . 2 .
0 0 1 2 7 1 8 1 1 6 2 6 1 10 . . 1 1 1 1 1 9 10 1 15 9 . 6 6 7 8 2 5 1 8 . . 1 3 7 2 7 6 1 1 . 1 8 . . 1 . 1 2 3 3 . 3 9 . . 9 . 9 9 5 9 . . 4 3 1 1 7 4 5 1 6 6 2 1 7 9 . . . . . . . 2 . 2 2000000
0 0 0 3 7 6 8 1 1 6 2 6 9 11 3 9 1 1 1 1 1 9 10 1 15 9 3 5 6 7 8 2 4 4 8 . 1 1 3 7 2 7 6 1 7 1 7 8 1 9 1 1 1 2 3 4 3 4 9 9 10 9 9 9 9 5 9 . . 1 1 3 5 5 1 5 1 2 5 3 1 8 11 . . . . . . . 8 . 2 .
0 0 1 3 6 7 8 6 1 2 2 2 9 6 3 9 1 1 1 1 2 9 12 5 15 9 3 5 5 7 7 3 5 4 8 . 1 1 3 7 2 7 6 1 7 . 8 8 . . 1 1 4 2 3 4 . 9 9 . . 9 9 9 9 5 9 . . 1 1 . . 7 1 7 1 . 5 2 3 8 8 . . . . . . . . . 2 .
0 1 0 5 4 1 8 8 2 8 1 8 9 11 6 2 4 4 1 1 9 9 13 2 15 9 . 5 6 7 . 3 2 4 . . 1 . 3 7 2 4 1 1 . 8 . . . . 1 . . 5 3 . 9 . . . . 9 . . 9 4 9 . . 4 3 1 1 7 1 7 1 . 6 2 1 7 9 . . . . . . . 1 . 2 350000
0 0 0 3 7 1 8 2 2 8 1 8 2 6 3 9 4 1 1 1 9 9 10 1 7 4 2 5 6 7 8 2 3 4 . . 10 . 3 7 2 7 1 . . . . . . . . . . . . . . . . . . . . . . 5 9 . . 1 1 . . 4 1 4 1 . 5 2 1 7 9 . . . . . . . . . 2 1440000
1 1 1 2 5 1 8 2 2 2 1 8 9 11 6 1 3 3 1 1 9 9 6 4 5 2 8 3 6 5 . 2 2 2 . . 5 . 1 7 2 6 1 . . . . . . 6 1 6 1 5 . . . . . . 9 9 9 9 9 1 9 1 9 1 1 . . . . 7 1 . 2 2 11 2 8 5 2 2 7 9 2 13 8 . 1 23400
0 1 0 8 1 1 2 2 2 8 1 8 2 6 1 9 5 1 1 1 9 9 10 1 7 4 . 2 6 1 5 2 2 4 8 . 3 1 1 3 2 4 1 1 6 8 9 9 4 6 1 9 2 . 3 9 9 10 10 9 9 9 10 9 . 2 9 2 9 1 1 1 1 1 9 7 1 2 5 2 6 7 6 5 2 6 8 6 . . . . 2 .
0 2 0 7 1 1 8 8 2 8 1 8 9 11 6 1 4 4 1 1 9 9 3 3 15 9 8 . . . . . . . . . . . . . . 4 1 . . . . . . . . . . . . . . . . . . . . . . 4 9 . . 3 . . . . . . . . 2 2 6 4 6 5 2 3 7 9 4 13 . . 2 300000
1 5 4 0 0 2 5 6 2 9 2 11 1 10 4 9 1 1 1 1 1 9 12 5 15 9 . 1 1 2 1 3 1 . . 2 1 1 1 1 1 3 6 9 . . . . . . 1 1 9 9 10 . . . . . . 9 9 10 10 1 9 1 9 2 2 4 5 1 9 7 3 . 2 2 11 4 8 5 2 3 9 3 2 59 5 . 1 .
0 0 1 2 7 1 8 7 2 8 1 8 9 11 1 9 4 3 1 1 9 9 3 3 15 9 4 6 6 7 8 3 5 . 5 2 1 1 3 7 1 7 1 1 8 . 8 . . 9 9 1 5 1 3 9 . 9 . . 10 10 9 9 9 5 9 1 9 2 2 3 5 7 1 7 1 . 5 . . . . . . . . . . . 3 . 2 600
0 0 0 5 5 7 8 3 7 8 1 8 9 11 3 9 4 4 1 1 9 9 12 5 15 9 6 5 6 3 4 3 3 1 . . 1 1 3 7 2 8 1 1 6 2 . 9 1 9 . 9 2 3 3 9 9 . 10 3 10 . 10 9 9 2 9 2 3 4 2 7 5 7 1 7 1 6 5 2 1 8 3 . . . . . . . 3 . 2 .
0 0 1 2 7 1 8 7 2 8 1 8 9 11 4 9 4 4 1 1 9 9 8 7 15 9 4 5 6 7 . 4 2 . . . 1 5 3 7 2 7 1 . . . . . 1 6 1 2 2 3 . . . . . 9 9 9 9 9 9 . . 4 9 2 2 6 5 7 1 7 1 . 5 2 2 8 8 . . . . . 4 49 4 . 2 650000
0 0 1 3 6 6 8 8 2 7 9 7 9 11 3 9 1 1 4 4 9 9 1 3 2 2 5 6 6 5 8 4 3 . . . 1 3 3 7 2 7 3 1 . . . . . 9 1 1 2 2 3 . . . . . 10 9 3 9 9 5 9 4 9 1 1 2 4 . . . . . 6 3 9 8 11 5 3 9 8 8 6 26 6 . 2 .
0 0 1 3 6 7 8 1 1 12 2 12 3 9 3 9 1 1 1 1 6 9 1 3 2 2 5 6 6 7 8 3 4 . . . 1 1 3 7 2 7 4 1 . . 3 8 . . . . . 2 3 . . 9 9 . . . . . 9 5 9 4 9 1 1 . . 5 1 5 1 6 5 2 2 8 8 5 2 9 8 11 6 . 4 . 2 2157000
0 1 0 2 7 2 7 6 2 9 1 8 9 11 3 9 4 3 1 1 9 9 6 4 5 2 7 3 6 7 2 3 1 1 . 3 1 4 2 7 1 6 1 1 6 9 9 . . 9 1 9 3 4 3 9 10 10 . . 10 9 10 9 9 2 9 1 9 . . 9 9 7 3 7 3 2 5 4 3 8 8 . . . . . . . . . 1 300
0 2 1 1 6 3 8 5 5 9 1 1 9 10 6 1 1 1 4 3 9 9 1 3 1 1 5 3 6 4 1 2 3 . . . . 3 1 3 1 6 3 1 9 . . 8 . 9 1 2 . 5 3 10 . . 9 . 10 9 9 . 9 . . 1 9 3 2 2 4 . . 3 . . 5 2 2 . 8 . . . . . . . 6 . 1 63000
1 1 8 0 0 6 8 2 2 9 2 6 1 10 3 9 1 1 1 1 1 9 . . . . 3 1 1 1 . 2 1 . . . 1 1 1 1 1 2 6 9 9 . . 1 . 9 1 2 9 9 10 10 . . 9 . 10 9 9 10 10 1 9 1 9 1 1 . . . . . . . . . . . . . . . . . 1 99 3 . 1 .
0 2 1 1 6 1 8 6 2 12 2 12 3 9 1 9 1 1 1 1 4 2 7 8 15 9 4 3 6 7 4 3 2 1 2 . 1 3 1 2 1 6 5 1 6 8 8 . . . 1 1 6 5 3 9 9 9 . . . 9 9 9 9 4 9 1 9 1 1 1 1 5 4 5 4 . 5 2 1 . 1 . . . . . . . 5 . 2 35000
0 0 1 2 7 6 8 8 2 7 9 7 3 5 2 9 1 1 5 4 9 9 1 3 1 1 4 6 6 7 . 4 3 4 . . 10 2 3 7 1 7 3 1 6 . 8 8 . . . 1 . 2 3 9 . 9 9 . . . 9 . 9 4 9 1 9 4 2 2 4 1 9 3 1 . 5 4 3 8 8 . . . . . 2 69 7 . 2 2000000
1 1 2 1 5 1 2 7 2 9 1 8 9 11 3 9 3 3 1 1 9 9 1 3 2 2 4 3 5 7 . 3 2 . . . 1 2 1 2 1 6 1 1 8 . 8 8 . 1 1 1 5 5 3 9 . 9 9 . 9 9 9 9 9 4 9 1 9 2 2 1 1 7 1 7 1 . 5 4 10 8 8 . . . . . 2 11 8 . 1 25000
4 4 2 0 0 7 8 5 3 8 1 8 9 11 6 1 6 6 1 1 9 9 6 4 5 2 5 1 1 1 1 2 1 . . . 1 . 1 1 1 8 1 9 9 9 9 . . 6 1 3 9 9 10 10 10 10 . . 9 9 9 10 10 1 9 1 9 1 1 . . 1 9 . . . . . . . . . . . . . . . . . 2 150
3 1 3 1 2 4 8 8 2 8 1 8 9 11 2 9 4 3 1 1 9 9 6 4 5 2 5 4 4 7 . 4 1 . . . . . 1 2 1 8 1 9 . . . . . 2 1 1 1 5 10 . . . . . 9 9 9 9 9 1 9 1 9 2 2 4 5 . . . . . 5 4 . 9 8 . . . . . 1 99 . . 2 6000
0 0 4 1 5 6 8 7 1 8 1 8 9 1 2 9 3 3 4 4 9 9 12 5 15 9 1 4 5 5 2 3 2 . . 6 1 5 1 2 1 6 2 9 6 9 . 1 1 9 9 2 6 5 10 9 10 . 3 9 10 10 9 9 9 4 9 1 9 1 1 1 2 3 1 3 1 6 5 3 7 8 8 . . . . . 4 . 3 . 2 7000
0 1 3 0 6 1 8 2 2 10 1 10 9 11 2 9 1 1 1 1 4 9 8 7 15 9 4 4 5 6 3 3 1 1 5 . 1 5 1 2 1 6 5 9 9 9 9 1 1 9 1 2 6 4 10 10 10 10 3 9 10 9 9 9 9 1 9 1 9 1 1 1 1 5 1 5 1 2 5 2 3 8 8 . . . . . 2 13 4 . 2 1200
0 0 2 1 7 6 8 1 1 5 3 5 1 1 2 9 1 1 3 3 2 9 12 5 15 9 4 4 5 7 . 3 2 . . . . 1 1 2 1 6 7 9 9 . . 8 . 9 9 3 . 1 10 10 . . 9 . 10 10 9 . 9 4 9 1 9 1 1 1 2 . . . . 3 5 . . . . . . . . . 4 . 4 . 2 3000
0 0 6 0 4 6 8 8 2 11 2 11 1 10 2 9 1 1 1 1 4 9 7 8 15 9 6 4 4 7 . 3 2 . . 6 6 5 1 1 1 2 5 9 9 9 9 8 . 9 9 3 9 1 10 10 10 10 9 . 10 10 9 10 9 1 9 1 9 1 1 1 2 . . 5 1 6 5 2 . 8 8 . . . . . 4 13 3 . 2 400
1 0 4 0 5 6 8 8 2 2 2 2 9 11 2 9 1 1 1 1 4 2 12 5 15 9 4 6 5 7 . 3 3 1 8 . . . 1 2 1 7 5 9 9 9 9 1 1 . 9 2 . 1 10 10 10 10 3 9 . 10 9 . 9 4 3 1 9 4 2 1 1 5 4 5 4 6 5 3 8 8 8 5 3 1 9 8 5 11 6 . 2 .
1 3 6 0 0 2 8 2 2 9 2 12 3 9 3 9 1 1 1 1 6 9 1 3 1 1 5 1 1 2 2 3 1 1 5 . 1 1 1 1 1 2 4 9 9 6 9 1 3 6 1 2 9 9 10 10 9 10 9 9 9 9 9 10 10 1 9 1 9 1 1 7 5 7 1 7 1 . 2 1 11 4 9 2 2 11 4 4 2 59 . . 1 .
2 2 6 0 0 1 7 8 6 1 1 1 9 11 3 9 1 1 5 5 9 9 1 3 2 2 5 1 1 3 . 4 2 1 5 . 1 3 1 1 1 2 3 9 6 . 9 1 1 6 1 2 9 9 10 9 . 10 9 9 9 9 9 10 10 4 9 1 9 4 2 2 4 3 4 3 4 . 5 1 3 8 3 . . . . . . . 6 . 2 .
4 3 3 0 0 4 8 2 2 9 1 10 2 6 3 9 1 1 1 1 1 9 7 8 15 9 4 1 1 3 2 2 1 2 5 3 1 1 1 1 1 1 6 9 9 1 9 9 1 5 1 2 9 9 10 10 9 10 10 9 9 9 9 10 10 2 9 1 9 1 1 1 1 1 9 1 9 3 2 1 11 4 9 2 2 11 4 8 2 11 1 . 1 2000
3 3 4 0 0 6 8 2 2 9 2 12 3 9 3 9 1 1 1 1 1 9 7 8 15 9 4 1 1 2 . 2 2 2 5 3 1 1 1 4 1 2 6 9 9 6 8 1 3 6 1 1 1 9 10 10 9 9 9 9 9 9 9 9 10 1 9 1 9 2 2 5 5 1 9 7 1 3 5 1 11 8 7 2 2 11 4 7 2 59 . . 1 .
2 8 0 0 0 1 8 5 3 10 1 10 2 6 3 9 1 1 1 1 1 9 8 7 15 9 4 1 1 1 . 2 2 . . 3 1 1 1 4 1 3 6 9 9 6 9 9 6 6 1 1 1 9 10 10 9 10 10 9 9 9 9 9 10 1 9 1 9 1 1 5 5 1 9 5 1 2 2 2 11 4 5 . . . . . 4 59 8 . 2 .
0 1 1 1 7 1 8 5 5 6 2 6 1 10 4 9 4 4 1 1 9 9 8 7 15 9 5 5 4 7 7 2 4 2 6 5 1 2 1 7 2 7 1 1 9 1 1 1 1 9 1 1 1 5 3 10 3 3 3 9 10 9 9 9 9 4 9 1 9 4 2 3 5 7 2 7 2 3 2 2 11 3 8 . . . . . 6 39 6 1 2 600000
1 4 1 0 4 2 8 8 3 9 2 2 9 11 3 9 4 4 1 1 2 9 7 8 15 9 6 3 6 2 . 4 2 4 . . 1 1 1 4 1 8 7 9 9 6 6 1 6 . 1 . 1 6 10 10 9 9 9 9 . 9 . 9 9 1 9 1 9 3 2 1 1 . . 1 9 . 5 2 4 . 4 2 2 11 2 7 4 11 1 . 1 2000
0 3 2 0 5 6 8 7 3 10 1 10 9 11 3 9 1 1 1 1 1 9 7 8 15 9 8 3 6 7 4 3 2 2 2 . 1 . 1 1 1 6 6 9 6 6 6 1 1 . 1 1 9 5 10 9 9 9 9 9 . 9 9 10 9 3 9 4 9 . . 2 3 . . . . 6 5 2 2 2 8 . . . . . 4 26 1 . 2 .
0 2 1 0 7 6 8 7 1 5 3 5 2 6 1 9 1 1 4 4 9 9 7 8 15 9 4 6 6 7 5 3 1 1 . 2 1 1 2 4 1 7 3 9 . . 6 9 . . 1 1 . 2 10 . . 9 10 . . 9 9 . 9 1 9 1 9 1 1 6 5 . . 5 1 . 5 2 9 7 9 . . . . . 2 59 . . 2 600
2 1 1 0 6 6 8 7 2 10 1 10 9 11 3 9 1 1 1 1 1 9 7 8 15 9 4 6 6 7 . 3 1 . 5 . 1 1 1 1 1 7 6 9 8 1 6 8 . . 1 2 9 1 10 9 9 9 9 . . 9 9 10 9 1 9 1 9 1 1 6 5 . . . . . 5 2 8 8 8 . . . . . . . 8 . 2 .
0 1 0 1 8 6 8 7 1 10 1 10 9 11 2 9 1 1 1 1 1 9 . . . . 4 3 6 7 . 4 2 4 . 3 1 1 2 7 1 6 6 9 6 6 6 9 1 9 1 1 1 2 10 9 9 9 10 9 10 9 9 9 9 . . 1 9 1 1 6 5 5 1 5 1 3 5 2 9 9 8 . . . . . . . 8 . 2 .
0 1 3 0 6 6 8 2 2 6 2 6 4 7 3 9 1 1 1 1 4 9 1 3 15 9 5 4 5 7 6 2 1 4 . 3 1 1 1 1 1 6 5 9 9 9 9 1 1 . 1 3 9 5 10 10 10 10 9 9 . 9 9 10 9 1 9 1 9 1 1 3 5 . . . . . 5 2 8 8 8 . . . . . 8 39 6 . 2 30000
3 1 1 0 5 6 8 2 2 9 3 9 2 6 3 9 1 1 1 1 1 9 1 3 1 1 5 3 6 7 1 2 1 2 . . 1 1 1 1 1 6 6 9 6 9 1 . . . 1 2 9 3 10 9 10 9 . . . 9 9 10 9 1 9 1 9 1 1 4 5 . . . . . 5 . . . . . . . . . . . . . 2 156
1 3 2 0 4 2 8 2 2 9 2 11 1 10 4 9 1 1 1 1 1 9 1 3 1 1 5 3 5 7 1 2 1 1 . 3 1 . 1 1 1 6 6 9 9 9 6 1 1 6 1 2 9 5 10 10 10 9 9 9 9 9 9 10 9 1 9 1 9 1 1 . . . . . . 6 5 2 10 8 8 . . . . . . . 1 . 1 .
1 2 2 0 5 2 8 2 2 9 2 2 9 11 3 9 1 1 1 1 1 9 1 3 15 9 5 3 5 7 . 2 1 1 . . 1 1 1 1 1 6 6 9 3 . 6 1 1 5 1 2 9 5 10 9 . 9 9 9 9 9 9 10 9 1 9 1 9 1 1 1 1 . . 7 1 6 2 2 8 4 8 5 2 8 8 8 . . 5 . 1 180
0 1 1 1 7 6 8 1 1 6 2 6 9 2 3 9 1 1 1 1 1 9 8 7 15 9 3 . . . . . . . . . . . . . . 9 6 . . . . . . . . . . . . . . . . . . . . . . 3 9 1 9 1 1 3 5 . . 7 4 . 5 2 9 8 8 . . . . . . . . . 2 .
0 3 2 0 5 6 8 4 6 12 2 12 3 9 3 9 1 1 1 1 1 9 10 1 15 9 . 3 5 7 1 2 1 2 2 . 1 5 1 1 1 6 6 9 6 . 9 8 . . 1 1 9 6 10 3 . 10 9 . . 9 9 10 9 1 9 1 9 1 1 1 1 . . . . . 5 2 10 . 8 2 2 11 2 8 . . 1 . 2 5000
1 1 2 1 5 2 8 7 2 9 1 10 2 6 3 9 1 1 1 1 1 9 10 1 15 9 . 3 6 7 . 3 2 . 5 . 1 . 1 1 1 6 6 9 6 1 6 9 1 . 1 3 4 2 10 9 9 9 10 9 . 9 9 9 9 . . 1 9 . . 1 1 7 1 . . . 5 2 2 8 8 . . . . . 4 13 8 . 1 .
2 2 1 0 5 6 8 8 3 11 2 11 1 10 . . 1 1 1 1 1 9 . . . . 5 3 5 7 1 3 1 1 2 . 1 1 1 1 1 6 6 9 8 . 8 9 1 . 1 . . . 10 9 . 9 10 9 . 9 . . . 1 9 1 9 2 3 1 1 . . . . . 3 2 11 1 8 . . . . . . . 8 . 2 340
2 2 1 0 5 3 8 8 1 5 3 5 9 11 2 9 . . . . 9 9 11 6 15 9 1 3 5 7 2 3 1 2 2 3 1 1 1 1 1 6 . 9 9 . 9 1 . 6 1 2 9 4 10 10 . 10 9 . 9 9 9 10 9 1 9 1 9 1 1 2 4 . . . . 1 5 2 8 8 8 . . . . . 2 26 5 . 2 160
0 2 1 0 7 1 8 7 5 8 1 8 9 11 6 2 3 3 1 1 9 9 . . . . 4 3 4 6 . 4 3 1 6 . 1 2 1 7 1 6 1 1 1 9 6 . . . 1 5 . 5 3 9 10 9 . . . 9 9 . 9 1 9 1 9 2 3 . . 7 4 7 4 6 2 2 . 4 8 5 2 . 8 8 4 11 1 . 2 16000
0 1 1 1 7 1 8 7 5 8 1 8 9 11 6 2 4 3 1 1 9 9 8 7 15 9 4 3 5 7 5 4 1 1 . . 1 2 1 3 1 6 1 . . . 8 8 . 6 1 2 . 5 . . . 9 9 . 9 9 9 . 9 1 9 1 9 1 1 4 5 1 9 6 1 6 5 2 2 8 8 . . . . . 2 13 . . 2 150000
1 0 6 0 3 1 2 8 6 8 1 8 9 11 . . 3 1 1 1 9 9 10 1 15 9 . 6 6 3 . 4 2 4 . . 6 5 1 1 1 2 1 . . . . . . 9 9 1 9 2 . . . . . . 10 10 9 10 9 1 9 2 9 3 2 . . 6 4 4 1 . 6 2 9 7 9 2 2 11 2 8 2 13 . . 2 29000
0 1 1 4 4 1 8 7 5 10 1 1 9 11 6 1 1 1 4 4 9 9 1 3 15 9 5 3 6 6 . 3 3 . . . 6 . 1 7 2 8 3 . . . . . . 9 1 4 1 4 . . . . . . 10 9 9 9 9 4 9 1 9 3 2 2 3 2 4 2 4 . 2 2 7 4 8 . . . . . 5 24 3 . 1 40000
0 0 0 1 9 1 8 7 2 8 1 8 9 11 6 2 4 4 1 1 9 9 8 7 15 9 6 5 6 6 . 4 1 2 . . 1 1 1 3 1 7 1 1 9 8 6 9 1 9 1 9 . 3 3 10 9 3 10 9 10 9 10 . 9 1 9 2 9 1 1 6 5 7 1 7 1 . 2 2 9 4 8 . . . . . 2 13 8 . 2 100000
1 1 1 1 6 1 8 5 5 8 1 8 9 11 6 1 3 3 1 1 9 9 7 8 15 9 . 3 5 7 4 3 1 2 5 5 5 . 1 3 1 6 1 1 9 . 6 . . 4 1 4 6 5 3 10 . 9 . . 9 9 9 9 9 1 9 1 9 4 3 1 1 7 4 7 4 3 2 2 9 4 8 2 2 11 2 8 2 11 6 . 2 200000
0 0 0 5 5 1 8 2 2 8 1 8 2 6 3 9 4 4 1 1 2 9 8 7 15 9 6 5 6 5 . 2 2 2 . 3 7 5 1 7 2 8 7 1 9 6 6 9 3 . 1 9 3 5 3 10 9 3 10 9 . 9 10 9 9 1 9 1 9 1 1 4 5 7 4 7 4 . 2 2 2 4 8 . . . . . 3 69 1 . 2 113000
0 0 1 3 6 6 8 8 1 12 2 12 3 9 4 9 1 1 1 1 1 9 7 8 15 9 3 5 6 6 8 3 4 4 6 5 2 1 3 7 2 7 6 1 1 1 6 . 1 . 1 1 3 2 3 3 3 3 . 9 . 3 9 9 9 5 9 2 9 4 2 3 5 7 1 7 1 2 2 2 2 4 8 . . . . . . . 6 . 2 22000
1 1 0 2 6 1 8 5 5 8 1 8 9 11 3 9 3 1 1 1 9 9 1 3 15 9 5 3 6 7 . 3 3 4 . . 10 2 1 7 1 6 1 1 8 . . . . . 1 . . 4 3 9 . . . . . 9 . . 9 4 9 1 9 4 3 . . . . . . . 2 2 9 4 8 5 2 9 7 9 . . . . 2 33000
0 0 0 9 1 1 8 2 2 8 1 8 9 11 2 9 5 1 1 1 9 9 10 1 7 4 2 2 . 1 . 3 2 4 . . 4 1 1 6 2 4 1 . . . . . . . . . . . . . . . . . . . . . . 3 5 4 9 4 3 . . . . 4 1 2 5 2 6 1 6 5 2 9 7 9 . . . . 2 15000
0 1 0 4 5 1 8 2 2 8 1 8 9 11 3 9 4 1 1 1 9 9 10 1 7 4 . 5 6 3 . 3 3 4 . . 3 . 3 7 2 7 1 . . . . . . . . . . . . . . . . . . . . . . 2 9 . . 3 2 9 9 7 1 7 1 2 5 2 6 1 6 . . . . . . . . . 2 450000
0 0 1 3 6 7 8 1 1 10 1 10 2 6 3 9 1 1 1 1 2 9 7 8 15 9 3 5 6 7 8 2 4 4 . . 1 1 3 7 2 7 6 1 7 . 7 8 1 9 9 1 1 3 3 4 . 4 9 3 10 10 9 3 9 5 9 1 9 1 1 6 5 5 1 5 1 . 5 2 1 9 11 . . . . . . . 5 . 2 .
0 0 1 3 6 7 8 6 1 10 1 10 2 6 1 9 1 1 1 1 2 9 7 8 15 9 3 5 6 7 8 3 5 4 . . 1 1 3 7 2 7 6 1 7 . 8 8 . 6 1 1 5 2 3 4 . 9 9 . 9 9 9 9 9 5 9 1 9 1 1 6 5 7 3 7 1 . 5 2 . . . . . . . . . . . . 2 .
0 0 0 5 5 1 8 7 6 8 1 8 9 11 6 1 4 4 1 1 9 9 . . . . . 5 6 7 . . . 4 . . 10 . 3 7 2 8 1 1 6 8 . . . . 1 . . 2 3 9 9 . . . . 9 . . 9 . . . . . . . . . . . . . 5 2 1 7 9 . . . . . . . 8 . 2 400000
0 0 1 2 7 6 8 1 1 8 1 8 2 6 1 9 3 1 1 1 9 9 12 5 15 9 2 5 4 7 8 3 4 4 . . . . 3 7 2 7 1 1 7 . 8 8 1 . . 1 . 1 3 4 . 9 9 3 . . 9 . 9 5 9 1 9 1 1 6 5 7 1 7 1 . 5 2 1 7 9 5 2 1 9 11 . . 8 . 2 1575000
0 0 0 4 6 1 8 7 2 8 1 8 9 11 1 9 4 1 1 1 9 9 10 1 15 9 2 6 6 6 3 3 . 4 . . 4 1 3 7 2 7 1 1 6 . . 9 1 . 9 9 2 1 3 9 . . 10 9 . 10 10 9 9 2 9 2 9 . . 7 5 7 1 4 1 2 5 2 9 8 2 5 2 6 1 6 . . 8 . 2 3000
0 1 0 8 1 1 8 8 1 8 1 8 9 11 3 9 4 3 1 1 9 9 3 3 15 9 6 2 . 3 3 3 3 1 . . 1 1 3 7 2 4 1 1 . 1 . 9 1 . 1 9 3 1 3 . 9 . 10 9 . 9 10 9 9 4 2 1 9 4 2 . . 1 9 . . . 5 2 9 . 11 . . . . . . . . . 2 2300
2 3 4 0 1 6 8 2 2 12 2 12 3 9 1 9 1 1 3 3 9 9 13 2 15 9 2 3 6 3 1 3 2 1 2 3 1 1 1 1 1 2 3 9 6 4 9 1 3 6 1 3 9 5 10 9 9 10 9 9 9 9 9 10 9 1 9 1 9 1 1 1 1 . . 7 1 6 5 2 8 8 8 . . . . . 8 13 6 . 2 15500
0 0 2 2 6 3 7 6 1 8 1 8 2 6 3 9 4 1 1 1 2 9 12 5 15 9 3 5 5 7 8 3 3 1 5 . 1 1 3 7 1 7 7 1 5 . 2 1 2 9 9 1 3 4 3 9 . 9 3 9 10 10 9 9 9 4 5 1 9 1 1 6 5 7 4 7 4 3 5 3 3 9 8 5 3 3 9 11 4 99 4 . 2 517000
0 1 1 1 7 1 8 7 2 8 1 8 2 6 . . 4 1 1 1 9 9 . . . . 8 . . . . . . . . . . . . . . 9 1 . . . . . . . . . . . . . . . . . . . . . . . . . . . . . . . . . . . . . . . . . . . . . . . . . 2 .
0 0 0 4 6 1 8 7 2 8 1 8 9 11 3 9 4 4 1 1 2 9 8 7 15 9 4 5 6 7 8 4 5 1 . . 1 1 3 7 2 7 7 1 1 . 9 . 1 . 9 1 5 2 3 3 . 10 . 3 . 10 9 9 9 5 9 4 9 1 1 6 5 7 1 7 1 1 5 2 1 8 8 . . . . . . . 6 . 2 5000000
1 1 1 2 5 1 8 1 1 8 1 8 9 11 6 1 4 4 1 1 9 9 1 3 15 9 4 3 5 4 2 2 2 2 2 . 1 5 3 7 1 6 1 . 9 . 8 . 1 6 1 2 1 4 . 10 . 9 . 9 9 9 9 9 9 . . . . 1 1 1 1 . . 7 1 6 5 2 3 8 8 . . . . . . . . . 2 2000000
2 0 1 4 3 1 8 5 5 8 1 8 3 9 1 9 3 1 1 1 9 9 12 5 15 9 4 3 6 3 . 2 2 2 6 . 6 1 1 7 2 4 1 1 6 . 9 9 1 . 1 5 1 4 3 9 . 10 10 9 . 9 9 9 9 4 9 1 9 4 2 1 2 7 4 7 1 6 5 2 3 8 8 5 2 8 6 8 . . . . 2 255000
7 3 0 0 0 3 8 2 2 2 2 12 3 9 4 9 1 1 1 1 1 9 8 7 15 9 . 1 1 1 1 2 1 2 . 6 1 . 1 1 1 1 6 9 9 1 9 9 6 6 1 9 9 9 10 10 9 10 10 9 9 9 10 10 10 1 9 1 9 1 1 1 1 1 9 1 9 . 1 2 11 5 8 . . . . . . . . . 1 300
0 1 2 1 6 6 8 1 1 9 3 9 9 11 3 9 1 1 1 1 1 9 12 5 15 9 3 6 6 7 . 3 1 2 1 . 1 . 1 7 1 7 6 9 6 . 9 . 1 2 1 4 . 4 10 9 . 10 . 9 9 9 9 . 9 2 9 1 9 2 2 1 1 5 1 5 1 . 5 4 3 8 8 . . . . . . . 1 . 2 2000000
1 2 1 1 5 6 8 2 2 8 1 8 9 11 3 9 3 3 1 1 9 9 8 7 15 9 5 3 6 4 4 2 1 1 . . 1 . 1 7 1 6 1 1 6 . . . . 4 1 4 4 5 3 9 . . . . 9 9 9 9 9 1 9 1 9 1 1 1 2 7 4 7 1 6 5 4 3 9 8 . . . . . 2 12 3 . 2 40000
0 1 2 1 6 6 8 8 2 5 3 5 1 1 2 9 1 1 4 3 9 9 1 3 3 3 5 3 6 6 3 3 2 1 6 5 5 . 1 1 1 6 3 1 9 9 6 8 1 9 1 1 . 5 3 10 10 9 9 9 10 9 9 . 9 1 9 1 9 4 2 2 3 . . 3 4 4 2 2 . 4 8 5 2 . . 8 4 24 3 1 2 360000
0 1 1 1 7 2 3 2 2 11 2 11 1 10 1 9 1 1 1 1 2 9 7 8 15 9 3 3 6 7 . 2 1 . . . 1 1 1 7 1 6 6 1 . . . . . . 1 2 . 4 3 . . . . . . 9 9 . 9 4 9 1 9 2 2 9 9 5 1 5 1 . 5 . . . . . . . . . 3 59 . . 2 7000
0 1 2 1 6 2 8 1 1 12 2 12 3 9 2 9 1 1 1 1 5 9 13 2 15 9 3 4 5 7 . 3 1 . . . 1 . 1 2 1 6 5 9 9 9 9 8 . 9 1 2 . 3 10 10 10 10 9 . 10 9 9 . 9 1 9 1 9 1 1 9 9 3 . . . 6 5 4 . . 8 . . . . . 1 99 1 . 2 10000
0 1 3 1 5 1 5 7 2 8 1 8 3 9 2 9 4 4 1 1 9 9 1 3 2 2 . 3 6 7 5 4 3 . 2 . 1 1 1 3 1 6 1 1 6 . 9 8 . . . . 3 2 3 9 . 10 9 . . . . 9 9 4 9 1 9 4 2 . . 7 1 7 1 . 5 2 3 9 8 . . . . . . . 3 . 2 .
7 2 1 0 0 . . 4 6 8 1 8 9 1 6 1 6 4 1 1 9 9 11 6 10 5 5 1 1 1 1 2 1 1 . . 6 . 1 1 1 1 1 9 9 . 9 . . 6 1 2 9 9 10 10 . 9 . . 9 9 9 10 10 . . . . . . . . . . . . . . . . . . . . . . . . . . . 2 176
0 1 0 2 7 1 8 2 2 8 1 8 3 9 6 2 5 4 1 1 9 9 8 7 15 9 5 3 5 5 4 4 1 1 1 5 1 5 1 2 1 6 1 9 9 9 9 9 2 9 1 9 5 3 10 10 10 10 10 9 10 9 10 9 9 1 9 1 9 1 1 9 9 7 1 7 1 2 5 2 3 8 8 . . . . . . . 5 . 2 90000
1 0 5 0 4 1 8 2 2 12 2 12 3 9 2 9 1 1 1 1 4 2 7 8 15 9 4 4 5 7 4 3 2 . . . . 1 1 2 1 2 5 9 9 9 9 1 1 4 9 2 9 4 10 10 10 10 9 9 9 10 9 10 9 2 9 1 9 2 2 6 5 4 1 5 1 2 5 3 7 8 8 . . . . . 2 69 . . 2 450
2 1 2 1 4 1 5 7 3 10 1 4 2 6 2 9 1 1 5 5 2 9 1 3 1 1 5 4 5 6 3 4 1 . . . 1 5 1 2 1 6 7 9 9 . . 1 1 2 1 3 6 4 10 10 . . 9 9 9 9 9 9 9 2 9 1 9 1 1 7 5 . . 5 1 . 5 . . . . . . . . . 1 99 8 . 1 .
1 0 3 1 5 1 2 8 5 8 1 8 9 11 6 1 3 3 1 1 9 9 7 8 15 9 4 4 5 7 . 3 2 . . . . 5 1 2 1 6 1 9 9 . . 8 1 2 9 2 . 6 10 10 . . 9 9 9 10 9 . 9 4 9 1 9 3 2 1 1 7 1 7 1 . 2 2 11 3 8 . . . . . 4 11 8 . 2 .
0 0 4 1 5 6 8 7 2 10 2 2 9 11 3 9 1 1 1 1 2 9 7 8 15 9 4 4 5 7 . 3 2 1 . 4 1 5 1 2 1 6 6 9 6 9 9 1 1 9 1 2 . 6 10 9 10 10 9 9 10 9 9 . 9 4 9 1 9 1 1 1 1 5 1 5 1 6 5 2 7 8 8 . . . . . . . 3 . 1 482
0 0 6 0 4 6 8 2 2 12 2 12 3 9 3 9 1 1 1 1 4 9 12 5 15 9 4 4 4 7 . 3 3 1 2 3 6 . 1 1 1 2 5 9 9 9 9 1 1 . 9 2 9 4 10 10 10 10 3 3 . 10 9 10 9 4 9 1 9 1 1 1 1 7 4 7 4 6 5 2 8 8 8 . . . . . . . 6 . 2 3000
1 4 5 0 0 6 8 2 2 11 2 11 1 10 3 9 1 1 1 1 1 9 12 5 15 9 4 1 1 2 . 2 1 2 2 . 1 . 1 1 1 2 6 9 9 6 6 2 2 6 1 2 9 9 10 10 9 9 9 9 9 9 9 10 10 2 9 1 9 1 1 9 9 1 9 7 1 3 5 1 3 2 9 5 2 4 8 4 . . 5 . 2 .
2 3 5 0 0 4 8 . . 9 1 1 9 10 3 9 1 1 4 4 9 9 1 3 2 2 5 1 1 3 4 3 1 1 5 . 1 3 1 1 1 2 3 9 6 8 9 1 . . 1 1 9 9 10 9 9 10 9 . . 9 9 10 10 4 9 1 9 4 2 2 3 1 9 1 9 1 5 1 3 8 3 . . . . . . . 4 . 1 400
3 2 5 0 0 4 1 7 2 12 2 12 3 9 3 9 1 1 1 1 1 9 7 8 15 9 4 1 1 2 1 3 1 1 5 3 1 1 1 1 1 2 6 9 9 6 9 2 2 6 1 2 9 9 10 10 9 10 9 9 9 9 9 10 10 2 9 1 9 2 3 7 5 1 9 1 9 2 2 1 11 9 9 2 2 11 2 7 . . 7 . 2 1400
2 3 5 0 0 4 2 7 2 12 2 12 3 9 3 9 1 1 1 1 2 9 7 8 15 9 4 1 1 2 1 3 1 . 5 2 1 1 1 1 1 2 6 9 9 5 9 2 2 5 2 2 9 9 10 10 9 10 9 9 9 9 9 10 10 2 9 1 9 2 2 1 1 7 1 7 1 6 5 1 11 8 3 2 1 11 4 3 . . . . 2 600
1 9 0 0 0 1 8 7 3 12 2 12 3 9 4 9 1 1 1 1 2 9 8 7 15 9 5 1 1 2 . 3 2 2 5 . 1 . 1 4 1 3 6 9 9 6 9 . 6 5 1 1 1 9 10 10 9 10 . 9 9 9 9 9 10 1 9 1 9 2 3 5 5 1 9 . . 3 2 2 11 4 5 . . . . . 3 59 4 . 2 .
1 3 1 0 5 6 8 8 2 11 2 11 1 10 3 9 1 1 1 1 1 9 7 8 15 9 4 3 6 6 . 3 3 4 5 . 1 1 1 1 1 6 6 9 9 5 6 . 1 6 1 . 9 5 10 10 9 9 . 9 9 9 . 10 9 4 9 1 9 2 3 1 1 . . . . . 2 2 11 3 8 . . . . . 4 11 1 . 2 .
0 1 0 3 6 1 8 7 6 8 1 8 2 6 6 1 4 4 1 1 9 9 1 3 2 2 5 5 6 5 . 3 3 . . 6 1 2 1 7 2 7 1 1 . . . . 1 9 1 9 1 5 3 . . . . 9 10 9 10 9 9 4 9 1 9 4 2 . . . . 4 1 . 5 2 . 7 9 . . . . . 5 13 5 2 2 85000
2 2 2 0 4 . . 8 2 5 3 5 9 11 2 9 1 1 5 5 9 9 . . . . 1 3 6 3 . 3 2 1 . . 1 . 1 1 1 6 3 9 9 . 6 8 1 . 1 . 9 5 10 10 . 9 9 9 . 9 . 10 9 4 9 1 9 . . 2 3 2 1 2 1 . 2 2 2 4 8 5 2 2 . 8 4 . . . 2 .
1 2 0 0 7 6 8 1 1 2 2 6 9 11 1 9 1 1 3 3 9 9 7 8 15 9 3 6 6 7 5 3 1 . 5 . 1 1 1 4 1 7 3 9 1 . 6 9 . 4 1 9 . 1 10 9 . 9 10 . 9 9 10 . 9 1 9 1 9 1 1 6 5 . . 6 1 . 5 2 9 7 9 . . . . . 2 26 . . 1 650
2 2 1 0 5 6 8 1 1 6 2 6 9 11 . . 1 1 1 1 1 9 . . . . 3 . . . . . . . . . . . . . . 9 6 . . . . . . . . . . . . . . . . . . . . . . . . . . . . . . . . . . . . . . . . . . . . . . . . . 2 60000
0 1 2 0 7 6 8 7 2 10 1 10 9 11 2 9 1 1 1 1 1 9 10 1 15 9 2 5 6 7 . 4 3 . . . 1 . 1 1 1 7 6 8 6 . 8 8 1 . 1 . 9 1 9 9 . 9 9 9 . 9 . 10 9 4 9 1 9 . . 1 1 7 . 7 . . 5 3 3 9 3 5 2 9 8 8 . . 1 . 2 .
0 0 0 1 9 3 8 7 1 8 1 8 9 11 2 9 3 3 1 1 9 9 7 8 15 9 4 3 6 7 6 4 . 4 . . 1 1 1 4 1 6 1 . 6 . 8 . . . . . 1 1 . 9 . 9 . . . . . 9 9 2 9 1 9 1 1 3 5 7 1 7 1 2 5 2 9 8 8 5 2 9 8 11 . . 8 . 2 1300
1 1 2 0 6 1 8 7 2 10 1 10 9 11 . . 1 1 . . . . . . . . . 6 5 7 . 2 3 2 2 . 1 . 1 1 1 7 . 9 9 9 8 1 . . 1 1 9 5 10 10 10 9 9 . . 9 9 10 9 4 9 1 9 3 3 2 3 . . 2 . 6 2 2 3 4 8 5 2 3 8 8 . . 1 . 2 .
2 4 3 0 1 6 8 2 2 9 3 9 9 11 4 9 1 1 1 1 1 9 1 3 1 1 5 3 5 2 . 2 1 1 . . 1 . 1 1 1 3 6 9 6 . 8 8 . 6 1 1 9 5 10 9 . 9 9 . 9 9 9 10 9 1 9 1 9 1 1 . . . . . . . 2 2 11 3 8 5 2 11 8 8 . . . . 2 4000
3 4 1 0 2 2 8 8 6 9 2 2 9 11 2 9 1 1 1 1 1 9 8 7 15 9 4 2 5 2 1 3 1 1 . . 1 . 1 1 1 3 6 9 6 9 8 9 . . 1 . 9 . 10 9 10 9 9 . . 9 . 10 . 1 9 1 9 1 1 1 2 . . . . 6 5 2 3 9 8 . . . . . . . . . 1 2500
0 4 1 0 5 2 5 6 2 10 1 10 2 6 4 9 1 1 1 1 1 9 1 3 1 1 5 3 6 5 1 2 1 1 2 2 1 1 1 1 1 6 6 9 6 9 6 9 1 4 1 1 9 3 10 9 10 9 10 9 9 9 9 10 9 1 9 1 9 1 1 9 9 1 9 1 9 6 5 2 10 8 8 3 2 3 9 8 . . 1 . 2 .
0 2 4 0 4 6 8 2 2 9 3 9 9 11 . . 1 1 1 1 1 9 1 3 15 9 . . . . . . . . . . . . . . . 9 6 . . . . . . . . . . . . . . . . . . . . . . . . . . . . . . . . . . . . . . . . . . . . . . . 2 . 2 450
2 3 1 1 3 6 8 7 2 2 2 2 9 11 3 9 1 1 1 1 1 9 12 5 15 9 4 4 5 3 4 2 2 4 5 4 1 1 1 4 1 8 6 9 6 9 6 9 1 6 1 1 . 3 10 9 10 9 10 9 9 9 9 . 9 1 9 1 9 1 1 1 1 1 9 1 9 6 5 2 2 8 2 5 2 2 6 8 . . 4 . 2 10000
2 2 1 0 5 6 8 . . 9 1 10 9 11 1 9 1 1 1 1 1 9 12 5 15 9 4 3 5 7 2 3 1 1 . . 1 1 1 1 1 6 6 9 6 . 6 . . 6 1 4 9 1 10 9 . 9 . . 9 9 9 10 9 1 9 1 9 1 1 1 1 . . . . . 5 2 11 8 8 . . . . . . . 2 . 1 100
2 2 2 0 4 2 8 8 5 9 2 11 1 10 3 9 1 1 1 1 1 9 1 3 1 1 . 3 5 7 4 3 2 2 1 . 1 . 1 1 1 6 6 9 9 9 6 1 1 6 1 1 9 5 10 10 10 9 9 9 9 9 9 10 9 2 9 1 9 2 3 1 1 . . . . 6 5 2 11 1 8 . . . . . 2 13 5 . 1 .
0 0 1 3 6 3 8 5 5 8 1 8 2 6 2 9 4 4 1 1 9 9 1 3 1 1 5 5 4 5 . 3 4 2 6 3 1 1 1 7 2 7 1 1 9 8 3 1 2 9 1 1 1 4 3 10 9 3 9 9 10 3 9 9 9 5 9 3 9 2 2 1 1 7 4 7 4 2 2 2 11 3 8 . . . . . . . 2 . 2 2000000
1 0 1 1 7 1 8 8 5 8 1 8 9 11 2 9 3 1 1 1 9 9 1 3 15 9 4 3 6 6 5 3 3 4 . 6 5 2 1 3 1 6 1 1 3 . 6 8 . 5 1 . 1 2 3 9 . 9 9 . 9 9 . 9 9 5 4 1 9 4 2 4 5 6 4 4 1 2 2 2 9 4 8 . . . . . . . 8 2 2 360000
2 1 0 1 6 2 3 2 2 10 1 1 9 10 3 9 1 1 4 3 9 9 13 2 15 9 . 3 6 7 2 3 2 2 . 5 5 5 1 7 1 6 3 1 3 . 6 9 . 6 1 9 4 3 3 9 . 9 10 . 9 9 10 1 9 1 9 2 9 1 1 2 4 3 4 3 4 6 2 2 7 4 8 . . . . . 4 25 . . 1 18000
1 1 0 3 5 1 8 5 5 9 1 8 9 11 3 9 4 1 1 1 9 9 10 1 8 1 5 5 6 6 4 3 4 1 . . 1 . 2 7 2 7 1 1 9 . 6 . 1 6 1 9 1 5 3 10 . 9 . 9 9 9 10 9 9 4 9 1 9 1 1 1 1 1 9 7 4 . 2 2 2 4 8 . . . . . 6 11 4 . 1 900000
1 1 1 1 6 1 8 7 5 8 1 8 9 1 2 9 5 3 1 1 9 9 8 7 15 9 . 3 6 7 3 4 2 . . . 5 1 1 3 1 6 1 1 . . 8 . . 5 1 4 4 5 3 . . 9 . . 9 9 9 9 9 4 9 1 9 4 3 . . 6 4 6 4 . 2 2 2 4 8 . . . . . 4 13 8 . 2 30000
1 1 0 3 5 1 2 5 5 9 1 8 2 6 2 9 5 5 1 1 9 9 1 3 15 9 2 5 6 6 . 3 2 . . . 6 2 1 7 2 7 1 9 9 . 6 9 . 5 1 9 2 4 10 10 . 9 10 . 9 9 10 9 9 1 9 1 9 4 2 . . 7 3 7 1 . 2 2 9 4 8 . . . . . 4 13 3 . 1 8000
0 1 0 4 5 1 2 5 5 9 1 8 2 6 6 1 4 4 1 1 9 9 7 8 15 9 6 3 4 5 . 2 1 2 . . 1 2 1 7 2 6 1 1 9 . 8 . . 9 1 1 2 3 3 10 . 9 . . 10 3 3 9 9 2 9 2 3 1 1 1 1 7 1 7 1 3 2 2 2 4 8 . . . . . 2 11 1 . 1 35000
0 0 0 4 6 1 8 7 . 8 1 8 9 11 6 1 5 5 1 1 9 9 . . . . 2 6 5 7 . 3 1 2 . . 5 . 1 7 2 7 1 1 . . . . . . 1 . . 2 3 . . . . . . 3 . . 9 . . 2 9 . . . . 7 4 7 4 . 2 2 3 4 8 . . . . . . . 2 . 2 350000
0 0 0 8 2 1 8 5 5 10 1 10 9 11 4 9 1 1 1 1 1 9 8 7 15 9 4 3 6 3 2 2 1 . . . 5 1 1 7 2 4 6 . . . . . . 9 9 9 2 . . . . . . . 10 10 10 9 . 2 9 . . 3 2 5 5 1 9 7 1 6 2 2 11 3 8 . . . . . . . 8 . 2 450000
0 1 0 6 3 1 8 1 1 . . . . . 3 9 . . 1 1 9 9 . . . . . . . . . . . . . . . . . . . 4 . . . . . . . . . . . . . . . . . . . . . . . 3 9 2 9 4 3 1 2 . . . . . 5 2 5 7 5 2 2 11 2 7 . . . . . 7000
1 0 0 3 6 1 8 8 1 8 1 8 9 11 3 9 4 1 1 1 9 9 10 1 7 4 . 6 6 3 . . . 4 . . 10 1 3 7 2 7 1 . . . . . . . . . . . . . . . . . . . . . . 1 9 . . . . . . 7 1 7 1 . 5 2 1 7 9 . . . . . . . . . 2 126000
0 0 1 4 5 7 8 1 1 12 2 12 3 9 3 9 1 1 1 1 2 9 . . . . 3 5 6 8 8 2 4 4 8 . 1 1 3 7 2 7 6 1 6 . . 9 1 9 1 1 2 2 3 9 . . 10 9 10 9 9 9 9 5 2 1 9 1 1 6 5 4 2 4 2 3 5 2 1 8 3 . . . . . . . . . 2 .
0 0 1 2 7 4 8 8 1 10 1 10 2 6 1 9 1 1 1 1 1 9 7 8 15 9 3 5 6 7 8 3 4 4 8 . 1 1 3 7 2 7 6 1 6 . 8 . . 9 . . . 2 3 9 . 9 . . 10 . . . 9 5 9 1 9 1 1 . . . . . . 2 5 2 . . . . . . . . . . . . 2 9400000
0 0 0 3 7 7 8 8 1 8 1 8 9 11 . . . . 1 1 . . . . . . 2 6 6 7 8 2 3 4 . . . . 3 7 2 7 . . . . . . . . . . . . . . . . . . . . . . . 4 9 . . 4 3 . . . . . . . 5 2 1 7 9 . . . . . . . 8 . 2 1600000
0 0 0 1 9 1 8 7 1 8 1 8 9 11 2 9 3 1 1 1 9 9 10 1 7 4 2 5 6 7 5 3 2 4 2 3 6 1 3 7 2 7 1 1 9 1 6 9 1 4 1 9 2 2 3 10 3 9 10 9 9 9 10 9 9 1 9 1 9 4 3 3 5 4 1 4 1 2 5 2 1 7 9 . . . . . . . 8 . 2 600
0 1 0 8 1 1 8 . . 8 1 8 9 11 6 1 4 1 1 1 9 9 . . . . 2 6 6 1 . 3 3 4 . . 10 . 1 7 2 4 1 1 3 . . 9 1 . 1 9 2 1 3 9 . . 10 3 . 9 10 9 9 4 9 . . 4 3 1 1 . . . . . 5 2 6 7 6 . . . . . . . . . 2 .
0 1 2 5 2 1 7 7 6 8 1 8 9 11 . . 5 1 1 1 9 9 10 1 8 1 6 . . . . . . . . . . . . . . 4 1 . . . . . . . . . . . . . . . . . . . . . . . . . . . . . . . . . . . . . . . . . . . . . . . . . 2 16750
0 3 6 1 0 1 8 1 1 10 1 10 2 6 . . 4 4 1 1 9 9 . . . . . 1 1 2 2 2 1 . . . 1 . 1 5 1 2 1 . . . . . . . 1 1 1 9 . . . . . . . 9 9 9 10 1 9 1 9 1 1 9 9 1 9 7 3 . 5 1 3 7 9 2 2 11 4 4 1 99 5 . 2 1300
0 0 1 2 7 1 8 7 2 8 1 8 9 11 1 9 3 1 1 1 9 9 10 1 15 9 2 6 6 7 5 4 2 1 . . 1 1 3 7 2 7 1 1 6 8 . 1 1 9 9 1 . 4 3 9 9 . 9 3 10 10 9 . 9 2 9 1 9 1 1 6 5 7 1 7 1 2 6 3 1 8 11 5 2 1 8 8 8 49 2 . 2 400000
0 0 1 2 7 7 8 2 2 8 1 8 2 6 3 9 4 4 1 1 9 9 6 4 15 9 . 6 6 6 . 3 4 1 . 2 1 1 3 7 2 7 1 1 6 1 8 8 . . . 4 3 3 3 9 3 9 9 . . . 9 9 9 5 9 4 9 3 2 1 1 5 1 . . 2 5 2 1 8 8 . . . . . . . . . 2 3000
1 0 1 2 6 1 8 7 2 8 1 8 9 11 3 9 5 1 1 1 9 9 10 1 15 9 2 6 6 7 8 4 4 4 2 3 4 1 3 7 2 7 1 1 1 4 1 1 1 5 1 1 1 2 3 3 3 3 3 3 9 9 3 9 9 5 9 4 9 . . . . 7 1 7 1 1 5 3 1 8 8 . . . . . . . 1 . 2 1900000
1 0 0 2 7 1 8 7 2 8 1 8 9 11 4 9 1 1 1 1 4 9 8 7 15 9 4 5 6 7 . 3 2 . . . 1 1 3 7 1 7 5 1 9 . . 9 2 5 9 9 2 2 3 10 . . 10 9 9 10 10 9 9 . . 4 9 1 1 7 5 7 1 7 1 . 5 2 9 8 8 . . . . . 8 59 . . 2 94000
0 0 1 5 4 6 8 8 5 8 1 8 9 11 6 1 3 3 1 1 9 9 8 7 15 9 4 3 5 6 4 3 4 2 . . 6 1 1 7 2 4 1 1 6 8 9 8 1 9 1 2 1 4 3 9 9 10 9 9 10 9 9 9 9 4 9 1 9 4 2 1 2 . . . . 6 5 2 7 8 8 . . . . . . . 6 . 2 275000
1 1 1 2 5 6 8 8 1 5 3 5 9 11 2 9 1 1 5 5 9 9 1 3 15 9 5 3 6 7 2 4 2 2 2 . 1 1 1 7 1 6 3 1 6 8 6 8 1 6 1 4 2 5 3 3 9 3 9 9 9 9 9 9 9 4 9 1 9 4 3 7 5 3 3 3 3 . 3 3 3 8 8 . . . . . 4 25 2 . 2 175000
0 0 2 2 6 1 8 7 2 9 1 10 2 6 3 9 1 1 1 1 2 9 10 1 15 9 4 6 6 7 . 3 3 4 . . 10 1 3 7 1 7 6 1 6 . 8 1 1 . 1 1 2 4 3 9 . 9 9 9 . 9 9 9 9 4 9 1 9 2 2 . . 7 1 5 1 2 5 4 7 8 8 . . . . . 6 13 4 . 1 1250000
0 2 2 1 5 1 8 5 5 1 1 1 9 11 6 1 1 1 4 3 9 9 8 7 15 9 . 3 6 7 4 3 2 . . . 10 3 1 3 1 6 3 1 6 . 6 8 . . 1 2 . 5 3 9 . 9 9 . . 9 9 . 9 4 9 1 9 2 3 2 4 3 4 3 4 . 5 2 3 8 8 . . . . . . . 8 . 2 170000
0 1 0 2 7 2 8 1 1 12 2 12 3 9 1 9 1 1 1 1 2 9 12 5 15 9 3 6 6 7 5 3 1 . . . 1 2 1 7 1 7 6 . . . . . . . . . . . . . . . . . . . . . . 3 2 1 9 1 1 9 9 5 1 5 1 6 5 3 3 9 8 . . . . . . . 2 . 2 40000
3 3 2 0 2 2 3 2 2 9 2 2 9 11 . . 1 1 1 1 1 9 7 8 15 9 . 4 5 1 . 2 1 . . . 1 1 1 1 1 8 6 9 9 . 9 9 . . 1 . 9 . 10 10 . 10 10 . . 9 . 10 . 1 9 1 9 1 1 . . . . 5 1 6 5 3 3 7 8 . . . . . . . 6 . 1 7000
1 1 2 1 5 1 8 8 2 8 1 8 3 9 . . 4 4 1 1 9 9 6 4 5 2 . 4 5 7 . 3 1 . . . 1 . 1 2 1 6 1 9 9 . 9 8 . . 1 . . . 10 10 . 10 9 . . 9 . . . 1 9 1 9 4 3 1 1 7 4 7 4 . 5 4 . . . . . . . . . . 8 . 2 30000
4 4 2 0 0 6 8 2 2 . . . . . 4 9 . . . . . . . . . . . 1 1 1 1 2 1 1 1 5 1 . 1 1 1 8 . 9 9 9 9 9 6 6 1 6 9 9 10 10 10 10 10 9 9 9 9 10 10 1 9 1 9 1 1 7 5 1 9 . . . 1 2 11 5 4 2 2 11 3 8 . . 6 . . 2000
5 4 1 0 0 2 8 2 2 9 2 2 9 11 . . 1 1 1 1 1 9 10 1 15 9 4 1 1 1 1 2 1 . . . 1 . 1 1 1 1 6 9 9 . 9 9 . 6 1 . 9 9 10 10 . 10 10 . 9 . . 10 10 1 9 1 9 1 1 . . . . . . . 1 2 11 5 7 1 2 11 5 8 . . . . 1 .
4 1 2 1 2 1 8 4 6 8 1 8 9 11 2 9 6 6 1 1 9 9 7 8 15 9 4 4 4 7 5 4 2 . . . 1 5 1 2 1 1 1 9 9 . 9 1 1 3 1 5 6 2 10 10 . 10 9 9 9 9 9 9 9 2 9 1 9 1 1 1 1 7 1 7 1 . 5 4 3 8 8 . . . . . . . 2 . 2 8000
0 0 1 2 7 6 8 1 1 6 2 6 9 11 3 9 1 1 1 1 1 9 7 8 15 9 3 3 6 7 5 2 2 4 . 2 1 1 1 7 2 6 6 1 9 9 9 1 1 9 9 1 . 4 3 10 10 10 9 3 10 10 9 . 9 1 9 1 9 1 1 6 5 5 1 5 1 2 5 4 3 8 8 . . . . . . . 1 . 2 3850
0 0 2 1 7 1 8 2 2 9 2 2 9 11 2 9 1 1 1 1 4 2 7 8 15 9 4 . . . . . . . . . . . . . . 9 5 . . . . . . . . . . . . . . . . . . . . . . . . . . . . . . . . . . . . . . . . . . . . . . . 1 . 1 800
0 1 3 0 6 4 8 7 2 8 1 8 3 9 2 9 3 3 6 6 9 9 12 5 15 9 5 4 5 7 2 4 2 1 . . 6 . 1 2 1 6 2 9 9 9 . . 1 6 1 5 4 2 10 10 10 . . 9 9 9 9 9 9 1 9 1 9 1 1 . . . . . . 3 5 2 2 9 8 . . . . . . . 3 . 2 .
0 0 3 1 6 6 8 7 2 2 2 12 3 9 . . 1 1 1 1 4 9 12 5 15 9 4 4 5 7 . 3 2 1 2 . 6 5 1 2 1 6 5 9 9 9 9 1 1 . . 5 6 1 10 10 10 10 3 9 . . 9 9 9 4 9 1 9 1 1 6 5 . . . . 6 3 2 3 8 8 . . . . . . . 3 . 1 1500
0 0 4 1 5 6 8 2 2 2 2 2 9 11 3 9 1 1 1 1 4 9 8 7 15 9 4 4 4 7 . 3 3 1 . . . . 1 2 1 6 5 9 9 9 9 1 . . 9 2 . 2 10 10 10 10 3 . . 10 9 . 9 4 9 1 9 1 1 1 1 . . . . 6 5 2 10 8 8 . . . . . . . 4 . 2 .
1 3 6 0 0 2 8 8 6 9 1 10 9 11 3 9 1 1 1 1 6 9 10 1 9 2 5 1 1 7 3 3 1 2 5 3 1 1 1 1 1 2 4 9 9 6 9 8 . 6 1 1 9 9 10 10 9 10 9 . 9 9 9 10 10 4 9 1 9 4 3 1 1 1 9 5 1 3 5 1 11 5 9 . . . . . . . 5 . 1 2200
2 2 6 0 0 4 8 7 6 12 2 12 3 9 3 9 1 1 1 1 4 9 8 7 15 9 4 1 1 7 2 3 1 2 5 2 1 1 1 1 1 2 5 9 9 . 9 1 1 6 1 1 9 9 10 10 . 10 9 9 9 9 9 10 10 4 9 1 9 4 3 9 9 1 9 7 1 3 5 1 3 8 3 . . . . . . . 4 . 2 400
5 3 2 0 0 4 8 7 2 9 2 12 3 9 3 9 1 1 1 1 1 9 7 8 15 9 4 1 1 2 1 3 1 1 5 3 1 1 1 1 1 1 6 9 9 4 9 8 3 6 1 1 9 9 10 10 9 10 9 9 9 9 9 10 10 2 9 1 9 2 3 6 5 1 9 7 4 3 2 1 11 9 9 5 2 7 7 7 . . 1 . 1 300
2 3 5 0 0 6 8 7 3 12 2 12 3 9 4 9 1 1 1 1 2 9 7 8 15 9 4 1 1 2 . 3 1 1 5 3 1 1 1 1 1 2 6 9 9 4 9 8 . . 1 2 9 9 10 10 9 10 9 . . 9 9 10 10 2 9 1 9 2 3 1 1 1 9 7 1 2 2 1 11 9 9 5 1 11 8 7 . . . . 2 4000
2 8 0 0 0 6 8 8 3 9 3 9 9 11 4 9 1 1 1 1 1 9 7 8 15 9 4 1 1 2 4 3 2 1 5 6 1 1 1 4 1 3 6 9 9 6 9 . 6 6 1 9 1 9 10 10 9 10 . 9 9 9 10 9 10 1 9 1 9 1 1 5 5 1 9 1 9 2 2 2 11 4 5 . . . . . . . 5 . 2 2300
4 2 2 0 2 6 8 7 6 8 1 8 9 11 6 1 6 6 1 1 9 9 8 7 15 9 6 3 6 3 . 3 2 . 5 . 1 . 1 1 1 1 1 9 . 6 6 8 6 5 1 1 9 6 10 . 9 9 9 9 9 9 9 10 9 1 9 1 9 3 2 . . . . . . . 5 2 . . . . . . . . . . 1 . 2 1600
0 1 1 1 7 6 8 2 2 6 2 6 9 11 . . 1 1 1 1 1 9 10 1 15 9 3 5 6 5 . . . . 5 . 1 1 . . . 7 6 . . . . . . . . . . . . . . . . . . . . . . 1 9 1 9 1 1 . . 5 1 5 1 . . . . . . . . . . . . . . . 2 124
0 1 1 2 6 1 8 5 5 8 1 8 2 6 6 1 4 3 1 1 9 9 7 8 15 9 4 3 4 5 . 3 2 2 . . 7 2 1 7 2 6 1 1 9 8 5 9 . 9 1 . 2 5 3 10 9 9 10 . 10 9 . 9 9 2 9 1 9 2 2 1 2 7 1 7 1 4 2 2 2 4 8 . . . . . . . 3 2 2 250000
0 2 0 1 7 6 8 1 1 6 2 6 9 11 1 9 1 1 1 1 1 9 8 7 15 9 3 6 6 7 3 2 1 1 5 . 1 . . . . 7 6 9 . . 6 . . . 1 9 . 1 10 . . 9 . . . 9 10 . 9 1 9 1 9 1 1 6 5 . . . . . 5 2 1 7 9 . . . . . . . . . 2 100
0 2 0 0 8 . . . . . . . . . . . 1 1 1 1 1 9 . . . . 4 . . . . . . . . . . . . . . 9 6 . . . . . . . . . . . . . . . . . . . . . . . . . . . . . . . . . . . . . . . . . . . . . . . . . . .
0 0 0 2 8 6 8 7 2 10 1 10 9 11 6 1 4 4 1 1 9 9 8 7 15 9 4 3 6 8 7 4 . 4 1 4 1 1 2 7 2 6 1 1 1 9 6 9 1 9 9 9 4 1 3 3 10 9 10 9 10 10 10 1 9 1 9 1 9 1 1 4 5 7 1 7 1 3 5 2 9 8 11 . . . . . . . . . 2 300000
3 2 2 1 2 3 2 8 2 9 3 9 2 6 3 9 1 1 1 1 1 9 1 3 1 1 5 3 5 7 3 3 2 4 2 2 1 1 1 7 2 1 6 9 6 8 6 1 4 4 1 2 . 6 10 9 9 9 9 9 9 9 9 . 9 1 9 1 9 1 1 . . . . . . 1 5 4 7 8 8 5 2 3 8 8 4 49 5 . 2 15000
0 0 0 2 8 6 8 2 2 6 2 6 9 11 3 9 1 1 1 1 2 9 8 7 15 9 3 5 6 7 8 3 4 4 2 1 1 1 1 7 1 7 6 . 8 1 1 1 . 9 9 9 5 2 . 9 3 3 3 . 10 10 10 9 9 5 9 1 9 4 2 . . 5 1 5 1 3 5 2 2 8 8 . . . . . . . 3 . 2 .
0 2 3 0 5 . . 1 1 10 1 10 9 11 1 9 1 1 1 1 1 9 8 7 15 9 4 3 5 7 1 2 1 . . . 1 . 1 1 1 6 6 9 8 9 8 . 1 6 1 1 9 5 10 9 10 9 . 9 9 9 9 10 9 1 9 1 9 1 1 . . . . . . . 5 2 9 . . . . . . . . . 8 . 2 .
1 0 0 0 9 5 2 8 3 10 1 10 2 6 2 9 1 1 1 1 1 9 1 3 1 1 5 3 4 4 2 3 1 1 . . 1 1 1 1 1 6 6 9 9 9 8 1 2 6 1 3 9 2 10 10 10 9 9 9 9 9 9 10 9 1 9 1 9 1 1 7 5 1 9 . . 3 2 2 8 4 8 . . . . . . . . . 2 .
1 2 4 0 3 2 8 7 3 9 3 9 9 11 4 9 1 1 1 1 1 9 . . . . . 3 5 7 1 2 1 1 1 . 1 5 1 1 1 2 6 9 6 9 6 8 . . 1 1 9 6 10 9 10 9 9 . . 9 9 10 9 1 9 1 9 2 3 . . 1 9 7 . 6 3 2 10 9 8 . . . . . . . 1 . 2 1200
0 1 7 1 1 6 8 2 2 6 2 6 9 11 1 9 1 1 1 1 1 9 . . . . 3 . . . . . . . . . . . . . . 2 6 . . . . . . . . . . . . . . . . . . . . . . . . . . . . . . . . . . . . . . . . . . . . . . . . . 2 99
2 5 2 0 1 6 8 8 2 11 2 11 1 10 3 9 1 1 1 1 1 9 . . . . . 2 5 1 . 3 1 2 2 . 1 1 1 1 1 3 6 9 6 9 6 1 3 6 1 1 9 1 10 9 10 9 9 9 9 9 9 10 9 1 9 1 9 1 1 1 1 1 9 . . . . . . . . . . . . . . . . . 2 .
2 2 2 0 4 . . . . . . . . . . . 1 1 1 1 1 9 . . . . 5 . . . . . . . . . . . . . . 9 6 . . . . . . . . . . . . . . . . . . . . . . . . . . . . . . . . . . . . . . . . . . . . . . . . . . .
1 2 1 0 6 6 8 1 1 9 3 9 9 11 1 9 1 1 1 1 1 9 8 7 15 9 6 3 5 2 3 3 1 . . 5 1 5 1 1 1 6 6 9 9 . 9 9 2 6 1 1 9 3 10 10 . 10 10 9 9 9 9 10 9 1 9 1 9 1 1 2 3 . . . . 1 3 2 11 1 8 5 2 9 9 8 . . 8 . 2 .
0 1 0 1 8 1 8 7 5 8 1 8 9 11 2 9 3 3 1 1 9 9 8 7 15 9 . 3 6 7 . 3 2 3 . . . . 1 3 1 6 1 1 9 . 6 9 1 . 1 9 . 5 9 10 . 9 10 9 . 9 10 . 9 4 9 1 9 4 2 1 1 . . . . . 5 2 2 9 8 . . . . . . . . . 2 34000
0 1 2 1 6 3 8 8 5 1 1 1 9 10 2 9 1 1 4 3 9 9 1 3 15 9 . 3 5 7 . 3 2 . . . 1 . 1 3 1 6 3 1 . . . . . . 1 4 . 2 3 . . . . . . 9 9 . 9 1 9 1 9 4 3 2 4 3 4 3 4 6 5 2 2 8 8 . . . . . . . 4 . 2 383000
1 1 1 1 6 1 2 8 5 8 1 8 9 11 3 9 4 3 1 1 9 9 1 3 15 9 5 3 6 7 . 3 2 . . . 6 2 1 7 1 6 1 1 . 1 . 1 . 6 1 1 1 2 3 . 3 . 3 . 9 9 9 9 9 4 9 2 9 4 2 1 2 6 4 6 4 . 2 2 9 4 8 . . . . . . . . . 2 830000
0 1 0 4 5 1 8 5 5 8 1 8 9 11 3 9 4 4 1 1 9 9 7 8 15 9 5 3 6 8 7 3 4 2 . . 1 5 1 7 2 6 1 1 9 1 6 . 2 6 1 9 1 5 3 10 3 9 . 9 9 9 10 9 9 3 9 3 9 1 1 3 5 7 4 7 4 . 2 2 11 3 8 2 2 2 4 8 . . 1 . 2 300000
1 1 0 1 7 5 8 8 6 8 1 8 9 11 2 9 3 3 1 1 9 9 8 7 15 9 4 3 6 6 4 3 1 3 8 6 6 2 1 3 1 6 1 1 6 3 6 9 1 3 1 1 1 3 9 9 9 9 10 9 9 9 9 9 9 1 9 1 9 3 2 7 5 7 1 7 1 6 2 2 9 3 8 . . . . . . . 8 . 2 5730
0 1 3 1 5 1 8 7 5 8 1 8 9 11 6 1 4 3 1 1 9 9 7 8 15 9 4 6 6 5 4 3 1 2 . . 1 5 1 7 2 7 1 1 . . 6 1 . . 1 4 1 4 3 . . 9 3 . . 9 9 9 9 1 9 1 9 . . . . 7 4 7 4 . 2 2 2 4 8 . . . . . . . . . 2 .
0 1 0 4 5 1 8 5 5 8 1 8 9 11 3 9 4 3 1 1 9 9 8 7 15 9 5 6 6 5 . 3 3 2 . . 6 5 1 7 2 7 1 1 9 8 6 9 1 . 1 . 3 3 3 10 9 9 10 9 . . . 9 9 1 9 2 9 1 1 9 9 7 1 7 1 6 2 2 2 4 8 . . . . . . . 5 . 2 157000
0 0 0 5 5 1 8 5 5 8 1 8 9 11 . . 4 4 1 1 9 9 . . . . . 3 6 5 . 2 1 1 . . 10 . 1 7 2 8 1 . . . . . . . . . . . . . . . . . . . . . . . . . . 1 1 9 9 7 1 7 1 . 5 1 . 7 9 . . . . . . . . . 2 17500
1 0 0 2 7 1 8 7 5 8 1 8 2 6 2 9 3 1 1 1 9 9 10 1 7 4 5 3 6 7 8 3 3 4 . . 5 1 1 7 1 6 1 1 1 . 8 . . 9 . 9 3 2 3 9 . 9 . . 10 . 10 9 9 4 5 1 9 4 2 . . 7 4 4 1 . 2 2 9 4 2 5 2 9 7 9 . . 6 . 2 1000000
1 1 0 5 3 1 8 1 1 9 1 4 3 9 6 1 1 1 4 1 9 9 1 3 2 2 5 6 6 2 2 3 3 4 . . 4 1 1 6 2 4 3 1 9 6 6 9 6 6 1 9 3 . 3 10 9 9 10 9 9 9 10 9 . 3 9 4 2 4 3 2 3 2 4 4 1 3 5 2 7 1 5 5 2 9 7 9 . . 6 . 1 .
0 0 0 4 6 1 8 1 1 8 1 8 9 11 . . 4 1 1 1 9 9 . . . . . 6 6 3 . 3 2 4 . . 10 . 3 7 2 7 1 . . . . . . . . . . . . . . . . . . . . . . . . . . 4 2 . . 4 1 4 1 . 5 2 4 7 9 . . . . . . . . . 2 .
0 0 1 4 5 7 8 7 1 10 1 10 2 6 3 9 1 1 1 1 2 9 8 7 15 9 3 5 6 7 8 3 4 4 8 . 1 1 3 7 2 7 6 1 7 8 8 8 . . 1 1 5 2 3 4 9 9 9 . . 9 3 9 9 5 9 2 9 1 1 7 5 7 1 7 1 . 5 2 . . . . . . . . . . . . 2 217000
0 1 1 4 4 1 7 8 1 8 1 8 9 11 6 1 4 4 1 1 9 9 . . . . . 5 6 7 . 3 . 4 . . 10 . 3 7 2 8 1 . . . . . . . . . . . . . . . . . . . . . . . . . . 1 1 9 9 7 1 7 1 . 5 2 1 7 9 . . . . . . . 8 . 2 23000
0 0 0 3 7 1 8 7 6 8 1 8 9 11 . . 4 1 1 1 9 9 . . . . . 6 6 7 . 3 4 4 . . 10 . 3 7 2 7 1 1 1 1 1 . . . . . 3 . 3 3 3 3 . . . . . 9 . 4 9 2 9 4 3 . . . . . . 2 5 2 1 7 9 . . . . . . . 1 . 2 4000000
0 0 0 3 7 1 8 8 2 10 1 10 2 6 3 9 3 1 1 1 9 9 10 1 7 4 2 6 6 7 8 3 5 4 8 . 10 1 3 7 2 7 1 1 3 8 8 . 1 9 9 . 3 2 3 9 9 9 . 3 10 10 . 9 9 3 5 . . 4 2 3 5 . . . . 2 5 2 9 . . . . . . . . . 4 . 2 10000000
0 3 4 1 2 1 8 7 2 8 1 8 9 11 . . 4 4 1 1 9 9 3 3 15 9 . 3 6 7 . 3 2 . . . 1 . 1 2 1 2 1 . . . . . . 9 1 3 . 6 . . . . . . 10 9 9 . 9 1 9 1 9 3 3 . . . . . . . 2 2 4 4 5 . . . . . . . 6 . 2 100
0 1 1 1 7 1 8 6 2 7 1 8 9 11 4 9 4 1 1 1 9 9 . . . . . 5 6 7 3 3 3 1 3 . 1 1 3 7 1 7 1 9 6 1 6 9 . . 1 1 3 3 10 9 9 9 10 . . 10 9 9 9 2 9 1 9 . . 1 1 7 1 7 1 6 5 4 3 1 8 . . . . . . . . . 1 220000
0 0 1 2 7 1 7 2 2 8 1 8 9 11 5 9 5 5 1 1 9 9 1 3 1 1 4 5 6 7 8 3 4 1 . . 1 1 3 7 2 7 1 1 4 1 1 . . 9 9 6 3 4 3 3 3 3 . . 10 10 9 9 9 5 9 4 9 . . . . 7 1 7 1 1 5 2 . . . . . . . . . . . . 2 .
1 1 2 0 6 1 8 4 6 8 1 8 9 11 6 1 4 4 1 1 9 9 1 3 15 9 5 3 6 4 2 2 1 . . 2 1 5 1 1 1 6 1 . . . 8 . . 6 1 4 9 4 . . . 9 . . 9 9 9 10 9 1 9 1 9 1 1 . . . . 7 1 6 5 2 3 8 8 . . . . . . . 6 . 2 .
0 0 2 3 5 3 2 7 5 8 1 8 9 11 6 2 4 4 1 1 9 9 8 7 15 9 4 5 . 7 . 3 3 . . . 10 1 1 7 2 7 1 1 . . . . . . 1 2 1 3 3 . . . . . . 9 9 9 9 4 9 1 9 4 2 1 1 5 1 5 1 6 5 4 . 4 8 . . . . . . . . . 2 225000
0 1 1 2 6 1 8 2 2 8 1 8 9 11 3 9 4 4 1 1 9 9 1 3 1 1 5 3 6 7 . 3 2 . . . . . 2 7 1 6 1 9 6 . 9 . 1 9 1 2 2 3 10 9 . 10 . 9 10 9 9 9 9 . . . . . . . . 7 4 7 4 . 5 4 3 8 8 . . . . . . . . . 2 66000
0 0 1 1 8 3 8 2 2 2 2 6 9 11 3 9 1 1 1 1 2 9 10 1 15 9 4 6 6 7 6 3 5 2 5 2 1 1 3 7 1 7 6 1 . . . 1 1 9 1 1 4 2 3 . . . 9 9 9 9 9 9 9 2 9 1 9 1 1 6 5 5 1 5 1 3 5 3 3 8 8 5 4 3 8 8 6 49 4 . 1 10000000
0 1 1 1 7 6 8 7 1 5 3 5 9 11 2 9 1 1 4 3 9 9 7 8 15 9 3 6 6 7 5 3 1 1 . . 1 5 3 7 1 7 3 1 6 . 8 . . . 1 1 2 4 3 9 . 9 . . . 9 9 9 9 1 9 1 9 . . 6 5 2 . 2 . . 5 4 . 8 8 . . . . . . . 1 . 2 55000
0 1 2 1 6 3 8 5 5 12 2 12 3 9 3 9 1 1 1 1 6 9 1 3 15 9 5 3 6 7 3 2 4 1 . . 1 5 1 7 2 6 4 1 . . 6 . . 9 1 9 1 5 3 . . 9 . . 10 9 10 9 9 4 9 1 9 2 2 . . 7 . 7 4 . 2 2 . 4 8 . . . . . 5 11 7 . 2 85000
0 1 1 1 7 1 8 2 2 . . . . . . . 1 1 1 1 1 9 7 8 15 9 4 . . . . . . . . . . . . . . 9 6 . . . . . . . . . . . . . . . . . . . . . . . . . . . . . . . . . . . . . . . . . . . . . . . . . . .
0 1 0 2 7 4 8 6 2 8 1 8 9 11 6 1 4 4 1 1 9 9 6 4 5 2 . 6 6 8 . 2 2 . . . 6 1 3 7 1 7 1 1 . . 8 8 . . 1 . . 5 3 . . 9 9 . . 9 . . 9 4 9 1 9 4 3 1 1 7 4 7 4 . 5 4 . 9 8 . . . . . . . . . 2 100000
3 3 4 0 0 5 8 2 2 8 1 8 9 11 6 1 6 6 6 6 9 9 11 6 10 5 5 1 1 1 . 2 1 . . . 1 . 1 1 1 2 2 9 9 9 9 . . 6 1 . 9 9 10 10 10 10 . . 9 9 . 10 10 1 9 1 9 1 1 1 1 1 9 . . . . . . . . . . . . . . . 8 . 2 .
1 1 2 1 5 1 8 2 2 8 1 8 9 11 2 9 4 4 1 1 9 9 1 3 15 9 5 4 5 7 2 3 1 1 . . 1 1 1 2 1 6 1 9 9 9 6 1 . 4 1 2 4 5 10 10 10 9 9 . 9 9 9 9 9 1 9 1 9 1 1 7 5 . . . . 4 5 4 3 9 8 . . . . . . . 6 . 2 9000
0 0 4 1 5 2 8 1 1 12 2 12 3 9 1 9 1 1 3 3 9 9 12 5 15 9 1 4 4 7 2 3 2 . . . 1 5 1 2 1 6 3 9 . 9 9 1 1 . . 1 . 5 10 . 10 10 9 9 . . 9 . 9 1 9 1 9 1 1 2 4 . . 5 1 . 5 2 . . 8 . . . . . . . 6 . 2 421
0 0 9 1 0 4 8 2 2 8 1 8 2 6 2 9 3 3 3 3 9 9 11 6 10 5 8 2 4 7 3 3 1 1 2 . 1 3 1 2 1 2 2 9 9 . 8 1 1 6 9 2 5 9 10 10 . 9 9 9 9 10 9 9 10 2 9 1 9 1 1 9 9 1 9 1 9 2 5 4 . 8 8 . . . . . 2 13 7 . 2 2000
0 1 3 1 5 1 8 7 2 10 1 10 2 6 3 9 1 1 5 4 9 9 1 3 15 9 4 4 5 7 . 4 1 . . . . 5 1 2 1 6 3 9 1 . 9 1 1 . 1 2 4 5 10 3 . 10 3 9 . 9 9 9 9 2 9 1 9 2 3 5 5 . . . . 2 . . . . . . . . . . . . . . 2 2500
0 0 5 0 5 6 8 2 2 12 2 12 3 9 2 9 1 1 1 1 4 9 12 5 15 9 4 4 5 7 4 3 2 1 2 . 6 . 1 1 1 8 5 9 9 9 9 1 1 . 9 3 9 4 10 10 10 10 9 9 . 10 9 10 9 4 9 1 9 1 1 . . . . 7 1 6 5 2 7 8 8 . . . . . . . 4 . 2 3720
0 1 2 0 7 6 8 7 2 12 2 12 3 9 . . 1 1 1 1 4 9 8 7 15 9 4 3 5 7 . 2 2 1 . . . . 1 1 1 6 5 9 9 9 9 1 . . . 2 9 2 10 10 10 10 9 . . . 9 10 9 4 9 1 9 2 3 1 1 . . . . 6 3 2 11 8 8 3 2 1 7 9 . . 6 . 2 450
6 4 0 0 0 1 8 7 2 2 2 2 9 11 3 9 1 1 1 1 1 9 . . . . . 1 1 1 1 3 1 1 5 . 1 . 1 1 1 1 6 9 9 9 . 9 6 6 1 9 9 9 10 10 10 . 10 9 9 9 10 10 10 1 9 1 9 1 1 4 5 1 9 6 . . 2 2 11 2 8 . . . . . . . . . 2 600
0 2 8 0 0 6 8 . . 9 1 10 9 11 3 9 1 1 1 1 1 9 1 3 15 9 3 1 1 7 . 3 1 1 5 3 1 2 1 1 1 2 6 9 9 6 9 2 1 5 1 2 9 9 10 10 9 10 9 9 9 9 9 10 10 4 9 1 9 3 2 1 1 5 4 7 1 3 5 2 3 7 4 5 2 3 8 3 . . . . 1 200
1 4 5 0 0 2 8 7 6 9 2 12 3 9 3 9 1 1 1 1 4 9 7 8 15 9 4 1 1 3 . 3 1 1 5 . 1 1 1 1 1 2 5 9 . . 9 . . 6 1 2 9 9 10 . . 10 . . 9 9 9 10 10 4 9 1 9 4 3 1 1 . . . . 3 2 1 11 4 7 5 . 3 8 9 . . 8 . 1 100
0 0 0 5 5 1 8 7 5 8 1 8 9 11 4 9 4 4 1 1 9 9 8 7 15 9 5 5 6 5 . 3 3 1 . 5 1 . 2 7 2 8 1 1 9 1 6 . 2 6 1 2 2 5 3 10 9 9 . 9 9 9 9 9 9 2 9 1 9 1 1 1 1 7 4 7 4 6 2 2 11 3 8 2 2 2 4 8 . . 1 . 2 260000
3 4 3 0 0 1 2 7 6 9 2 12 3 9 3 9 1 1 1 1 1 9 7 8 15 9 . 1 1 2 . 3 1 . 5 3 1 1 1 1 1 3 6 9 9 1 9 8 2 6 1 2 9 9 10 10 9 10 9 9 9 9 9 10 10 2 9 1 9 1 1 1 1 . . 1 9 4 5 1 11 4 4 2 2 11 2 7 . . 1 . 1 100
2 3 5 0 0 6 8 7 6 12 2 12 3 9 4 9 1 1 1 1 1 9 7 8 15 9 4 1 1 2 . 3 2 . 5 3 1 . 1 1 1 2 6 9 8 5 9 8 . . 2 2 9 9 10 9 9 10 9 . . 9 9 10 10 2 9 1 9 4 3 7 5 . . . . 3 2 1 11 9 9 5 1 7 8 7 . . . . 2 .
0 3 2 0 5 6 8 7 3 9 3 9 9 11 . . 1 1 1 1 1 9 . . . . 1 5 6 7 5 3 3 . 5 . 1 . 1 4 1 7 6 9 9 6 6 6 . . 1 1 . 6 10 10 9 9 9 . . 9 9 . 9 . . 1 9 1 1 1 1 . . . . . 2 1 3 2 9 2 2 11 4 5 . . 8 . 2 1650
0 5 0 0 5 6 8 2 2 9 1 8 9 11 . . 6 4 1 1 9 9 . . . . 6 3 6 3 . 3 2 . 5 . 1 1 1 4 1 8 1 9 9 6 6 . 1 . 1 . 1 . 10 10 9 9 . 9 . 9 . 9 . 4 9 1 9 1 1 1 2 . . . . . 2 1 3 2 9 2 2 11 4 5 . . 1 . 1 .
1 3 2 0 4 6 8 8 1 5 3 5 9 11 2 9 1 1 6 6 2 9 . . . . 5 3 6 7 4 3 3 2 5 5 1 2 1 1 1 6 7 9 9 8 6 1 1 6 1 1 9 6 10 10 9 9 9 9 9 9 9 10 9 1 9 1 9 1 1 2 4 . . 2 1 6 5 2 4 1 4 . . . . . . . 4 . 2 10000
1 1 0 1 7 6 8 1 1 6 2 6 9 11 1 9 1 1 1 1 1 9 7 8 15 9 4 6 6 7 6 2 1 1 5 . 1 1 1 3 1 7 6 9 3 . 6 . . . 1 9 . . 10 9 . 9 . . . 9 10 . . 1 9 1 9 1 1 6 5 5 1 5 1 . 5 2 9 7 9 . . . . . . . 1 . 2 1036
0 1 0 3 6 1 8 5 5 8 1 8 9 11 2 9 4 3 1 1 9 9 1 3 15 9 5 5 6 5 3 3 4 2 6 6 1 1 1 7 2 7 1 1 9 1 6 1 1 3 1 1 1 5 3 10 9 9 9 9 9 3 9 9 9 5 9 3 9 2 2 1 1 7 1 7 1 2 2 2 11 3 8 . . . . . . . 3 . 2 2133000
0 0 1 1 8 6 8 1 1 10 1 10 2 6 1 9 1 1 1 1 1 9 8 7 15 9 4 3 6 7 7 3 . 4 . . 1 1 . . . 6 6 . 6 . 1 9 1 . 1 1 4 1 . 9 . 3 10 9 . 9 9 9 9 . . 1 9 1 1 6 5 5 1 5 1 . 5 2 9 8 8 . . . . . . . 1 . 2 .
0 2 2 0 6 3 8 7 6 8 1 8 9 11 6 1 3 3 1 1 9 9 . . . . . 3 6 5 . 3 . 2 . . 1 1 . . . 6 1 9 6 9 8 . 1 . 1 1 . 1 10 9 10 9 . 9 . 9 9 . 9 1 9 1 9 1 1 . . . . . . 2 5 2 . 8 8 . . . . . . . . . 2 200000
1 1 3 0 5 2 8 2 2 5 3 5 9 11 3 9 1 1 4 4 9 9 1 3 2 2 . 3 5 7 1 3 1 2 . . 1 . 1 1 1 6 3 9 8 9 8 8 1 . 1 . 9 2 10 9 10 9 9 9 . 9 . 10 9 1 9 1 9 3 3 . . . . . . . . . . . . . . . . . . . 5 . 2 .
0 1 5 0 4 2 8 8 2 9 1 10 9 11 . . 3 3 1 1 9 9 . . . . . 3 5 7 5 3 1 2 . . 1 1 1 2 1 2 1 9 6 . 6 1 . . . . 9 . 10 9 . 9 9 . . . . 10 . 2 9 1 9 2 3 . . . . . . . 5 2 3 8 8 . . . . . . . 5 . 1 .
1 0 2 0 7 6 8 2 2 9 1 10 9 11 3 9 1 1 1 1 1 9 1 3 15 9 4 3 5 7 3 2 1 1 1 . 1 1 1 1 1 6 6 9 9 9 9 1 1 3 1 1 9 2 10 10 10 10 9 9 9 9 9 10 9 1 9 1 9 1 1 1 1 . . . . . 3 2 11 1 8 . . . . . . . . . 1 145
2 2 1 0 5 6 8 1 1 10 1 10 2 6 3 9 1 1 1 1 1 9 . . . . 4 3 5 7 . 2 1 . . . 1 . 1 1 1 6 6 9 6 9 6 9 . 5 1 1 9 2 10 9 10 9 10 . 9 9 9 10 9 1 9 1 9 . . . . . . . . . 5 2 11 8 8 . . . . . . . 8 . 2 2000
0 0 0 1 9 1 8 8 5 8 1 8 9 11 2 9 6 3 1 1 9 9 8 7 15 9 6 3 5 6 5 4 2 2 . . 2 1 1 7 1 6 1 1 9 9 6 9 1 9 9 9 1 5 3 10 10 3 10 9 10 10 10 9 9 1 9 1 9 4 3 1 2 7 1 7 1 3 5 2 2 8 8 . . . . . . . 4 2 2 4000000
1 1 1 1 6 2 3 5 5 8 1 8 9 11 6 2 4 3 1 1 9 9 13 2 15 9 5 3 6 6 . 3 1 2 . 6 1 1 1 7 1 6 1 1 . 8 6 . 2 6 1 2 1 3 3 . 9 9 . 9 9 9 9 1 9 1 9 1 9 2 3 9 9 6 4 6 4 . 2 2 2 4 8 . . . . . . . 8 . 2 60000
0 1 0 2 7 1 2 8 5 8 1 8 9 11 5 9 3 3 1 1 9 9 . . . . 4 3 6 7 4 3 2 3 . . 10 . 1 3 1 6 1 . . . . . . . . . . . . . . . . . . . . . . 1 9 1 9 3 3 4 5 . . 7 4 . 2 2 2 4 11 . . . . . . . . . 2 8500
0 2 0 2 6 1 8 5 5 8 1 8 2 6 2 9 4 3 1 1 9 9 8 7 15 9 4 5 6 6 . 3 2 . . . 1 2 1 7 2 7 1 9 9 . 6 9 . 5 1 9 2 4 10 10 . 9 10 . 9 9 10 9 9 2 9 1 9 2 2 9 9 7 1 7 1 6 2 2 2 4 8 . . . . . . . 8 . 2 .
1 2 1 1 5 2 3 5 5 9 1 1 3 9 2 9 1 1 4 4 9 9 1 3 1 1 5 3 6 7 3 3 3 1 . 3 1 2 1 7 2 6 3 1 9 8 6 8 . 6 1 1 2 5 3 10 9 9 9 . 9 9 9 9 9 1 9 1 9 3 2 2 4 3 . 3 . 1 2 2 8 4 8 . . . . . . . 8 . 1 750000
1 1 0 3 5 1 2 5 5 9 1 8 9 11 3 9 4 4 1 1 9 9 . . . . 6 3 6 6 . 3 2 2 . . 1 5 1 3 2 6 1 . . . . . . . . . . . . . . . . . . . . . . 1 9 1 9 1 1 . . . . 7 1 4 5 . 3 . 8 . . . . . . . . . 1 200000
0 0 0 9 1 1 8 7 5 8 1 8 9 11 6 2 4 3 1 1 9 9 8 7 15 9 2 2 6 1 . 3 4 4 . . 6 . 1 6 2 4 1 1 . 1 9 9 . . 1 9 2 . 3 . 3 10 10 . . 3 10 9 . 2 9 3 9 4 3 1 1 4 1 4 1 . 2 2 11 2 7 . . . . . . . . . 2 70000
1 1 0 1 7 1 2 7 5 9 1 8 9 11 6 2 4 4 1 1 9 9 8 7 15 9 4 3 6 6 3 4 2 . . . 5 2 1 7 1 6 1 . . . . . . . . . . . . . . . . . . . . . . 1 9 1 9 3 2 . . 7 4 7 4 6 2 . 9 4 8 . . . . . . . . . 1 37000
1 1 0 5 3 1 8 2 2 10 1 10 9 1 3 9 1 1 4 1 9 9 1 3 2 2 5 6 6 2 2 3 3 4 . . 10 1 1 6 2 4 3 1 9 6 6 9 6 5 1 9 3 3 3 10 9 9 10 9 9 9 10 9 9 3 9 4 2 4 3 2 4 2 4 4 1 . 5 2 7 1 7 2 2 11 3 7 . . . . 2 28000
0 1 1 4 4 1 8 8 1 8 1 8 9 11 . . 4 1 1 1 9 9 10 1 15 9 2 6 6 3 . 3 3 4 . . 6 . 3 7 2 8 1 . . . . . . . . . . . . . . . . . . . . . . 2 9 . . 1 1 3 5 7 1 7 1 . 6 . 1 7 9 . . . . . . . . . 2 17000
0 0 0 3 7 6 8 1 1 6 2 6 1 8 3 9 1 1 1 1 1 9 8 7 15 9 3 . . . . . . . . . . . . . . 9 6 . . . . . . . . . . . . . . . . . . . . . . . . . . . . . . . . . . . . . . . . . . . . . . . . . 2 16000000
0 0 0 3 7 7 8 8 1 12 2 12 3 9 3 9 1 1 1 1 1 9 7 8 15 9 2 5 6 7 8 3 4 4 . . 1 1 3 7 2 7 6 1 8 1 6 . 1 . 1 9 6 1 3 9 9 9 . 9 . 9 10 9 9 2 9 1 9 1 1 6 5 7 1 4 1 6 5 2 1 7 . . . . . . . . 8 . 2 .
2 0 3 2 3 1 8 7 5 8 1 8 9 11 2 9 4 1 1 1 9 9 10 1 7 4 2 6 6 7 7 4 . 4 . . 10 . 3 7 2 8 1 1 1 . . 1 1 2 . 1 5 2 3 3 . . 3 9 9 . 9 9 9 4 9 2 9 4 2 3 5 7 1 . . . 5 2 7 1 7 . . . . . . . 6 . 2 400000
1 0 0 5 4 1 5 7 6 8 1 8 9 11 6 1 5 1 1 1 9 9 10 1 7 4 2 5 6 2 1 3 3 4 . 3 10 . 3 7 2 4 1 1 . 8 . 9 6 6 . 9 3 2 3 . 9 . 10 9 9 . 10 9 9 4 9 2 9 4 2 1 1 7 1 4 1 2 . . . . . 2 2 1 2 8 . . . . 2 60000
0 3 4 3 0 1 8 2 2 8 1 8 9 11 3 9 4 4 1 1 9 9 7 8 15 9 6 1 1 2 . 3 1 4 . . 1 1 1 5 1 2 1 . 6 8 6 8 . . 1 1 1 9 . 9 9 9 9 . . 9 9 9 10 2 9 1 9 3 2 . . . . 4 1 . 2 2 11 4 4 5 1 3 . 9 . . 1 . 2 17000
0 0 1 2 7 7 8 7 1 8 1 8 9 11 2 9 4 4 1 1 9 9 13 2 15 9 2 5 5 7 8 4 5 . 8 . 1 1 3 7 1 7 1 1 8 . 8 . . 9 9 . 1 4 3 9 . 9 . . 10 10 . 9 9 5 9 1 9 . . 3 5 7 1 7 1 . 5 2 . . . . . . . . . . 2 . 2 .
0 0 0 2 8 1 8 . . 8 1 8 9 11 . . 5 5 1 1 9 9 8 7 15 9 2 . . . . . . . . . . . . . . 9 1 . . . . . . . . . . . . . . . . . . . . . . . . . . . . . . . . . . . . . . . . . . . . . . . . . 2 24200000
0 0 0 3 7 7 8 7 2 8 1 8 9 11 3 9 4 4 1 1 9 9 1 3 2 2 5 6 6 7 8 4 4 1 . . 1 1 3 7 2 7 1 1 8 1 1 . 1 9 1 1 3 2 3 3 3 3 . 3 10 3 9 9 9 5 9 4 9 1 1 . . 7 1 7 1 3 5 2 2 8 8 5 2 1 8 11 . . 6 . 2 2500
0 0 0 2 8 3 8 7 6 8 1 8 9 11 3 9 4 4 1 1 9 9 7 8 15 9 . . . . . . . . . . . . . . . 9 1 . . . . . . . . . . . . . . . . . . . . . . . . . . . . . . . . . . . . . . . . . . . . . . . . . 2 .
0 1 1 2 6 1 8 2 2 8 1 8 2 6 6 1 4 3 1 1 9 9 7 8 15 9 2 3 6 7 . 2 2 . . . 1 1 2 7 2 6 1 9 6 . 9 . 1 . 1 2 2 3 10 9 . 10 . 9 . 9 9 9 9 . . 1 9 4 2 . . 7 1 7 1 . 5 4 3 8 8 . . . . . . . . . 2 125000
0 1 0 1 8 7 8 8 2 5 3 5 9 11 2 9 1 1 5 5 9 9 1 3 15 9 1 3 6 6 . 3 1 1 . 3 1 1 1 7 1 6 3 1 6 1 9 9 4 6 1 1 4 2 3 9 9 10 10 9 9 9 9 9 9 2 9 1 9 1 1 2 3 . . . . . 5 4 3 8 8 . . . . . . . 8 . 2 .
0 3 0 1 6 1 8 7 1 8 1 8 9 11 2 9 5 5 1 1 9 9 7 8 15 9 4 3 6 5 . 3 1 2 . . 1 . 1 2 1 6 1 1 9 . 8 . . . 1 9 6 5 3 10 . 9 . . . 9 10 9 9 1 9 1 9 . . 1 1 7 . 7 . . 5 2 3 8 8 . . . . . . . . . 2 18000
1 1 2 0 6 1 8 8 1 12 2 12 3 9 4 9 1 1 1 1 1 9 8 7 15 9 . 3 6 7 . 3 3 . . . 1 . 1 2 1 6 6 9 9 . 9 8 . . 1 3 . 4 10 9 . 10 9 . . 9 9 . 9 1 9 1 9 4 3 6 5 4 1 4 1 . 5 4 . . . . . . . . . . 1 . 2 .
0 1 0 3 6 1 8 5 5 8 1 8 9 11 6 1 4 4 1 1 9 9 8 7 15 9 4 5 4 7 3 3 3 . . . 4 5 1 7 2 7 1 1 . . 6 . . . 1 6 1 5 3 . . 9 . . . 9 9 9 9 4 9 . . 4 3 1 1 7 1 7 1 . 2 2 11 4 8 5 2 2 9 8 . . . . 2 220000
6 4 0 0 0 3 8 5 3 8 1 8 9 11 3 9 6 4 6 4 9 9 7 8 15 9 5 1 1 1 3 2 1 1 2 2 6 2 1 1 1 1 2 9 9 9 9 9 4 6 1 9 9 9 10 10 10 10 10 9 9 9 10 10 10 1 9 1 9 1 1 9 9 1 9 3 1 1 1 2 11 6 8 5 2 8 7 8 . . 2 . 2 1400
1 0 4 0 5 1 2 7 . 8 1 8 3 9 2 9 3 3 1 1 2 9 7 8 15 9 4 3 5 7 5 4 1 1 . 5 1 3 1 2 1 6 7 9 9 9 5 1 1 . 1 2 4 4 10 10 10 9 9 9 . 9 9 9 9 2 9 1 9 1 1 1 1 4 4 4 4 4 5 4 8 9 8 . . . . . . . 2 . 2 7000
0 0 4 1 5 6 8 8 1 5 3 5 9 11 2 9 1 1 4 4 9 9 1 3 1 1 1 . . . . . . . . . . . . . . 9 3 . . . . . . . . . . . . . . . . . . . . . . . . . . . . . . . . . . . . . . . . . . . . . . . . . 2 900
2 0 0 2 6 4 8 5 5 8 1 8 9 11 2 9 3 3 3 3 9 9 11 6 15 9 1 4 5 7 2 3 1 1 2 . 1 5 1 2 1 6 2 9 9 9 9 9 1 2 1 9 5 5 10 10 10 10 10 9 9 9 10 9 9 1 9 1 9 1 1 . . . . . . . 5 . . . . . . . . . . . 7 . 2 .
0 0 2 1 7 1 8 2 2 8 1 8 9 11 6 1 3 3 1 1 9 9 1 3 1 1 5 4 5 7 . 2 2 . . . 10 5 1 2 1 6 1 9 9 . . 8 . . 1 . . 4 10 10 . . 9 . . 9 . . 9 4 9 1 9 1 1 1 1 7 1 7 1 . . . . . . . . . . . . . 8 . 2 .
0 0 4 0 6 6 8 7 2 . . . . . . . 1 1 1 1 1 9 1 3 1 1 5 4 5 6 . 3 2 . . . . . 1 1 1 6 6 . . . . . . . . . . . . . . . . . . . . . . 4 9 1 9 1 1 1 1 7 1 . . 6 5 2 10 8 8 . . . . . . . . . . 1000
0 0 6 0 4 6 8 7 2 12 2 12 3 9 . . 1 1 1 1 1 9 7 8 15 9 4 4 4 5 . 3 2 . . . . . 1 1 1 2 6 . . . . . . . . . . . . . . . . . . . . . . . . 1 9 1 1 1 1 7 1 7 1 . . . . . . . . . . . . . 3 . 2 400
0 2 8 0 0 2 8 6 1 9 1 8 9 11 2 9 3 3 1 1 2 9 13 2 15 9 5 1 1 7 3 4 1 . 2 . 1 1 1 5 1 2 7 9 9 6 6 1 1 5 1 2 1 9 10 10 9 9 9 9 9 9 9 9 10 . . 1 9 1 1 . . . . . . . 4 2 3 4 8 4 2 5 7 5 . . . . 1 293
2 2 6 0 0 4 8 7 2 12 2 12 3 9 4 9 1 1 1 1 1 9 7 8 15 9 4 1 1 3 . 3 2 1 5 . 1 1 1 1 1 2 6 9 5 1 9 1 1 6 1 2 9 9 10 9 9 10 9 9 9 9 9 10 10 4 9 1 9 4 3 1 1 . . 4 1 2 5 2 3 8 3 . . . . . . . 1 . 2 6000
5 2 3 0 0 2 8 7 2 9 1 10 9 11 3 9 1 1 1 1 1 9 7 8 15 9 3 1 1 2 . 3 1 . 5 . 1 1 1 1 1 1 6 9 9 1 9 8 . 5 1 1 9 9 10 10 9 10 9 . 9 9 9 10 10 2 9 1 9 1 1 1 1 7 1 7 1 2 2 1 11 4 4 2 1 11 4 9 . . . . 1 35
3 3 4 0 0 4 8 7 6 10 1 10 9 11 3 9 1 1 1 1 1 9 7 8 15 9 4 1 1 2 3 3 2 1 5 3 1 2 1 1 1 2 6 9 9 5 9 8 . 6 1 2 9 9 10 10 9 10 9 . 9 9 9 10 10 1 9 1 9 2 3 1 1 1 9 . . 2 2 1 11 9 9 2 1 11 4 3 . . . . 2 .
1 1 0 3 5 1 8 5 5 8 1 8 9 11 3 9 4 4 1 1 9 9 8 7 15 9 5 3 5 5 . 3 4 . 5 . 7 . 2 7 2 6 1 1 9 1 6 . . 6 1 . 1 5 3 10 9 9 . . 9 9 . 9 9 4 2 1 9 1 1 1 1 7 4 7 4 . 2 2 11 3 8 . . . . . . . 3 . 2 .
2 7 1 0 0 1 2 5 3 12 2 12 3 9 4 9 1 1 1 1 1 9 7 8 15 9 5 1 1 1 4 2 1 2 5 6 1 . 1 4 1 3 6 9 9 6 9 8 6 6 1 1 1 9 10 10 9 10 9 9 9 9 9 9 10 1 9 1 9 1 1 7 5 1 9 1 9 3 2 2 11 4 5 . . . . . . . 5 . 2 3000
0 5 1 0 4 1 2 2 2 9 1 8 3 9 . . 4 4 1 1 9 9 8 7 15 9 6 3 6 3 . 3 1 . 5 . 1 1 1 4 1 3 1 9 9 6 6 . 1 . 1 1 1 5 10 10 9 9 . 9 . 9 9 9 9 4 9 1 9 1 1 . . . . 7 1 . 2 1 3 2 9 2 2 11 4 5 . . . . 1 .
1 1 2 0 6 6 8 2 2 6 2 6 3 9 3 9 1 1 4 4 9 9 . . . . 1 3 6 7 . 3 2 . 5 . 1 . 1 1 1 6 3 9 . 8 6 8 . . 1 4 9 4 10 . 9 9 9 . . 9 9 10 9 1 9 1 9 1 1 6 5 . . . . . 5 2 2 8 9 . . . . . . . . . 2 1139
0 1 0 1 8 6 8 1 1 6 2 6 9 11 1 9 1 1 1 1 1 9 7 8 15 9 3 6 6 7 4 2 1 1 . . 1 . 2 4 1 7 6 9 1 1 6 . 2 . 1 . . 1 10 9 9 9 . 9 . 9 . . 9 1 9 1 9 1 1 6 5 5 1 5 1 6 5 2 9 7 9 . . . . . . . 1 . 2 1400
1 2 5 0 2 1 8 5 5 8 1 8 9 11 6 1 4 4 1 1 9 9 7 8 15 9 4 3 4 7 . 2 2 2 5 5 6 5 1 3 1 2 1 1 . 9 6 1 1 . 1 2 . 5 3 . 10 9 9 9 . 9 9 . 9 1 9 1 9 4 3 1 2 . . . . . 5 2 . 8 8 . . . . . . . . . 2 100000
0 2 1 0 7 1 8 1 1 10 1 10 9 11 . . 1 1 1 1 1 9 . . . . 4 . . . . . . . . . . . . . . 9 6 . . . . . . . . . . . . . . . . . . . . . . . . . . . . . . . . . . . . . . . . . . . . . . . . . 2 40000
0 1 1 0 8 3 8 1 1 8 1 8 9 11 2 9 4 4 1 1 9 9 . . . . 4 . . . . . . . . . . . . . . 9 1 . . . . . . . . . . . . . . . . . . . . . . 4 9 1 9 4 3 . . . . 7 1 . . . . . . . . . . . . . . . 2 .
0 2 2 0 6 2 8 4 6 10 1 10 2 6 3 9 1 1 1 1 1 9 1 3 15 9 5 3 5 7 . 2 1 . . . 1 . 1 1 1 6 6 9 . 9 . . 1 6 1 1 9 3 10 . 10 . . 9 9 9 9 10 9 1 9 1 9 . . . . . . . . . 5 2 . 4 8 . . . . . . . 5 . 2 2500
2 2 2 0 4 6 8 2 2 9 1 10 9 11 3 9 1 1 1 1 1 9 1 3 1 1 5 3 5 7 . 2 1 . . 6 1 5 1 1 1 6 6 9 9 9 6 1 1 5 1 1 9 5 10 10 10 9 9 9 9 9 9 10 9 1 9 1 9 1 1 . . . . . . 3 5 2 4 8 8 . . . . . . . . . 1 100
4 3 1 0 2 2 8 7 3 9 3 9 9 11 3 9 4 4 1 1 9 9 8 7 15 9 5 3 6 2 3 4 1 1 2 6 1 5 1 1 1 1 1 9 9 . 9 9 5 5 1 2 9 2 10 10 . 10 10 9 9 9 9 10 9 1 9 1 9 1 1 7 5 1 9 1 9 1 2 2 11 3 8 . . . . . . . . . 2 .
0 1 2 1 6 1 8 5 5 8 1 8 9 11 6 2 4 3 1 1 9 9 13 2 15 9 . 3 6 7 4 3 2 2 8 . 6 5 1 7 1 6 1 1 1 1 6 . . . 1 2 . 5 3 9 9 9 . . . 9 9 . 9 1 9 1 9 4 2 1 2 6 4 6 4 . 2 3 2 4 8 . . . . . . . 5 . 2 150000
2 1 0 1 6 2 8 5 5 10 1 10 9 1 3 9 1 1 4 3 9 9 1 3 3 3 1 3 6 5 3 3 1 . 6 . 1 . 1 7 1 6 3 1 . . 6 . 2 6 1 4 1 2 3 . . 9 . 9 9 9 9 1 9 1 9 1 9 2 2 . . 5 1 2 4 . 5 2 9 7 9 . . . . . . . . . 2 100000
0 1 1 2 6 5 8 8 5 8 1 8 9 11 . . 4 4 1 1 9 9 7 8 15 9 . 3 6 6 . 3 2 2 . . 1 . 1 3 1 6 1 1 8 . 6 . . 1 . 1 4 3 3 9 . 9 . . 9 . 9 9 9 . . . . 3 2 . . 6 1 6 1 . 2 2 9 4 8 . . . . . . . . . 2 70000
0 2 1 1 6 1 8 5 5 10 1 10 2 6 3 9 3 3 1 1 9 9 8 7 15 9 4 3 4 5 . 2 3 2 . . 5 5 1 3 1 6 1 1 9 . 6 8 . 6 1 2 . 5 3 10 . 9 9 . 9 9 9 . 9 4 9 1 9 2 3 1 2 . . 7 4 6 5 2 8 8 8 . . . . . . . . . 2 500000
0 1 3 0 6 3 8 7 5 1 1 1 9 10 6 1 1 1 4 4 9 9 1 3 1 1 5 3 6 7 . 3 2 2 . . 6 3 1 3 1 6 3 1 8 . 8 . . . 1 3 . 2 3 9 . 9 . . . 3 9 . 9 1 9 1 9 4 3 2 3 . . 2 . 6 5 2 2 8 8 2 2 2 4 8 . . 6 . 2 90000
0 1 1 5 3 1 8 8 5 2 1 8 9 11 2 9 4 4 1 1 9 9 7 8 15 9 2 3 6 2 . 3 2 2 . . 1 2 1 7 2 4 1 1 . . . . . . 1 1 2 4 3 . . . . . . 9 9 9 9 1 9 1 9 3 3 . . . . 7 1 . 2 4 2 4 8 . . . . . . . 4 1 1 500000
0 1 0 5 4 1 8 5 5 8 1 8 9 11 . . 3 3 1 1 9 9 8 7 15 9 7 3 6 3 . 2 3 2 . . 10 . 3 7 2 4 1 1 . 8 8 . 1 . 1 9 3 2 3 . 9 9 . 9 . 9 10 9 9 1 9 2 9 3 3 6 5 7 4 7 4 2 2 2 11 2 8 2 2 10 4 8 . . 3 . 2 .
0 0 0 9 1 1 8 5 5 . . . . . . . 1 1 4 4 9 9 6 4 15 9 . 2 6 2 . 2 2 4 . . 10 . 1 7 2 4 3 . . . . . . . . . . . . . . . . . . . . . . . . . . . . 2 3 . . 2 1 . 2 2 11 2 8 . . . . . . . . . . .
1 1 0 5 3 1 8 1 1 . . . . . 3 9 1 1 3 1 9 9 . . . . . 6 4 1 . 2 3 4 . . 10 . 1 6 2 4 3 . . . . . . . . . . . . . . . . . . . . . . 3 9 . . 4 3 2 4 2 4 5 1 . 5 2 7 8 5 2 2 11 . 8 . . . . . 2000
0 0 2 2 6 1 8 8 1 10 1 10 9 11 . . 1 1 3 1 9 9 10 1 15 9 . 3 6 7 . 3 3 . . . . . 1 3 2 6 3 9 . . . 9 . . 1 1 . 3 10 . . . 10 . . 9 9 . 9 4 9 2 9 1 1 2 3 2 1 2 1 . 5 2 1 7 9 . . . . . . . 8 . 2 .
0 0 0 3 7 4 7 1 1 10 2 6 9 11 3 9 1 1 1 1 2 9 . . . . 3 6 6 7 8 2 5 4 . . 1 1 3 7 2 7 6 8 . . . 9 8 9 9 9 2 2 4 . . . 10 9 10 10 10 9 9 5 9 1 9 1 1 3 5 1 9 . . 3 5 2 3 9 8 5 3 3 8 3 . . . . 1 .
0 0 1 4 5 1 8 2 2 8 1 8 9 11 1 9 4 1 1 1 2 9 10 1 7 4 8 6 6 3 . 3 3 4 . . 5 1 3 7 2 7 7 1 2 8 6 9 1 9 1 1 2 2 3 3 9 9 10 3 10 9 9 9 9 4 9 1 9 1 1 1 1 7 1 . . 2 5 2 1 7 9 5 2 6 8 6 . . 5 . 2 30000000
0 0 0 3 7 1 7 7 2 8 1 8 9 11 . . 5 1 1 1 9 9 10 1 7 4 3 6 6 7 . 3 4 4 . . 5 1 3 7 2 7 1 1 6 . 8 . . . 1 9 2 1 3 9 . 9 . . . 10 9 9 9 5 4 2 9 4 2 . . . . 4 1 2 6 2 9 7 9 . . . . . . . . . 2 4500000
0 2 4 4 0 1 8 2 2 8 1 8 9 11 . . 5 5 1 1 9 9 . . . . 4 1 1 2 . 2 1 . . . 1 . 1 5 1 8 1 9 9 . 9 8 . . 1 1 1 9 10 10 . 9 9 . . 9 9 10 9 2 9 1 9 1 1 . . . . . . . 2 2 11 4 5 . . . . . . . . . 2 6000
0 0 0 2 8 4 8 6 2 8 1 8 9 11 4 9 6 4 1 1 2 9 . . . . 2 6 6 8 8 4 5 2 . . 1 1 3 7 2 7 7 1 2 1 1 9 1 9 9 9 1 1 3 3 3 3 10 3 10 10 10 3 3 4 3 4 9 1 1 7 5 7 1 7 1 2 5 2 2 8 8 5 2 1 8 11 . . . . 2 1400
1 0 0 2 7 . . 8 3 8 1 8 9 11 2 9 5 5 1 1 9 9 1 3 2 2 5 . . . . . . . . . . . . . . 9 1 . . . . . . . . . . . . . . . . . . . . . . . . . . . . 1 1 7 1 7 1 . . . . . . . . . . . . . . . 2 75000
0 2 1 2 5 2 1 2 2 8 1 8 9 11 3 9 6 3 1 1 9 9 6 4 5 2 8 3 6 7 2 3 1 2 . . 1 5 1 7 1 6 1 1 6 . 6 9 1 . 1 1 . 4 3 9 . 9 10 9 . 9 9 . 9 2 9 1 9 1 1 6 5 7 4 7 4 4 5 4 3 8 8 . . . . . . . . . 2 500
0 0 1 1 8 3 8 6 2 5 3 5 9 11 3 9 1 1 3 3 9 9 8 7 15 9 4 6 6 6 5 3 3 1 . . 1 . 3 7 1 7 3 1 6 . . . . 9 9 . . 2 3 9 . . . . 10 10 . . 9 4 9 1 9 . . 6 5 3 3 3 3 . 5 4 3 8 8 . . . . . . . 3 . 2 40000
0 1 1 1 7 6 8 1 1 11 2 11 1 10 1 9 1 1 1 1 4 9 7 8 15 9 3 6 6 7 5 2 1 . . . 1 5 3 7 1 7 5 1 6 8 8 . . . 1 1 2 5 3 9 9 9 . . . 9 9 9 9 4 9 1 9 . . 7 5 . . . . . 5 2 . 8 8 . . . . . . . 3 . 2 5300
0 0 3 1 6 1 8 1 1 10 1 10 2 6 2 9 3 3 1 1 2 9 7 8 15 9 . 3 6 7 6 3 3 4 . . 10 1 1 2 1 6 7 1 8 . 8 8 1 . . . . 4 3 9 . 9 9 9 . . . . 9 4 9 1 9 4 2 1 1 7 1 7 1 . 5 3 7 8 8 5 2 2 8 8 . . 6 . 2 .
5 3 2 0 0 5 8 4 6 8 1 8 9 11 3 9 6 6 6 6 9 9 11 6 10 5 7 1 1 1 2 2 1 1 . . 6 2 1 1 1 1 2 9 9 9 9 1 . 6 2 3 9 9 10 10 10 10 9 . 9 9 9 10 10 1 9 1 9 1 1 9 9 1 9 . . 1 5 2 11 1 4 . . . . . . . . . 2 294
0 1 0 3 6 1 2 5 5 9 2 6 3 9 3 9 4 4 1 1 2 9 1 3 15 9 5 6 6 7 . 2 3 4 . 5 1 5 1 7 2 7 7 1 9 . 6 1 1 5 1 1 1 5 3 10 . 9 9 9 9 9 9 9 9 4 9 1 9 4 2 3 5 7 1 7 1 . 5 2 7 8 8 5 2 . 7 9 . . . . 1 16000
1 1 0 1 7 4 1 6 2 8 1 8 9 11 6 1 5 5 1 1 9 9 11 6 15 9 5 5 5 5 4 3 1 2 4 6 1 2 1 2 1 7 1 9 9 9 9 9 1 3 1 9 5 5 10 10 10 10 10 9 9 9 9 9 9 1 2 1 9 1 1 7 5 7 1 7 2 4 3 2 4 1 8 . . . . . . . . . 2 .
0 0 4 1 5 6 8 2 2 10 1 10 2 6 3 9 1 1 4 3 9 9 1 3 15 9 4 4 4 5 . 3 3 2 . . 1 2 1 2 1 6 3 9 6 9 9 1 1 9 9 3 . 1 10 9 10 10 9 9 10 10 9 . 9 4 9 1 9 1 1 . . . . . . 6 5 3 . 8 8 . . . . . . . . . 2 500
3 1 3 0 3 1 8 2 2 12 2 12 3 9 3 9 1 1 4 4 9 9 8 7 15 9 1 4 4 7 1 3 1 2 . 5 1 . 1 2 1 8 3 9 9 9 9 1 1 2 1 1 . 5 10 10 10 10 9 9 9 9 9 . 9 2 9 1 9 1 1 1 1 . . . . . 5 2 11 1 8 5 2 10 8 8 . . . . 2 1500
0 0 3 1 6 1 8 . . . . . . . 6 1 3 3 1 1 9 9 1 3 1 1 5 . . . . . . . . . . . . . . 9 1 . . . . . . . . . . . . . . . . . . . . . . . . . . . . . . . . . . . . . . . . . . . . . . . . . . .
1 7 2 0 0 2 8 6 2 9 2 2 9 11 3 9 1 1 1 1 2 9 7 8 15 9 3 1 1 2 2 2 1 1 5 2 1 1 1 1 1 3 6 9 9 6 9 1 2 6 1 2 6 9 10 10 9 10 9 9 9 9 9 9 10 2 9 1 9 1 1 5 5 1 9 5 1 6 2 2 5 5 5 2 2 11 2 9 . . 1 . 1 200
2 3 5 0 0 4 8 8 6 12 2 12 3 9 4 9 1 1 1 1 1 9 7 8 15 9 4 1 1 3 . 3 1 1 5 . 1 1 1 1 1 2 6 9 6 4 9 1 1 . 1 1 9 9 10 9 9 10 9 9 . 9 9 10 10 2 9 1 9 4 3 9 9 . . 7 1 2 5 2 3 6 3 2 1 11 8 9 . . . . 2 .
5 3 2 0 0 2 8 7 3 2 2 12 3 9 3 9 1 1 1 1 1 9 7 8 15 9 5 1 1 3 1 3 2 2 5 . 1 1 1 1 1 1 6 9 9 1 9 8 2 5 1 2 9 9 10 10 9 10 9 9 9 9 9 10 10 2 9 1 9 1 1 7 5 1 9 1 9 . 2 1 11 4 9 2 2 11 4 4 . . 1 . 1 250
3 4 3 0 0 6 8 5 3 12 2 12 3 9 3 9 1 1 1 1 2 9 7 8 15 9 4 1 1 2 . 2 2 1 5 6 1 1 1 4 1 3 6 9 9 6 9 8 6 6 1 2 1 9 10 10 9 10 9 9 9 9 9 9 10 1 9 1 9 2 3 1 1 1 9 . . 3 3 1 11 8 7 2 2 11 4 5 . . 1 . 2 600
2 8 0 0 0 1 8 8 3 12 2 12 3 9 4 9 1 1 1 1 1 9 7 8 15 9 4 1 1 1 4 3 1 2 5 2 1 1 1 4 1 3 6 9 9 6 9 9 6 6 1 9 1 9 10 10 9 10 10 9 9 9 10 9 10 2 9 1 9 1 1 7 5 1 9 4 . 2 2 2 11 4 5 . . . . . . . 1 . 2 1600
2 4 1 0 3 3 8 2 2 8 1 8 3 9 . . 4 4 1 1 9 9 8 7 15 9 6 3 6 3 . 3 2 . 5 . 1 1 1 4 1 3 1 9 9 6 6 . 1 6 1 1 1 6 10 10 9 9 . 9 9 9 9 9 9 4 9 1 9 1 1 1 1 . . 1 9 6 2 2 11 2 9 2 2 11 4 5 . . 5 . 2 825
2 2 2 0 4 6 8 2 2 5 3 5 2 6 3 9 1 1 6 6 9 9 7 8 15 9 1 3 6 5 . 2 2 . . . 1 1 1 1 1 6 3 9 9 6 6 8 1 . 1 . 9 5 10 10 9 9 9 9 . 9 . 10 9 1 9 1 9 1 1 . . . . . . . 2 2 2 4 4 5 2 . 8 8 . . 8 . 2 15000
1 1 0 2 6 6 8 7 1 2 2 2 9 6 1 9 1 1 3 3 9 9 8 7 15 9 4 6 6 7 4 3 1 1 . 3 1 1 2 7 1 7 3 9 9 8 6 9 . . 1 9 . 2 10 10 9 9 10 . . 9 10 . 9 2 9 1 9 1 1 6 5 5 1 5 1 6 5 2 9 7 9 . . . . . . . . . 2 242
0 0 1 1 8 . . . . . . . . . . . 1 1 1 1 1 9 . . . . 4 . . . . . . . . . . . . . . 9 6 . . . . . . . . . . . . . . . . . . . . . . . . . . . . . . . . . . . . . . . . . . . . . . . . . . .
0 1 0 4 5 1 8 7 5 8 1 8 9 11 6 1 4 4 1 1 9 9 7 8 15 9 5 3 6 5 . 3 4 . . . 1 5 1 7 2 6 1 1 9 1 6 1 1 9 1 9 1 5 3 10 9 9 9 9 10 9 10 9 9 4 9 1 9 1 1 1 1 7 4 7 4 . 2 2 11 3 8 . . . . . . . 4 1 2 250000
0 0 3 1 6 1 8 5 5 8 1 8 9 11 6 2 4 3 1 1 9 9 . . . . 5 3 5 7 . 3 3 2 2 . 5 1 1 3 1 6 1 1 . . 8 8 . . 1 2 . 5 3 . . 9 9 . . 9 9 . 9 2 9 1 9 4 2 1 1 . . 7 4 . 5 3 7 8 7 . . . . . . . 2 . 2 40000
1 1 1 0 7 6 8 4 6 9 2 6 9 11 1 9 1 1 1 1 1 9 . . . . . 3 6 7 . 2 1 4 . . 1 1 1 2 1 6 6 9 9 8 6 . . . 1 1 . 1 10 10 9 9 . . . 9 9 . 9 4 9 1 9 1 1 1 1 . . . . . 5 2 9 9 8 . . . . . . . . . 1 .
1 2 2 0 5 2 8 2 2 9 3 9 2 6 3 9 1 1 1 1 1 9 1 3 1 1 5 3 5 7 . 2 1 . . . 1 . 1 1 1 6 6 9 6 9 8 . 1 . 1 1 9 5 10 9 10 9 . 9 . 9 9 10 9 1 9 1 9 . . 1 1 . . . . . 5 2 2 9 8 . . . . . . . 2 . 1 .
0 2 3 0 5 5 8 4 6 8 1 8 9 11 6 1 5 4 1 1 9 9 1 3 1 1 5 . . . . . . . . . . . . . . 9 1 . . . . . . . . . . . . . . . . . . . . . . . . . . . 2 . . . . . . . . . . . . . . . . . . . . . 2 .
0 1 0 1 8 1 8 8 5 . . . . . 2 9 1 1 4 4 9 9 . . . . 1 3 4 7 . 3 3 . . . 1 . 1 3 1 6 3 . . . . . . . . . . . . . . . . . . . . . . . . 1 9 3 2 . . 3 2 3 1 . 5 2 2 . 8 . . . . . . . . . . 65000
0 1 1 2 6 1 8 7 5 8 1 8 9 1 6 2 4 4 2 2 9 9 8 7 15 9 4 3 6 5 . 4 1 2 . 6 1 1 1 7 2 6 2 1 . 1 6 . 2 . 1 2 1 2 9 . 9 9 . 9 . 9 9 9 9 1 9 1 9 2 3 1 2 6 4 6 4 . 2 2 9 4 8 2 2 9 7 9 . . . . 2 70000
0 1 1 2 6 5 8 8 5 8 1 8 3 9 2 9 4 3 1 1 9 9 8 7 15 9 . 3 6 6 . 4 2 . . . 1 . 1 3 1 6 1 . . . . . . . . . . . . . . . . . . . . . . . . . . . . . . 7 4 7 4 . 2 2 9 4 8 . . . . . . . 8 . 2 12300
1 1 0 2 6 1 2 5 5 8 1 8 9 11 2 9 3 3 1 1 9 9 8 7 15 9 . 3 6 6 . 4 1 2 . 5 1 2 1 3 1 6 1 . . . . . . . 1 . 4 4 . . . . . . . 9 . 1 9 1 9 1 9 3 2 1 2 7 3 . . 6 2 2 9 4 8 . . . . . . . . . 2 20000
0 3 1 1 5 3 8 2 2 1 1 1 9 11 6 1 1 1 4 4 9 9 1 3 2 2 5 3 5 7 . 2 3 . . . . 3 1 3 1 6 3 1 . . 8 . . . 1 2 . 5 3 . . 9 . . . 9 9 . 9 4 9 1 9 3 3 2 3 2 4 2 4 . 2 2 11 3 8 . . . . . . . 6 . 2 600000
0 2 1 3 4 1 8 5 5 9 1 8 9 11 2 9 4 4 1 1 9 9 8 7 15 9 3 3 6 7 5 3 2 3 . . 1 5 1 7 2 6 1 1 . . . . . . 1 6 2 3 3 . . . . . . 9 9 9 9 2 9 2 9 1 1 1 1 . . . . 4 2 2 . 4 8 . . . . . . . 1 . 1 60000
0 1 0 3 6 1 8 2 2 8 1 8 9 11 . . 3 3 1 1 9 9 . . . . . 5 6 5 . 2 4 4 . . 3 . 3 7 2 7 1 1 8 1 8 . 2 . 1 9 2 1 3 9 3 9 . 9 . 9 10 9 9 4 9 2 9 4 3 . . 7 4 7 4 2 2 2 2 4 8 . . . . . . . . . 2 .
0 0 0 7 3 1 8 . . 8 1 8 9 11 3 9 4 1 1 1 9 9 10 1 15 9 . 6 6 2 . . . 4 . . 10 . 1 7 2 4 1 . . . . . . . . . . . . . . . . . . . . . . . . . . 3 3 . . . . . . . 2 2 7 . . . . . . . . . . . 2 .
2 1 0 5 2 1 8 1 1 9 1 10 9 11 . . . . . . 9 9 . . . . . 6 4 1 . 2 3 4 . . 10 . 1 6 2 4 . 1 . . 9 . . . 1 9 1 . 3 . . 10 . . . 9 10 9 . 3 9 2 9 4 3 . . . . 4 1 . 2 2 7 2 5 . . . . . . . . . 1 4200
0 0 0 3 7 1 8 7 2 8 1 8 9 11 2 9 4 1 1 1 9 9 10 1 7 4 2 6 6 7 8 4 . 4 . . 5 1 3 7 2 7 1 1 8 8 8 . . . . . 3 1 3 9 9 9 . . . . . 9 9 5 3 2 9 4 3 9 9 4 1 4 1 2 6 2 1 7 9 5 2 9 . 8 . . 4 . 2 .
0 0 0 5 5 1 7 2 2 7 1 10 9 8 1 9 3 3 1 1 2 9 7 8 15 9 8 5 6 7 8 3 5 4 6 . 10 . 2 4 2 8 7 9 6 3 9 1 1 6 1 1 3 1 10 9 9 10 9 3 9 9 9 9 9 5 2 1 9 1 1 6 5 7 3 7 3 2 5 2 3 8 3 2 2 6 2 6 . . . . 1 1320000
1 0 0 6 3 4 8 8 2 8 1 8 9 11 6 1 4 4 1 1 9 9 . . . . . 5 6 5 4 2 2 4 2 . . . 3 7 2 4 1 1 6 6 9 9 4 8 1 8 1 2 3 9 9 10 10 9 9 9 9 9 9 5 9 1 9 4 2 4 5 4 1 4 1 2 5 2 7 4 8 . . . . . . . . . 2 .
0 1 0 8 1 1 7 1 1 8 1 8 2 6 . . 4 1 1 1 9 9 10 1 7 4 7 2 3 1 5 3 3 4 . . 10 1 1 7 2 4 1 1 6 8 . . . . 1 . 1 1 3 9 9 . . . . 9 . 9 9 4 9 . . . . 1 1 . . 7 1 . 5 2 6 7 6 . . . . . . . . . 2 400000
0 8 2 0 0 1 5 8 2 10 1 8 3 5 1 9 1 1 1 1 6 9 7 8 15 9 8 1 1 1 1 2 1 2 8 2 1 1 1 5 1 3 4 1 9 6 9 9 6 9 2 1 1 9 9 10 9 10 10 9 10 9 9 9 10 1 9 1 9 1 1 9 9 1 9 7 . 6 2 2 5 4 5 2 2 5 4 5 . . . . 1 500
0 0 0 2 8 1 8 2 2 8 1 8 9 11 6 1 6 4 1 1 9 9 1 3 15 9 5 . . . . . . . . . . . . . . 9 1 . . . . . . . . . . . . . . . . . . . . . . . . . . . . . . . . . . . . . . . . . . . . . . . . . 2 2500
0 2 1 2 5 1 8 4 6 8 1 8 9 11 . . 4 4 1 1 9 9 6 4 5 2 6 3 6 7 . 3 2 2 . . 1 4 1 7 1 6 1 . . . . . . . . . . . . . . . . . . . . . . 2 9 1 9 3 2 1 1 . . 7 4 . 5 4 3 9 8 . . . . . . . . . 2 50000
0 0 1 1 8 1 8 6 1 8 1 8 3 9 2 9 3 3 1 1 9 9 6 4 5 2 . 3 6 7 4 3 2 1 . . 1 1 3 7 1 6 1 1 6 . . . 1 9 1 4 2 4 3 9 . . . 9 10 9 9 9 9 4 9 1 9 . . 4 5 . . . . 3 5 4 3 8 8 . . . . . . . . . 2 9000
0 0 2 1 7 1 8 1 1 6 2 6 9 11 3 9 1 1 1 1 1 9 8 7 15 9 3 6 6 7 8 2 5 4 . 3 1 1 3 7 1 7 6 1 6 . 6 1 . . 1 2 . 4 3 9 . 9 9 . . 9 9 . 9 5 9 1 9 1 1 6 5 5 1 5 1 . 5 4 3 8 8 . . . . . . . 5 . 2 2225000
0 1 1 1 7 6 8 1 1 9 2 6 9 11 3 9 1 1 1 1 2 9 10 1 15 9 3 3 6 3 5 2 3 4 . 3 5 1 1 7 1 6 6 1 . . 8 . 1 . 1 4 . 4 3 . . 9 . 9 . 9 9 . 9 1 9 1 9 1 1 6 5 . . . . . 5 4 . . 11 5 4 . . 8 . . 1 . 1 135000
5 3 2 0 0 6 8 2 2 9 1 8 9 11 6 1 4 4 1 1 9 9 6 4 15 9 7 1 1 1 . 2 1 1 . . . . 1 1 1 1 1 9 9 . 9 . . 6 1 1 9 9 10 10 . 10 . . 9 9 9 10 10 1 9 1 9 1 1 9 9 . . 1 9 . . . . . . . . . . . . . . . 1 .
3 2 0 1 4 1 8 4 6 8 1 8 9 11 6 2 3 3 1 1 9 9 12 5 15 9 6 4 5 6 . 3 1 1 2 6 1 . 1 2 1 6 1 9 9 9 8 1 1 4 1 6 6 4 10 10 10 9 9 9 9 9 9 9 9 1 9 1 9 1 1 9 9 7 1 7 1 4 5 2 3 8 8 . . . . . . . 6 . 2 300
0 0 0 3 7 1 8 5 5 8 1 8 9 11 6 1 4 4 1 1 9 9 8 7 15 9 . 3 6 5 . 2 2 . . 2 6 2 1 7 2 6 1 . . . . . . . . . . . . . . . . . . . . . . 1 9 1 9 . . 9 9 7 1 7 1 2 2 2 2 4 8 . . . . . . . 3 . 2 238000
0 0 4 1 5 6 8 7 1 5 3 5 9 11 2 9 1 1 4 4 9 9 1 3 1 1 5 4 4 7 3 3 2 . . . 1 . 1 2 1 6 3 9 9 9 9 8 . 9 9 3 . 1 10 10 10 10 9 . 10 10 9 . 9 1 9 1 9 1 1 9 9 . . . . . 5 2 . . . . . . . . . . 8 . 2 170
1 1 1 1 6 1 8 2 2 12 2 12 3 9 2 9 1 1 1 1 4 2 8 7 15 9 4 4 5 6 . 3 1 1 . . . 5 1 2 1 6 5 9 9 . 8 . . . 1 . . 3 10 10 . 9 . . . 9 . . 9 2 9 1 9 2 3 1 1 7 . 7 . 3 . . . . . . . . . . . . . . 2 5700
0 0 4 1 5 1 8 2 2 8 1 8 9 11 6 1 3 3 1 1 9 9 8 7 15 9 5 . . . . . . . . . . . . . . 9 1 . . . . . . . . . . . . . . . . . . . . . . . . . . . . . . . . . . . . . . . . . . . . . . . . . 2 .
0 0 3 1 6 6 8 2 2 10 1 10 9 1 2 9 1 1 1 1 4 9 8 7 15 9 4 4 5 7 . 3 3 1 5 3 6 1 1 2 1 6 5 9 9 9 9 1 1 . . 2 1 2 10 10 10 10 9 9 . . 9 9 9 4 9 1 9 1 1 1 1 6 . . . 3 3 3 7 8 8 . . . . . . . 6 . 2 24000
0 2 8 0 0 2 3 6 3 9 2 6 9 11 3 9 1 1 1 1 1 9 . . . . . 1 1 2 1 2 1 3 5 3 1 1 1 1 1 2 6 9 9 6 2 1 1 . 1 1 9 9 10 10 9 9 9 9 . 9 9 10 10 1 9 1 9 1 1 7 5 1 9 7 4 . 2 2 11 2 10 3 1 11 2 5 . . 8 . 1 .
2 3 5 0 0 1 8 8 6 10 1 10 9 11 4 9 1 1 1 1 1 9 7 8 15 9 4 1 1 3 . 3 1 1 5 . 1 1 1 1 1 2 6 9 6 4 9 1 1 . 1 1 9 9 10 9 9 10 9 9 . 9 9 10 10 2 9 1 9 4 3 9 9 . . 7 1 2 5 2 3 6 3 . . . . . . . . . 2 .
5 3 2 0 0 6 8 2 2 9 2 12 3 9 3 9 1 1 1 1 1 9 12 5 15 9 4 1 1 3 . 2 1 1 5 2 1 1 1 1 1 1 6 9 9 1 9 9 1 5 1 2 9 9 10 10 9 10 10 9 9 9 9 10 10 2 9 1 9 1 1 1 1 . . 1 9 2 2 1 11 4 9 2 2 11 4 4 . . . . 1 .
3 4 3 0 0 6 8 7 3 12 2 12 3 9 3 9 1 1 1 1 2 9 8 7 15 9 . 1 1 2 . 3 1 . 5 4 1 2 1 4 1 3 6 9 8 6 9 8 6 6 1 2 2 9 10 9 9 10 9 9 9 9 9 9 10 1 9 1 9 1 1 . . . . . . 3 3 1 11 8 7 2 2 11 4 7 . . . . 2 300
2 8 0 0 0 4 1 5 3 10 1 10 2 6 4 9 1 1 1 1 1 9 8 7 15 9 4 1 1 1 3 2 2 2 5 2 1 1 1 4 1 3 6 9 9 6 9 9 6 6 1 9 1 9 10 10 9 10 10 9 9 9 10 9 10 2 9 1 9 1 1 7 5 1 9 7 1 4 2 2 11 4 5 . . . . . . . . . 2 800
1 4 2 0 3 3 8 7 2 8 1 8 9 11 3 9 4 4 1 1 9 9 7 8 15 9 6 3 6 3 . 3 2 4 5 . 1 1 1 1 1 3 1 9 9 6 6 8 6 . 1 . 9 6 10 10 9 9 9 9 . 9 . 10 9 1 9 1 9 2 3 1 1 1 9 7 1 6 2 2 11 2 4 5 2 . . . . . 1 . 2 1100
1 4 3 0 2 2 8 . . 9 1 10 9 11 . . 1 1 1 1 1 9 . . . . 3 . . . . . . . . . . . . . . 3 6 . . . . . . . . . . . . . . . . . . . . . . . . . . . . . . . . . . . . . . . . . . . . . . . . . 1 .
1 1 0 1 7 6 8 8 1 2 2 2 9 6 1 9 1 1 3 3 9 9 8 7 15 9 1 5 6 7 6 3 1 . . . 1 1 1 3 1 7 3 9 . . 6 9 . . 1 9 . 2 10 . . 9 10 . . 9 10 . 9 1 9 1 9 1 1 . . 5 1 5 1 . 5 2 9 7 9 . . . . . . . 3 . 2 1250
0 1 1 0 8 . . . . 6 2 6 9 11 . . 1 1 1 1 1 9 . . . . 4 . . . . . . . . . . . . . . 9 6 . . . . . . . . . . . . . . . . . . . . . . . . . . . . . . . . . . . . . . . . . . . . . . . . . 2 .
0 0 1 4 5 1 8 5 5 8 1 8 9 11 6 1 4 4 1 1 9 9 1 3 15 9 5 . . . . . . . . . . . . . . 9 1 . . . . . . . . . . . . . . . . . . . . . . 4 9 1 9 . . 3 5 . . . . . 2 2 11 3 8 . . . . . . . . . 2 .
0 0 0 1 9 3 8 2 2 8 1 8 9 11 2 9 3 3 1 1 9 9 8 7 15 9 4 3 6 7 . 3 2 4 . . 1 1 1 3 2 6 1 9 3 . 6 9 1 . 1 1 4 1 10 9 . 9 10 3 . 9 9 1 9 2 9 3 9 4 2 7 5 7 1 7 1 2 5 2 9 8 11 . . . . . . . 3 . 2 .
0 3 2 0 5 6 8 5 3 11 2 11 1 10 1 9 1 1 1 1 1 9 1 3 1 1 5 3 5 2 1 2 1 . . . 1 . 1 1 1 6 6 9 . 9 . 9 4 . 1 2 9 5 10 . 10 . 10 9 . 9 9 10 9 1 9 1 9 1 1 . . . . . . . 2 2 11 3 8 . . . . . . . . . 2 750
0 1 0 4 5 1 8 4 4 9 1 8 9 11 2 9 1 1 1 1 6 9 10 1 8 1 5 3 6 8 7 3 3 4 . 2 7 5 1 7 2 6 4 1 9 1 6 9 . 9 1 9 1 5 3 10 9 3 10 9 10 9 10 9 9 3 4 3 9 1 1 1 1 7 4 7 4 3 2 2 9 4 8 . . . . . . . 3 . 1 580000
1 1 2 1 5 2 8 8 6 8 1 8 9 11 2 9 3 3 1 1 9 9 7 8 15 9 6 3 5 7 . 3 2 2 . . 3 1 1 7 1 6 1 1 8 . 8 . . . 1 2 . 5 3 9 . 9 . . . 9 9 . 9 4 9 1 9 4 3 . . . . 6 4 . 2 2 9 4 8 5 2 . 9 8 . . 3 . 2 150000
1 1 0 2 6 1 8 7 5 8 1 8 9 11 6 2 4 4 1 1 9 9 8 7 15 9 4 3 6 7 . 4 2 . . 6 1 1 1 7 1 6 1 1 8 . 6 . . . . . . 2 3 9 . 9 . . . . . . 9 . . 1 9 3 2 1 1 6 4 7 4 . 2 2 2 7 2 2 2 2 4 8 . . . . 2 40000
1 1 0 2 6 2 8 7 5 9 1 8 9 11 . . . . . . . . . . . . . 3 6 3 . 3 1 2 2 6 1 2 1 3 1 6 . 1 1 8 6 . . 6 1 . . 4 9 9 9 9 . . 9 9 . . 9 1 9 1 9 3 2 1 1 7 1 7 1 6 2 2 9 4 8 . . . . . . . . . 1 47000
0 1 3 1 5 1 8 8 6 8 1 8 9 11 . . 3 3 1 1 9 9 . . . . . 3 6 7 . 3 1 . . . 1 . 1 3 1 6 1 . . . . . . . . . . . . . . . . . . . . . . 1 9 1 9 3 3 1 1 7 1 7 1 . 2 2 7 4 8 . . . . . . . . . 2 .
1 0 4 1 4 1 8 2 2 1 1 1 9 10 2 9 1 1 4 3 9 9 1 3 2 2 5 3 5 6 2 3 1 2 . . . . 1 3 1 8 3 1 . . 8 8 . . . 1 . 6 3 . . 9 9 . . . 9 . 9 1 9 1 9 4 2 2 3 2 . 2 . . 2 2 . 4 8 . . . . . . . 3 . 2 50000
0 1 1 2 6 1 2 5 5 8 1 8 9 11 6 1 4 4 1 1 9 9 8 7 15 9 . 3 6 7 . 2 1 2 . . 1 . 1 7 2 6 1 1 . . 6 . . . 1 2 1 5 3 . . 9 . . . 9 9 9 9 3 9 2 9 . . . . 7 1 7 1 3 2 2 . 4 8 . . . . . . . . . 2 25000
0 1 0 3 6 1 8 2 2 8 1 8 9 11 2 9 4 3 1 1 2 9 7 8 15 9 . 5 6 5 . 3 3 . . . 8 . 3 7 2 7 7 1 . 1 8 . 2 . 1 9 2 1 3 . 3 9 . 9 . 9 10 9 9 . . 2 9 4 2 1 1 7 4 7 4 . 2 2 2 4 8 . . . . . . . . . 2 .
1 1 1 5 2 1 8 4 6 8 1 8 9 11 3 9 4 1 1 1 9 9 10 1 15 9 . 3 6 1 . . . 4 . . 10 . 1 7 2 4 1 . . . . . . . . . . . . . . . . . . . . . . . . . . 3 3 . . . . . . . 3 3 11 1 7 . . . . . . . . . 2 .
2 0 0 2 6 1 8 1 1 10 1 1 9 10 3 9 1 1 4 1 9 9 10 1 15 9 . 5 6 1 . 2 3 4 . . 10 1 1 6 2 7 3 . . . . . . . . . . . . . . . . . . . . . . 3 9 2 9 . . 2 3 2 1 2 1 6 5 2 5 . 5 3 2 7 . 7 . . . . 1 11600
0 0 0 7 3 1 8 8 6 8 1 8 9 11 3 9 4 1 1 1 9 9 10 1 7 4 . 5 6 3 . 3 4 4 . . 3 . 3 3 2 4 1 . . . . . . . . . . . . . . . . . . . . . . 2 9 . . . . . . 7 1 7 1 2 5 2 6 1 6 . . . . . . . . . 2 100000
0 0 0 1 9 4 6 8 1 8 1 8 9 11 3 9 3 1 1 1 2 9 . . . . . 5 6 7 4 3 5 4 8 . 1 . 3 4 2 7 7 9 6 9 9 9 1 9 9 9 3 2 10 9 10 10 10 9 10 10 10 9 9 2 9 1 9 1 1 6 5 7 1 7 1 4 5 3 3 8 3 5 3 3 8 8 . . . . 2 10034
0 0 0 2 8 7 1 7 1 7 1 8 9 11 2 9 4 1 1 1 9 9 10 1 9 2 2 5 6 8 8 4 5 4 . . 1 1 3 7 2 7 1 2 3 . 3 9 1 9 1 1 2 1 3 3 . 3 10 9 10 3 3 9 9 4 9 4 9 1 1 1 1 7 1 7 1 2 6 2 2 7 2 6 2 1 7 2 . . . . 1 300
3 2 5 0 0 2 8 7 2 9 1 8 2 3 3 9 1 1 1 1 2 9 1 3 15 9 3 1 1 7 2 2 1 2 . 2 1 1 1 1 1 2 6 9 9 6 9 1 2 6 1 2 9 9 10 10 9 10 9 9 9 9 9 10 10 1 9 1 9 2 3 5 5 1 9 . . 6 5 1 3 8 9 5 3 8 4 8 . . . . 1 12000
0 0 2 1 7 6 8 6 1 8 1 8 2 6 . . 4 1 1 1 9 9 . . . . 3 . . . . . . . . . . . . . . 9 1 . . . . . . . . . . . . . . . . . . . . . . . . . . . . . . . . . . . . . . . . . . . . . . . . . 2 21000
1 2 1 1 5 1 2 7 2 8 1 8 9 11 3 9 5 5 1 1 9 9 1 3 1 1 5 3 6 7 . 3 . 2 2 6 1 5 3 7 1 6 1 9 9 . 9 9 2 5 1 1 3 2 10 10 . 10 10 9 9 9 9 9 9 1 9 1 9 1 1 . . . . . . 6 5 2 2 8 8 . . . . . . . . . 2 219700
0 1 1 2 6 3 8 1 1 8 1 8 9 11 2 9 6 4 1 1 9 9 . . . . 6 6 6 7 6 3 1 1 5 . 1 5 1 7 1 7 1 1 6 9 8 9 . 9 1 2 . 4 3 9 10 9 10 . 10 9 9 . 9 2 9 1 9 2 3 1 1 7 1 7 1 3 5 2 3 8 8 . . . . . . . 4 . 2 .
0 1 2 2 5 1 8 7 2 9 1 8 9 11 6 1 4 4 1 1 9 9 7 8 15 9 . 6 6 5 . 3 3 1 . . 1 1 3 7 1 7 1 1 6 . 8 . 1 6 1 2 . 3 3 9 . 3 . 3 9 9 9 . 9 4 3 1 9 1 1 1 1 7 4 . . . 5 4 3 8 8 . . . . . . . . . 1 250000
0 0 8 0 2 1 8 1 1 2 2 2 9 11 3 9 1 1 1 1 2 9 10 1 15 9 3 4 5 1 4 2 1 . . . 10 1 1 3 1 2 6 9 9 . 9 1 1 9 9 2 . 5 10 10 . 10 9 9 10 10 9 . 9 2 9 1 9 1 1 1 1 . . . . . . . . . . 5 4 . 8 8 . . . . 2 .
0 0 0 2 8 1 8 . . 8 1 8 9 11 6 1 4 4 3 3 9 9 1 3 15 9 5 . . . . . . . . . . . . . . 9 2 . . . . . . . . . . . . . . . . . . . . . . . . . . . . . . . . . . . . . . . . . . . . . . . . . 2 .
3 1 6 0 0 6 8 5 3 9 1 8 9 11 6 1 6 6 6 6 9 9 12 5 11 5 7 1 1 1 1 2 1 1 . . 5 5 1 1 1 2 2 9 9 9 9 1 . 5 1 3 9 9 10 10 10 10 9 . 9 9 9 10 10 1 9 1 9 1 1 . . 1 9 . . 1 . . . . . . . . . . . . . . 1 300
1 2 2 0 5 5 8 8 2 8 1 8 9 11 2 9 3 3 1 1 9 9 12 5 15 9 5 4 5 7 . 3 1 . . . 1 1 1 1 1 6 1 9 9 . . 8 . 3 1 2 9 4 10 10 . . 9 . 9 9 9 10 9 1 9 1 9 1 1 9 9 . . . . . 5 . . . . . . . . . . . 5 . 2 .
0 2 0 2 6 1 8 8 5 8 1 8 9 11 6 1 4 4 1 1 9 9 6 4 5 2 5 3 6 5 . 3 1 2 . . 1 1 1 7 2 6 1 1 . 1 6 1 1 9 1 1 1 5 3 . 9 9 3 9 10 9 9 9 9 1 9 1 9 2 2 . . 7 1 7 1 2 5 2 7 8 8 5 2 . 7 9 . . 6 2 2 100000
0 0 4 0 6 6 8 7 2 5 3 5 9 11 3 9 1 1 4 4 2 9 1 3 1 1 5 4 4 5 4 3 2 . . . 1 . 1 1 1 6 7 9 9 9 9 8 . 9 1 3 9 4 10 10 10 10 9 . 10 9 9 10 9 4 9 1 9 1 1 . . . . . . . . . . . . . . . . . . . . . 2 3300
0 1 5 0 4 6 8 5 3 7 9 7 9 11 2 9 1 1 3 1 9 9 10 1 15 9 . 4 5 7 . 3 2 . . . . 5 1 1 1 2 3 9 . . . 1 . . 1 2 9 2 10 . . . 9 . . 9 9 10 9 1 9 1 9 2 2 1 1 2 . 2 . 6 5 4 3 8 8 . . . . . . . . . 2 .
0 0 1 1 8 5 8 2 2 8 1 8 9 11 2 9 5 5 6 6 9 9 11 6 15 9 7 . . . . . . . . . . . . . . 9 2 . . . . . . . . . . . . . . . . . . . . . . . . . . . . . . . . . . . . . . . . . . . . . . . . . 2 .
0 0 4 0 6 6 8 2 2 12 2 12 3 9 . . 1 1 1 1 5 9 7 8 15 9 4 4 5 7 . 3 3 1 5 . 6 5 1 2 1 6 5 9 9 9 9 1 1 . 9 3 6 1 10 10 10 10 3 3 . 10 9 9 9 4 9 1 9 1 1 1 2 . . . . 6 3 3 3 8 8 . . . . . . . 4 . 2 4400
1 4 5 0 0 6 8 2 2 2 2 2 9 6 3 9 1 1 1 1 1 9 . . . . 3 1 1 2 1 2 1 1 2 6 1 2 1 1 1 2 6 9 9 6 9 1 1 3 2 2 9 9 10 10 9 10 9 9 9 9 9 10 10 1 9 1 9 1 1 9 9 1 9 1 9 6 3 1 1 2 1 3 2 11 4 5 . . 5 . 2 271
2 3 5 0 0 4 8 8 6 12 2 12 3 9 4 9 1 1 1 1 4 9 7 8 15 9 4 1 1 3 . 3 1 1 5 . 1 1 1 1 1 2 5 9 6 4 9 1 1 . 1 1 9 9 10 9 9 10 9 9 . 9 9 10 10 2 9 1 9 4 3 9 9 . . 7 1 2 5 1 3 8 3 . . . . . . . . . 2 .
3 3 4 0 0 6 8 2 2 12 2 12 3 9 4 9 1 1 1 1 1 9 7 8 15 9 6 1 1 2 2 2 1 2 5 3 1 2 1 1 1 2 6 9 9 1 9 9 2 5 1 1 9 9 10 10 9 10 10 9 9 9 9 10 10 2 9 1 9 1 1 1 1 1 9 1 9 . 2 1 11 4 9 2 2 11 4 4 . . 2 . 2 .
3 4 3 0 0 6 8 7 3 10 1 10 9 11 3 9 1 1 1 1 1 9 12 5 15 9 . 1 1 2 3 3 2 1 5 3 1 2 1 4 1 3 6 9 9 6 9 8 6 5 1 2 . 9 10 10 9 10 9 9 9 9 9 . 10 2 9 1 9 2 3 6 5 1 9 . . 2 2 1 11 4 7 3 1 11 8 7 . . . . 2 500
2 6 2 0 0 6 8 2 2 . . . . . 3 9 4 4 1 1 9 9 12 5 15 9 5 1 1 1 4 2 1 2 5 . 1 1 1 4 1 3 1 9 9 6 9 8 6 5 1 1 1 9 10 10 9 10 9 9 9 9 9 9 10 1 9 1 9 1 1 1 1 1 9 . . 3 2 2 11 4 5 2 2 11 4 4 . . . . . 17000
2 2 2 0 4 6 8 7 2 9 3 9 9 11 3 9 1 1 1 1 1 9 7 8 15 9 5 3 6 7 . 3 2 . 5 . 1 . 1 1 1 6 6 9 9 6 6 8 1 . 1 . 9 5 10 10 9 9 9 9 . 9 . 9 9 3 9 4 9 . . 1 1 . . . . . 2 2 11 3 8 . . . . . . . . . 2 .
0 3 1 0 6 6 8 2 2 5 3 5 9 11 3 9 1 1 6 4 9 9 7 8 15 9 1 . . . . . . . . . . . . . . 9 3 . . . . . . . . . . . . . . . . . . . . . . . . . . . . . . . . . . . . . . . . . . . . . . . . . 2 8000
1 1 0 1 7 6 8 8 1 5 3 5 1 10 3 9 1 1 3 3 9 9 8 7 15 9 1 6 6 8 6 3 1 . . . 1 1 . . . 7 3 . . . . . . . . . . . . . . . . . . . . . . 1 9 1 9 1 1 . . . . . . . 5 2 9 7 9 . . . . . . . . . 2 2600
0 1 0 1 8 . . . . 8 1 8 9 11 2 9 3 3 1 1 9 9 8 7 15 9 4 . . . . . . . . . . . . . . 9 1 . . . . . . . . . . . . . . . . . . . . . . . . . . . . . . . . . . . . . . . . . . . . . . . . . 2 5000
2 2 4 0 4 2 8 8 4 5 3 5 9 11 . . 1 1 4 4 9 9 . . . . . . . . . . . . . . . . . . . 9 3 . . . . . . . . . . . . . . . . . . . . . . . . . . . . . . . . . . . . . . . . . . . . . . . . . 2 18000
0 0 1 4 5 1 8 7 5 8 1 8 9 11 6 1 4 4 1 1 9 9 1 3 15 9 5 5 6 5 . 3 3 2 . . 1 2 1 7 2 7 1 1 . 6 1 8 1 . 1 . 1 5 3 . 9 3 9 9 . 9 . 9 9 4 9 1 9 3 2 1 1 7 4 7 4 . 2 2 11 3 8 . . . . . . . . . 2 200000
1 2 2 0 5 . . 5 3 9 3 9 9 11 . . 1 1 1 1 1 9 . . . . . . . . . . . . . . . . . . . 9 6 9 6 9 6 8 1 . 1 1 9 4 10 9 10 9 9 9 . 9 9 10 9 . . . . . . . . . . . . . . . . . . . . . . . . . . . 2 .
1 0 0 3 6 1 8 5 5 8 1 8 9 11 6 1 4 3 1 1 9 9 1 3 2 2 5 5 6 6 5 3 3 2 . 3 6 1 2 7 2 7 1 1 9 1 6 9 2 6 1 9 2 3 3 10 9 9 10 . 9 9 10 9 9 4 9 1 9 1 1 . . . . 6 . 4 2 2 . 4 8 . . . . . . . 6 1 2 40000
1 0 2 1 6 1 8 7 6 10 1 10 9 1 . . 1 1 3 3 9 9 7 8 15 9 4 3 5 7 . 3 3 2 . . 10 . 1 7 1 6 3 1 1 . . 1 1 . 1 2 . 5 3 9 . . 9 9 . 9 9 . 9 . . . . 3 2 . . . . . . . 2 2 2 4 8 5 2 7 9 8 . . . . 2 100000
1 1 2 1 5 5 8 7 6 8 1 8 9 11 2 9 3 3 1 1 9 9 . . . . . 3 6 7 . 4 2 . . . 10 . 1 7 1 6 1 . . . . . . . . . . . . . . . . . . . . . . 1 9 1 9 1 1 . . . . . . . 2 2 9 4 8 5 2 . . 8 . . . . 2 43000
0 0 1 2 7 1 2 5 5 8 1 8 9 11 2 9 4 4 1 1 9 9 . . . . . 5 6 5 . . . 2 2 6 1 2 1 3 1 7 1 1 8 8 8 . . . 1 . . . 3 9 9 9 . . . 9 . . . 1 9 1 9 3 2 . . 6 1 6 1 2 2 2 7 4 8 . . . . . . . . . 2 22000
0 3 2 1 4 1 8 7 5 8 1 8 9 11 . . 3 3 1 1 9 9 . . . . . 3 6 5 3 3 2 2 . . 6 3 1 3 1 6 1 1 8 9 6 8 . . 1 3 . . 3 9 10 9 9 . . 9 9 . . . . . . . . 1 1 . . . . 2 2 2 7 4 8 . . . . . . . . . 2 25000
1 1 1 1 6 1 8 2 2 1 1 1 9 11 6 1 1 1 4 4 9 9 1 3 15 9 . 3 5 7 . 3 2 . . . 6 3 1 3 1 6 3 1 . . . . . 3 1 2 . 5 3 . . . . . 9 9 9 . 9 4 9 1 9 4 2 2 4 3 4 3 4 6 5 2 7 8 8 5 4 8 8 8 . . 6 2 2 .
0 0 0 2 8 1 2 5 5 9 1 8 9 11 6 1 3 3 1 1 9 9 8 7 15 9 . 3 6 7 . 2 2 2 . . 1 . 1 7 2 6 1 . . . . . . . . . . . . . . . . . . . . . . 1 9 1 9 . . . . . . . . . 2 2 . 4 8 . . . . . . . . . 1 45000
0 1 0 2 7 1 8 5 5 8 1 8 9 11 4 9 4 4 1 1 9 9 . . . . . 5 5 5 . . . 2 . . 8 . 1 7 2 7 1 1 1 1 6 9 . . 1 9 3 1 3 9 3 3 10 . . 9 10 9 9 1 9 2 9 2 2 1 1 . . . . 2 2 2 . 4 8 . . . . . . . . . 2 .
0 0 0 5 5 1 8 4 6 8 1 8 9 11 . . 4 1 1 1 9 9 . . . . . 3 6 2 . 2 2 4 . . 10 . 1 7 2 8 1 . . . . . . . . . . . . . . . . . . . . . . . . . . 3 3 6 5 . . 4 1 . 2 2 11 2 6 . . . . . . . . . 2 .
1 1 0 4 4 1 8 2 2 9 1 8 9 11 4 9 4 1 1 1 9 9 7 8 15 9 . 6 6 2 2 2 1 4 . . 6 . 1 7 2 8 1 1 9 1 6 9 6 6 1 6 3 . 3 10 3 3 10 9 9 3 9 9 . 4 9 2 9 4 3 . . . . 4 1 2 2 2 1 4 8 5 2 7 8 7 . . 8 . 1 20000
0 0 0 7 3 1 8 8 2 8 1 8 9 11 3 9 4 1 1 1 9 9 10 1 7 4 . 5 6 1 . 3 4 4 . . 5 . 3 3 2 4 1 . . . . . . . . . . . . . . . . . . . . . . . . . . 4 2 6 5 4 1 4 1 . 5 2 6 1 6 . . . . . . . . . 2 1000000
0 0 0 1 9 4 6 1 1 10 1 10 9 8 2 9 1 1 2 2 2 9 7 8 15 9 3 5 6 7 4 2 5 4 5 . 1 1 3 3 2 7 6 9 6 8 9 1 1 6 1 8 5 2 10 9 3 10 3 3 9 9 9 9 9 2 3 1 9 1 1 6 5 7 3 7 3 3 5 2 3 8 8 5 2 3 9 8 . . . . 2 845000
1 2 7 0 0 2 5 8 2 9 1 8 2 3 1 9 1 1 1 1 2 9 7 8 15 9 7 1 1 7 2 2 1 2 6 2 1 1 1 1 1 2 6 9 9 6 9 1 2 6 1 1 9 9 10 10 9 10 9 9 9 9 9 10 10 2 9 1 9 2 3 5 5 1 9 7 . 6 3 2 5 2 5 3 2 5 2 5 . . . . 1 1000
0 1 1 1 7 1 8 7 2 8 1 8 3 9 3 9 4 4 1 1 9 9 . . . . . . . . . . . . . . . . . . . 9 1 . . . . . . . . . . . . . . . . . . . . . . . . . . . . . . . . . . . . . . . . . . . . . . . . . 2 .
2 0 1 1 6 3 8 2 2 8 1 8 3 9 3 9 4 4 1 1 9 9 1 3 2 2 5 3 6 7 2 2 2 1 . . 1 1 3 7 2 6 1 9 9 . 9 1 . 3 1 2 . 3 10 10 . 10 9 . 9 9 9 . 9 1 9 . . 1 1 1 1 . . . . 6 5 3 7 9 8 . . . . . . . 7 . 2 .
0 1 1 2 6 3 8 1 1 8 1 8 9 11 2 9 5 5 1 1 9 9 8 7 15 9 6 3 6 7 5 2 1 3 . . 1 5 1 7 1 6 1 1 6 9 6 9 1 9 1 1 . 4 3 9 10 9 10 9 10 9 9 . 9 2 9 1 9 4 2 9 9 6 1 6 1 6 5 4 7 8 8 . . . . . . . . . 2 30000
1 1 2 0 6 6 8 8 2 2 2 2 9 11 3 9 1 1 1 1 2 9 8 7 15 9 4 3 6 4 2 3 1 1 1 5 1 1 1 1 1 6 6 9 9 9 9 9 . 3 1 3 9 3 10 10 10 10 10 . 9 9 9 10 9 1 9 1 9 1 1 9 9 1 9 1 9 6 5 4 3 8 8 . . . . . . . 4 . 2 12000
0 0 4 1 5 6 8 1 1 10 1 10 9 11 3 9 1 1 1 1 2 9 8 7 15 9 3 3 5 7 4 2 1 . . . 1 . 1 3 1 6 6 1 6 . 8 8 . 6 1 2 6 3 3 9 . 9 9 . 9 9 9 9 9 1 9 1 9 1 1 9 9 7 1 7 1 . 5 2 3 8 8 5 1 8 8 8 . . 5 . 2 1560
0 0 3 1 6 5 8 2 2 8 1 8 9 11 6 1 4 4 1 1 9 9 7 8 15 9 5 4 5 7 . 2 1 . . . 1 . 1 2 1 6 1 9 9 . . 8 . . 1 2 . 5 10 10 . . 9 . . 9 9 . 9 1 9 1 9 1 1 9 9 . . . . . . . . . . . . . . . . . . . 2 .
0 1 1 1 7 1 2 2 2 5 3 5 1 1 2 9 1 1 4 4 9 9 1 3 2 2 1 3 6 6 . 3 1 2 . 4 6 . 1 3 1 6 3 1 9 . 6 . 3 . . . . 4 3 10 . 9 . 9 . . . . 9 1 9 2 9 3 2 2 3 2 1 5 1 6 5 2 3 8 8 5 2 . 8 8 . . . . 2 200000
0 1 4 1 4 4 2 2 2 12 2 12 3 9 2 9 1 1 1 1 4 9 7 8 15 9 4 4 4 8 4 3 2 2 2 2 5 2 1 2 1 8 5 9 9 9 9 1 1 9 1 2 4 5 10 10 10 10 9 9 10 1 9 9 9 4 9 1 9 1 1 4 5 4 1 7 1 2 5 2 10 8 8 5 3 10 8 8 . . . . 2 2000
0 1 3 1 5 4 8 8 2 4 1 4 9 11 3 9 1 1 4 4 9 9 8 7 15 9 4 4 5 6 4 4 1 1 . 4 10 5 1 2 1 6 3 9 9 9 6 1 1 . 1 3 . 3 10 10 10 9 9 9 . 9 9 . 9 2 9 1 9 1 1 2 3 2 1 1 9 . 5 4 3 8 8 . . . . . . . . . 2 200
1 0 5 0 4 1 8 2 2 8 1 8 9 11 4 9 3 3 1 1 9 9 . . . . 5 4 5 7 6 3 3 1 2 . 5 . 1 2 1 2 1 9 9 9 6 1 1 8 9 2 8 2 10 10 10 9 9 9 9 9 10 9 9 2 9 1 9 1 1 1 2 . . 7 1 . 5 2 8 8 8 . . . . . . . . . 2 .
0 0 3 1 6 4 8 8 2 12 2 12 3 9 2 9 1 1 1 1 5 9 7 8 15 9 4 4 4 7 4 4 3 1 5 . 5 1 1 2 1 6 5 9 9 9 9 1 1 9 9 2 4 2 10 10 10 10 3 3 9 10 9 9 9 4 9 1 9 1 1 7 5 . . . . 3 3 3 7 3 8 . . . . . . . . . 2 .
2 3 5 0 0 6 8 2 2 9 1 10 9 11 3 9 1 1 1 1 2 9 . . . . 4 1 1 2 . 2 1 . . . 1 1 1 1 1 2 6 9 9 6 9 6 1 6 2 2 9 9 10 10 9 10 9 9 9 9 9 10 10 1 9 1 9 1 1 7 5 . . . . . 2 2 11 4 5 5 2 3 8 3 . . . . 1 900
3 2 5 0 0 4 1 8 6 12 2 12 3 9 4 9 1 1 1 1 1 9 7 8 15 9 4 1 1 2 3 3 1 1 5 . 1 1 1 1 1 2 6 9 6 6 9 1 1 6 1 1 9 9 10 9 9 10 9 9 9 9 9 10 10 4 9 1 9 4 3 . . . . . . 2 5 2 3 8 3 5 2 7 6 7 . . 5 . 2 .
4 2 4 0 0 6 8 5 5 9 2 2 9 11 4 9 1 1 1 1 1 9 8 7 15 9 4 1 1 2 . 2 1 2 5 2 1 1 1 1 1 8 6 9 9 8 9 9 . 5 1 2 9 9 10 10 9 10 10 . 9 9 9 10 10 1 9 1 9 1 1 7 5 1 9 1 9 3 2 2 11 4 4 2 2 11 4 8 . . 1 . 1 500
3 3 4 0 0 4 8 5 3 10 2 2 9 6 1 9 1 1 1 1 2 9 7 8 15 9 4 1 1 2 2 2 1 2 5 . 1 1 1 4 1 2 6 9 9 6 9 1 6 6 2 1 9 9 10 10 9 10 9 9 9 9 9 10 10 1 9 1 9 1 1 1 1 1 9 . . 3 3 2 11 4 7 2 2 11 4 7 . . 4 . 1 300
1 2 1 0 6 6 8 7 3 5 3 5 9 11 3 9 1 1 6 4 9 9 8 7 15 9 1 5 6 3 5 3 1 2 5 . 1 1 1 4 1 7 3 9 9 6 6 6 5 6 1 . 2 6 10 10 9 9 9 9 9 9 . 9 9 1 9 1 9 1 1 7 5 . . 7 . . 2 1 3 2 9 2 2 11 4 5 . . 5 . 2 .
2 4 0 0 4 2 8 4 6 8 1 8 2 6 3 9 6 5 1 1 9 9 7 8 15 9 6 . . . . . . . . . . . . . . 9 1 . . . . . . . . . . . . . . . . . . . . . . . . . . . . . . . . . . . . . . . . . . . . . . . . . 2 .
2 2 2 0 4 . . 2 2 . . . . . . . 1 1 1 1 1 9 . . . . 3 . . . . . . . . . . . . . . 9 6 . . . . . . . . . . . . . . . . . . . . . . . . . . . . . . . . . . . . . . . . . . . . . . . . . . 4000
4 4 1 0 1 6 8 7 3 9 3 9 9 11 3 9 1 1 1 1 1 9 7 8 15 9 4 2 6 2 . 3 1 . 5 . 1 1 1 1 1 8 6 9 9 6 6 9 4 6 1 . 9 5 10 10 9 9 10 9 9 9 . 10 9 1 9 1 9 2 3 . . . . 1 9 . 2 2 11 2 8 . . . . . . . 5 . 2 .
0 1 0 1 8 6 8 1 1 8 1 8 9 11 . . 3 3 1 1 . . . . . . 3 . . . . . . . . . . . . . . 9 . . . . . . . . . . . . . . . . . . . . . . . . . . . . . . . . . . . . . . . . . . . . . . . . . . 2 .
0 1 1 3 5 1 8 5 5 8 1 8 9 11 6 1 4 4 1 1 9 9 . . . . 5 5 4 7 . 2 3 . . . 1 . 1 7 2 7 1 1 . . . . . . 1 1 1 3 3 . . . . . . 9 9 9 9 5 9 3 9 3 3 . . 7 4 7 4 . 2 2 3 4 8 . . . . . . . . . 2 .
1 2 3 0 4 2 8 2 2 9 3 9 9 11 . . 1 1 1 1 1 9 . . . . 5 3 5 7 . 2 1 . . . 1 . 1 1 1 6 6 9 6 9 6 1 1 . 1 . 9 5 10 9 10 9 9 9 . 9 . 10 9 1 9 1 9 3 3 1 1 . . . . . 2 2 2 4 8 . . . . . . . 4 . 2 .
0 1 0 3 6 1 8 5 5 9 1 8 9 11 6 1 4 4 1 1 9 9 6 4 5 2 5 3 6 7 4 3 3 . . . 6 2 1 7 2 6 1 1 9 1 6 . . 9 1 9 1 5 3 10 9 9 . . 10 9 10 9 9 2 9 1 9 . . 1 1 7 4 7 4 2 2 2 9 4 8 . . . . . . . . . 1 100000
1 1 1 1 6 1 2 4 6 8 1 8 3 9 2 9 4 3 1 1 9 9 6 4 15 9 . 3 6 7 4 3 2 2 8 . 6 5 1 7 1 6 1 1 1 . 6 9 2 1 1 5 . 5 3 9 . 9 10 9 9 9 9 . 9 2 9 1 9 4 3 6 5 7 4 7 4 6 2 2 2 4 8 5 2 2 8 8 . . 6 . 2 175000
0 1 1 2 6 1 8 8 6 8 1 8 9 11 . . 3 3 1 1 9 9 8 7 15 9 . 3 6 7 . 3 1 . . . 7 . 1 7 2 6 1 . . . . . . . . . . . . . . . . . . . . . . 1 9 1 9 3 2 . . 6 4 6 4 . 2 2 7 4 8 2 2 2 4 8 . . . . 2 167000
0 0 3 2 5 1 2 7 5 8 1 8 9 11 3 9 4 3 1 1 9 9 8 7 15 9 4 5 6 7 . 3 3 . . 6 5 . 1 3 1 7 1 1 9 . 9 1 . . 1 1 . 2 9 10 . 10 9 . . 9 9 . 9 2 9 1 9 . . 4 5 6 4 6 4 6 2 2 9 4 8 5 4 2 . 8 . . 6 . 2 20000
0 0 1 4 5 1 8 5 5 8 1 8 9 11 2 9 4 4 1 1 9 9 . . . . . 3 6 7 . 3 2 2 . . 6 2 1 7 2 6 1 1 1 . 8 8 . . . 1 . 5 3 9 . 9 9 . . . 9 . 9 . . 1 9 3 3 1 1 7 . 7 . . 2 2 9 4 8 . . . . . . . . . 2 90000
1 0 2 1 6 1 8 5 5 1 1 1 9 10 6 1 1 1 3 3 9 9 13 2 12 1 5 . . . . . . . . . . . . . . 9 3 . . . . . . . . . . . . . . . . . . . . . . 1 9 1 9 4 3 2 4 2 4 2 4 . 5 2 . . . . . . . . . . . . 2 .
0 1 0 3 6 1 2 5 5 8 1 8 9 11 6 1 4 4 1 1 9 9 8 7 15 9 . 5 6 5 . 3 2 2 . . 1 2 1 7 2 7 1 1 1 . 6 . 1 . 1 1 1 3 3 9 . 9 . 9 . 9 9 9 9 3 9 2 9 2 3 1 1 7 4 7 4 . 2 2 7 2 8 . . . . . . . . . 2 26000
0 1 0 2 7 3 8 5 5 8 1 8 9 11 3 9 4 1 1 1 9 9 . . . . . 5 5 5 . 2 3 . . . 8 . 1 7 2 7 1 1 8 1 . . . . 1 9 3 4 3 9 3 . . . . 9 10 9 9 . . 2 9 . . 1 1 7 1 7 1 . 2 2 3 4 8 . . . . . . . 2 . 2 .
0 0 0 7 3 1 8 7 5 8 1 8 9 1 1 9 5 1 1 1 9 9 10 1 7 4 2 3 6 1 2 3 4 4 . . 5 2 1 7 2 4 1 . . . . . . . . . . . . . . . . . . . . . . 2 9 3 9 4 2 5 5 7 1 4 1 . 2 2 11 2 4 2 2 11 2 7 . . . . 2 .
0 0 2 2 6 . . . . . . . . . 2 9 3 1 1 1 9 9 . . . . . . . . . . . . . . . . . . . 9 1 . . . . . . . . . . . . . . . . . . . . . . 3 9 2 9 4 2 3 5 . . . . . 6 2 9 7 9 . . . . . . . . . . 120000
0 0 0 3 7 1 8 7 1 8 1 8 9 11 3 9 4 1 1 1 9 9 . . . . . 6 6 7 7 3 3 4 . . 4 . 3 7 2 7 1 . . . . . . . . . . . . . . . . . . . . . . 2 9 . . 4 2 9 9 4 1 4 1 . 5 2 1 9 8 5 2 1 8 8 . . . . 2 500000
0 0 0 2 8 7 1 1 1 10 1 10 9 11 3 9 4 3 1 1 2 9 7 8 15 9 3 5 6 7 6 2 5 4 8 . 1 . 3 7 2 7 7 9 5 8 1 1 1 6 1 1 5 2 10 9 9 9 3 9 9 9 9 9 9 3 2 1 9 1 2 6 5 7 1 7 1 4 5 3 3 8 3 5 2 9 9 8 . . . . 2 1025000
2 3 5 0 0 1 8 1 1 10 1 10 9 11 4 9 6 6 1 1 1 9 7 8 15 9 8 1 1 3 2 3 1 2 6 2 1 1 1 5 1 2 7 1 9 6 9 1 1 6 1 1 1 9 9 10 9 10 9 9 9 9 9 9 10 1 9 1 9 1 1 5 5 1 9 7 . 3 5 2 3 8 3 2 2 4 4 4 . . . . 2 1300
0 0 1 1 8 6 8 6 1 8 1 8 2 6 1 9 1 1 1 1 1 9 . . . . 3 . . . . . . . . . . . . . . 9 6 . . . . . . . . . . . . . . . . . . . . . . . . . . . . . . . . . . . . . . . . . . . . . . . . . 2 52000
0 0 1 1 8 7 8 1 1 6 2 6 1 8 3 9 4 4 1 1 9 9 1 3 3 3 4 6 6 7 8 3 5 1 5 2 1 1 1 3 1 7 1 1 6 9 8 8 1 9 9 1 8 2 3 4 10 9 3 3 10 10 3 1 9 5 9 1 9 1 1 7 5 7 1 7 1 1 5 2 3 8 11 . . . . . . . . . 2 .
0 2 1 2 5 1 8 2 2 8 1 8 9 11 2 9 5 5 1 1 9 9 6 4 5 2 6 . . . . . . . . . . . . . . 9 1 . . . . . . . . . . . . . . . . . . . . . . . . . . . . . . . . . . . . . . . . . . . . . . . . . 2 .
1 0 2 3 5 3 8 2 2 6 2 6 9 11 . . 1 1 1 1 1 9 . . . . 3 5 6 7 8 2 5 2 . 1 1 1 3 7 1 7 6 1 8 . 8 1 1 8 2 2 3 4 3 9 . 9 9 9 10 9 9 9 9 5 4 3 9 4 3 . . . . . . 6 5 4 7 8 8 . . . . . . . . . 2 .
1 1 1 1 6 1 2 2 2 9 1 10 9 11 4 9 1 1 1 1 1 9 7 8 15 9 4 3 6 5 . 2 1 . . . 1 . 1 2 1 6 6 . . . . . . . . . . . . . . . . . . . . . . 1 9 1 9 2 2 5 5 . . . . . . . . . . . . . . . . . 3 . 1 .
2 1 0 1 6 1 5 2 2 8 1 8 9 11 2 9 4 4 1 1 9 9 8 7 15 9 5 4 5 7 . 3 1 1 . 4 1 . 1 2 1 6 1 9 9 9 6 . 1 . 1 . 6 3 10 10 10 9 . 9 . 9 . 9 9 1 9 1 9 1 1 9 9 . . 7 4 . 5 2 11 8 8 . . . . . . . 3 . 2 .
0 1 0 1 8 1 2 5 5 8 1 8 9 11 6 1 4 4 1 1 9 9 1 3 1 1 . 3 6 7 3 2 3 2 . . 1 . 1 3 1 6 1 1 8 . . . . . 1 . 1 4 3 9 . . . . . 9 . 9 9 4 9 1 9 2 2 1 2 6 4 6 4 . 2 2 . 4 8 5 2 9 . . . . . . 2 12250
0 0 5 0 5 6 8 8 1 5 3 5 9 11 2 9 1 1 4 4 9 9 7 8 15 9 4 4 5 6 . 3 1 . . 4 1 5 1 2 1 8 3 9 6 9 . 1 1 9 9 1 . 6 10 9 10 . 9 9 10 10 9 . 9 1 9 1 9 1 1 . . . . . . 6 5 2 8 8 8 5 4 3 8 8 . . 4 . 2 1100
2 1 2 1 4 . . 7 . 8 1 8 9 11 . . 4 4 1 1 9 9 . . . . 5 . . . . . . . . . . . . . . 9 1 . . . . . . . . . . . . . . . . . . . . . . . . . . . . . . . . . . . . . . . . . . . . . . . . . 2 .
1 4 5 0 0 6 8 2 2 9 2 12 3 9 3 9 1 1 1 1 1 9 . . . . . 1 1 1 . 2 1 2 5 . 1 . 1 1 1 2 6 9 9 6 9 3 5 . 1 1 9 9 10 10 9 10 9 9 . 9 9 10 10 1 9 1 9 1 1 7 5 1 9 . . 6 2 2 11 4 8 5 2 3 . 9 . . . . 1 .
1 3 6 0 0 4 8 7 3 10 1 10 9 11 4 9 1 1 1 1 1 9 7 8 15 9 4 1 1 2 2 3 1 1 5 . 1 . 1 1 1 2 6 9 6 6 9 8 . 6 1 2 9 9 10 9 9 10 9 . 9 9 9 10 10 4 9 1 9 4 3 1 1 7 4 1 9 2 5 2 3 8 3 5 2 11 8 7 . . 5 . 2 485
4 3 3 0 0 6 8 7 2 9 1 10 9 11 3 9 1 1 1 1 1 9 8 7 15 9 4 1 1 2 . 3 1 2 5 . 1 . 1 1 1 1 6 9 9 . 9 . . 5 1 2 9 9 10 10 . 10 . . 9 9 9 10 10 1 9 1 9 1 1 1 1 . . . . . 2 1 11 4 4 . . . . . . . 1 . 1 500
3 3 4 0 0 6 8 2 2 10 1 10 9 11 3 9 1 1 1 1 1 9 8 7 15 9 . 1 1 2 . 2 1 . 5 3 1 1 1 4 1 2 6 9 8 6 9 8 . 6 1 1 . 9 10 9 9 10 9 . 9 9 9 . 10 1 9 1 9 2 3 . . . . . . . 2 1 11 4 9 3 1 11 8 7 . . . . 2 .
3 3 4 0 0 2 8 2 2 9 2 2 9 11 . . 1 1 1 1 1 9 . . . . . 1 1 1 . 2 2 . 2 5 1 . 1 4 1 2 6 9 9 8 8 8 6 5 1 1 9 9 10 10 9 9 9 9 9 9 9 10 10 1 9 1 9 1 1 1 1 1 9 . . . 2 2 11 2 5 . . . . . . . 1 . 1 200
3 4 1 0 2 6 8 7 3 9 3 9 9 11 3 9 1 1 1 1 1 9 8 7 15 9 5 3 6 2 . 3 1 1 5 5 1 1 1 4 1 3 6 9 9 6 6 9 6 6 1 . . 4 10 10 9 9 10 9 9 9 . . 9 1 9 1 9 1 1 1 1 5 1 5 1 3 2 2 11 2 8 2 2 11 4 5 . . 1 . 2 800
0 1 2 0 7 . . 4 6 6 2 6 1 8 3 9 1 1 1 1 1 9 . . . . . . . . . . . . . . . . . . . 9 6 . . . . . . . . . . . . . . . . . . . . . . . . . . . . . . . . . . . . . . . . . . . . . . . . . 2 .
0 1 0 1 8 1 8 5 5 8 1 8 9 11 6 2 4 3 1 1 9 9 . . . . . . . . . . . . . . . . . . . 9 1 . . . . . . . . . . . . . . . . . . . . . . . . . . 3 3 1 1 6 4 6 4 . 5 2 2 8 8 . . . . . . . . . 2 .
2 3 2 0 3 6 8 7 3 9 3 9 9 11 4 9 1 1 1 1 1 9 1 3 1 1 5 3 5 7 . 3 1 . . . 1 2 1 1 1 8 6 9 1 9 1 1 1 . 1 2 9 5 10 9 10 9 9 9 . 9 9 10 9 1 9 1 9 1 1 . . . . . . . 2 2 9 4 8 . . . . . . . 7 . 2 .
1 1 1 2 5 1 8 7 5 8 1 8 9 11 6 1 4 4 1 1 9 9 12 5 15 9 6 3 6 6 . 3 2 . . . . . 1 3 1 6 1 . . . . . . 6 1 . 1 5 . . . . . . 9 9 . 1 9 . . 1 9 1 1 1 2 . . . . . 2 2 2 4 8 . . . . . . . 6 . 2 .
0 1 1 1 7 1 8 8 5 8 1 8 9 11 6 2 4 4 1 1 9 9 . . . . . 3 4 7 4 3 2 . . . 10 . 1 3 1 6 1 . . . . . . . . . . . . . . . . . . . . . . 1 9 1 9 3 3 1 1 6 4 6 4 6 5 2 2 8 8 . . . . . . . . . 2 25000
0 0 2 1 7 2 3 7 6 8 1 8 9 11 . . 3 3 1 1 9 9 13 2 15 9 . 3 6 5 . 3 1 . . . 6 2 1 2 1 6 1 . . . . . . 1 1 6 6 2 . . . . . . 9 9 9 9 9 1 9 1 9 1 1 1 1 7 1 7 1 6 2 2 7 4 8 . . . . . . . . . 2 7500
1 0 0 2 7 1 8 5 5 9 1 8 9 11 . . 4 4 1 1 9 9 7 8 15 9 4 5 6 5 . 2 2 . . . 5 . 1 3 1 7 1 . . . . . . . . . . . . . . . . . . . . . . 4 9 1 9 3 3 1 1 7 4 7 4 . 2 2 9 2 8 . . . . . . . . . 1 55000
0 1 1 3 5 1 8 5 5 8 1 8 9 11 . . . . . . . . . . . . . 3 6 7 . . . 1 . . 6 . 1 7 2 6 . . . . . . . . . . . . . . . . . . . . . . . . . 2 9 . . 5 5 7 1 7 1 1 2 3 9 4 8 . . . . . . . . . 2 15000
0 1 2 2 5 1 8 2 2 8 1 8 9 11 6 1 4 4 1 1 9 9 . . . . . 3 6 3 . 3 1 . . . 1 2 1 7 2 6 1 1 . 8 8 8 . . 1 1 2 3 3 . 9 9 9 . . 9 9 9 9 2 9 1 9 1 1 1 1 1 9 . . . 2 4 . 4 8 . . . . . . . . . 2 22000
1 1 1 1 6 1 8 5 5 1 1 1 9 11 6 2 1 1 4 4 9 9 . . . . . 3 4 7 . 3 1 . . . 10 3 1 3 1 6 3 . . . . . . . . . . . . . . . . . . . . . . . . . . 4 3 2 4 . . . . 6 5 2 . 8 8 . . . . . . . . . 2 .
0 1 0 3 6 1 8 5 5 8 1 8 9 11 3 9 4 1 1 1 9 9 . . . . . 5 5 5 . 2 2 2 . . 8 . 1 7 2 7 1 1 8 1 6 . . . 1 9 3 4 3 9 3 3 . . . 9 10 9 9 . . 2 9 . . . . 7 4 7 4 2 2 2 11 3 8 . . . . . . . 3 . 2 .
1 1 0 6 2 1 8 4 6 8 1 8 9 11 3 9 4 1 1 1 9 9 10 1 15 9 . 3 6 1 . 2 3 4 . . 6 2 1 7 2 4 1 . . . . . . . . . . . . . . . . . . . . . . . . . . 3 3 1 1 . . 7 1 . 2 2 11 3 8 2 2 7 4 8 . . . . 2 700000
0 1 0 7 2 1 8 4 6 8 1 8 9 11 . . 4 1 1 1 9 9 10 1 7 4 2 6 4 2 2 2 3 4 . . 5 2 1 6 2 4 1 . 6 1 8 9 . 6 1 9 1 . . 9 3 9 10 . 9 9 10 9 . 3 9 2 9 4 2 1 1 . . . . . 3 2 6 1 6 5 2 1 7 9 . . . . 2 20000
0 0 1 3 6 1 8 2 2 8 1 8 9 11 . . 4 1 1 1 9 9 10 1 7 4 . 6 6 7 8 3 5 4 . . 3 . 3 7 2 7 1 . . . . . . . . . . . . . . . . . . . . . . 5 9 2 9 4 2 . . 4 1 4 1 . 6 2 9 7 9 . . . . . . . . . 2 1200000
0 0 1 3 6 7 8 1 1 12 2 12 3 9 3 9 1 1 1 1 1 9 . . . . 2 5 6 5 8 2 5 4 8 . 1 2 3 7 2 7 6 1 3 1 9 1 1 6 1 1 3 2 3 4 9 10 9 9 9 9 9 9 9 5 2 1 9 1 1 6 5 7 4 5 2 2 5 2 3 9 8 . . . . . . . . . 2 350000
2 5 2 1 0 1 5 1 1 10 1 10 9 11 6 1 4 4 1 1 9 9 1 3 2 2 8 1 1 1 1 3 1 2 6 2 1 1 1 5 2 3 1 1 9 6 9 1 6 6 1 2 5 9 9 10 9 10 9 9 9 9 9 9 10 1 9 1 9 1 1 9 9 1 9 7 . 6 2 2 5 4 5 2 2 4 4 4 . . . . 2 1000
0 0 0 2 8 1 8 7 2 8 1 8 9 11 3 9 4 4 1 1 9 9 13 2 15 9 4 . . . . . . . . . . . . . . 9 1 . . . . . . . . . . . . . . . . . . . . . . . . . . . . . . . . . . . . . . . . . . . . . . . . . 2 .
0 1 2 2 5 1 8 2 2 8 1 8 9 11 2 9 4 4 1 1 9 9 6 4 5 2 6 3 6 7 4 3 1 2 . . 1 4 1 7 1 6 1 1 6 . 6 9 . 9 1 1 . 4 3 9 . 9 10 . 10 9 9 . 9 4 3 1 9 1 1 . . 7 1 7 1 2 5 4 3 8 8 . . . . . . . . . 2 .
0 0 1 1 8 1 8 2 2 5 3 5 9 11 6 1 1 1 4 4 9 9 1 3 2 2 7 6 6 5 7 3 4 4 . 3 6 1 1 7 1 7 3 9 9 . . 9 1 9 9 4 4 5 10 10 . . 10 3 10 10 9 9 9 1 9 1 9 1 1 6 5 3 2 3 2 2 5 4 3 8 8 . . . . . . . . . 2 .
0 2 1 1 6 6 8 7 1 9 3 9 2 6 3 9 1 1 1 1 2 9 12 5 15 9 3 6 6 6 5 3 2 2 1 . 1 2 1 7 1 7 6 1 6 9 6 9 1 4 1 2 4 3 3 9 10 9 10 9 9 9 9 9 9 2 9 1 9 1 1 7 5 5 4 5 4 3 5 4 3 9 8 . . . . . . . 4 . 2 40000
4 1 0 1 4 1 8 8 6 7 9 7 1 8 3 9 5 5 1 1 9 9 8 7 15 9 5 4 5 7 . 4 1 . . . 1 5 1 2 1 8 1 9 9 . 9 . . 2 1 3 6 5 10 10 . 10 . . 9 9 9 9 9 1 9 1 9 1 1 . . 7 . 7 . 2 5 2 . . 8 5 4 . . 8 . . 5 . 2 400
0 1 1 2 6 1 8 4 4 6 2 6 9 11 4 9 3 1 1 1 9 9 8 7 15 9 4 5 4 7 . 2 3 1 . . 1 5 1 7 2 7 1 1 8 . 8 8 . . 1 2 1 2 3 9 . 9 9 . . 9 9 9 9 4 9 1 9 2 2 3 5 6 4 6 4 . 2 2 . 4 8 . . . . . . . 4 . 2 62000
0 0 4 1 5 6 8 7 1 5 3 5 1 10 2 9 1 1 4 4 9 9 . . . . 4 4 5 5 4 3 1 1 . . 1 2 1 2 1 6 3 9 1 9 9 1 1 9 9 1 6 5 10 9 10 10 9 9 10 10 9 9 9 1 9 1 9 1 1 2 4 . . . . . 5 2 . 8 8 . . . . . . . . . 2 200
0 0 3 1 6 . . 8 . 10 1 10 9 1 . . 1 1 1 1 4 9 . . . . 4 . . . . . . . . . . . . . . 9 5 . . . . . . . . . . . . . . . . . . . . . . . . . . . . . . . . . . . . . . . . . . . . . . . . . 2 .
1 5 4 0 0 2 8 5 3 9 2 12 3 9 3 9 1 1 1 1 2 9 8 7 15 9 4 1 1 2 2 2 1 2 5 5 1 1 1 1 1 3 6 9 9 6 9 1 . 6 1 2 9 9 10 10 9 10 9 . 9 9 9 10 10 1 9 1 9 1 1 7 5 1 9 1 9 4 2 2 11 4 3 5 2 11 8 3 . . . . 1 .
3 2 5 0 0 4 1 8 6 12 2 12 3 9 3 9 1 1 1 1 2 9 12 5 15 9 4 1 1 3 1 3 1 1 5 . 1 . 1 1 1 2 6 9 6 1 9 1 1 5 1 2 9 9 10 9 9 10 3 9 9 9 9 10 10 2 9 1 9 2 3 5 5 . . 1 9 3 5 2 3 8 3 5 2 7 6 3 . . . . 2 .
5 3 2 0 0 6 8 7 6 9 2 2 9 11 3 9 1 1 1 1 1 9 8 7 15 9 6 1 1 2 . 3 1 1 5 2 1 . 1 1 1 1 6 9 9 1 9 9 . 4 1 2 9 9 10 10 9 10 10 . 9 9 9 10 10 . . 1 9 1 1 1 1 1 9 1 9 3 2 1 11 4 9 . . . . . . . 1 . 1 1000
3 3 4 0 0 4 8 2 2 11 2 11 1 10 3 9 1 1 1 1 1 9 8 7 15 9 4 1 1 2 . 2 1 . 5 3 1 . 1 1 1 2 6 9 9 6 . 8 . 6 1 1 9 9 10 10 9 . 9 . 9 9 9 10 10 2 9 1 9 2 3 . . . . . . . 2 1 11 4 9 5 1 7 8 7 . . . . 2 .
1 9 0 0 0 6 8 5 3 12 2 12 3 9 3 9 1 1 1 1 2 9 8 7 15 9 4 1 1 2 3 3 2 . . . 1 1 1 4 1 3 6 9 9 8 . . 6 . 1 9 . 9 10 10 9 . . 9 . 9 10 . 10 1 9 1 9 1 1 5 5 1 9 . . . 2 2 11 4 5 . . . . . . . 1 . 2 1165
3 4 0 0 3 3 8 7 2 5 3 5 1 10 2 9 1 1 5 4 9 9 7 8 15 9 5 3 6 3 1 3 1 . 5 . 1 1 1 4 1 3 3 9 9 6 6 9 5 6 1 9 1 5 10 10 9 9 10 9 9 9 10 1 9 1 9 1 9 1 1 2 4 5 1 5 1 4 5 2 9 8 8 . . . . . . . 8 . 2 4700
0 0 0 1 9 6 8 1 1 8 1 8 2 6 2 9 3 3 1 1 9 9 8 7 15 9 4 . . . . . . . . . . . . . . 9 1 . . . . . . . . . . . . . . . . . . . . . . . . . . . . . . . . . . . . . . . . . . . . . . . 7 . 2 .
0 2 2 0 6 6 8 7 5 9 1 10 9 11 4 9 1 1 1 1 1 9 1 3 1 1 5 3 5 7 1 3 1 . . . 1 . 1 1 1 6 6 9 6 9 . . . . 1 1 9 5 10 9 10 . . . . 9 9 10 9 1 9 1 9 1 1 . . . . 7 . 3 5 2 3 9 8 . . . . . . . . . 1 300
0 2 2 1 5 1 8 5 5 8 1 8 9 11 3 9 4 4 1 1 9 9 8 7 15 9 5 3 4 8 . 2 2 2 . 5 6 . 1 3 1 6 1 1 9 . 6 . . 5 1 2 . 5 3 10 . 9 . . 9 9 9 . 9 1 9 1 9 1 1 1 2 6 1 6 1 2 5 2 4 1 8 . . . . . . . . . 2 .
0 1 2 2 5 1 8 5 5 8 1 8 9 11 6 1 4 3 2 2 9 9 8 7 15 9 6 . . . . . . . . . . . . . . 9 2 . . . . . . . . . . . . . . . . . . . . . . . . 1 9 3 2 1 2 7 1 7 1 . 2 2 2 4 8 . . . . . . . 4 . 2 100000
0 1 1 1 7 1 8 8 5 8 1 8 9 11 2 9 . . . . . . 8 7 15 9 . 3 5 7 . 4 1 . . . . . 1 7 1 6 . . . . . . . . . . . . . . . . . . . . . . . . . . . 3 2 . . . . . . . 2 2 . 4 8 . . . . . . . . . 2 .
1 0 2 1 6 2 3 4 6 8 1 8 9 11 . . 3 3 1 1 9 9 . . . . . 3 6 7 . 3 1 . . . 10 . 1 2 1 6 1 . . . . . . . . . . . . . . . . . . . . . . 3 9 . . 3 2 . . . . . . 6 2 2 7 4 8 . . . . . . . . . 2 10000
1 0 0 2 7 1 8 7 5 8 1 8 9 11 2 9 3 3 1 1 9 9 7 8 15 9 6 3 6 5 . 4 2 1 . . . . 1 3 1 6 1 . . . . . . . . . . . . . . . . . . . . . . . . . . . . 1 2 7 1 7 1 . 2 2 9 4 8 . . . . . . . . . 2 60000
0 1 0 2 7 1 8 5 5 8 1 8 9 11 2 9 3 3 1 1 9 9 . . . . . 3 6 7 . 3 2 2 . . 1 . 1 3 2 6 1 1 9 . 8 . . . . . 4 4 3 10 . 9 . . . . . 1 9 . . . . . . 1 1 . . . . . 2 2 . 2 8 . . . . . . . . . 2 44000
0 1 2 2 5 1 8 7 5 8 1 8 9 11 6 2 4 4 1 1 9 9 7 8 15 9 2 3 6 6 . 3 2 2 . . 1 2 1 7 2 6 1 1 9 . 6 8 1 . 1 . 1 3 3 10 . 9 9 9 . 9 . 9 9 4 9 1 9 3 3 1 1 7 4 7 4 2 2 2 2 4 8 2 2 11 3 8 . . 6 . 2 200000
1 2 1 0 6 1 8 5 5 10 1 10 9 1 3 9 1 1 4 1 9 9 1 3 3 3 5 3 5 7 2 3 4 2 . 6 6 2 1 3 1 6 3 1 . . 6 . 1 . 1 4 . 5 3 . . 9 . 9 . 9 9 . 9 4 9 1 9 2 3 2 4 3 4 3 4 . 5 2 3 8 8 . . . . . . . . . 2 80000
0 1 0 3 6 1 8 5 5 8 1 8 9 11 . . 4 4 1 1 9 9 . . . . . 6 6 5 . 2 2 . . . 6 . 1 7 2 7 1 9 9 8 9 . 1 . 1 9 2 4 10 10 9 10 . 9 . 9 10 9 9 1 9 1 9 . . . . . . . . 1 2 2 3 4 8 . . . . . . . 8 . 2 1000
0 0 1 3 6 1 8 8 2 7 9 7 9 11 4 9 1 1 3 3 9 9 8 7 15 9 4 5 6 7 . 3 4 4 . . 6 2 1 7 2 7 3 1 . . 6 . . . 1 5 3 4 3 . . 3 . . . 9 9 9 9 4 9 2 9 3 2 1 1 7 3 7 3 6 2 2 7 4 8 2 2 1 4 8 . . 8 . 2 .
0 2 1 5 2 1 8 7 2 8 1 8 9 11 3 9 4 1 1 1 9 9 10 1 7 4 2 6 4 1 . 3 4 4 . . 5 . 3 6 2 4 1 1 6 1 . 9 6 . 1 1 2 1 3 9 3 . 10 9 . 9 3 9 9 3 9 2 9 4 3 . . 4 1 4 1 . 5 2 6 . 6 . . . . . . . . . 2 6000
0 1 0 7 2 1 8 2 2 8 1 8 9 11 1 9 4 1 1 1 9 9 10 1 7 4 . 5 6 2 . 3 2 4 . . 10 . 3 6 2 4 1 . . . . . . . . . . . . . . . . . . . . . . 2 9 . . . . . . 7 1 4 1 . 5 2 6 1 8 . . . . . . . . . 2 .
0 0 0 3 7 4 6 7 1 6 2 6 9 11 1 9 1 1 1 1 2 9 7 8 15 9 . 5 6 7 7 3 5 4 8 2 1 1 2 7 2 7 6 1 6 8 9 9 2 9 9 1 1 2 3 9 9 10 10 9 10 10 9 3 9 2 9 1 9 1 2 6 5 7 3 7 1 5 5 2 2 9 8 5 1 2 7 3 . . . . 2 36127
2 3 5 0 0 1 5 2 2 10 1 10 9 11 6 1 4 4 1 1 9 9 1 3 2 2 8 1 1 2 2 3 1 2 6 . 1 1 1 5 2 2 1 1 9 6 9 1 2 6 1 2 5 9 9 10 9 10 9 9 9 9 9 9 10 2 9 1 9 1 1 9 9 1 9 7 . 4 5 1 3 8 4 5 2 3 8 4 . . . . 2 420
0 2 1 2 5 6 8 7 2 8 1 8 9 11 . . 5 5 1 1 9 9 . . . . 6 . . . . . . . . . . . . . . 9 1 . . . . . . . . . . . . . . . . . . . . . . . . . . . . . . . . . . . . . . . . . . . . . . . . . 2 90000
0 1 1 1 7 1 8 2 2 6 2 6 9 11 . . 1 1 1 1 1 9 . . . . 4 . . . . . . . . . . . . . . 9 6 . . . . . . . . . . . . . . . . . . . . . . . . . . . . . . . . . . . . . . . . . . . . . . . . . 2 .
1 1 0 1 7 1 8 . . 7 9 7 1 8 6 2 5 5 1 1 9 9 8 7 15 9 5 4 5 4 4 3 1 1 . 6 . 5 1 2 1 6 1 9 9 . 9 9 1 . 1 9 6 5 10 10 . 10 10 9 . 9 10 9 9 2 9 1 9 1 1 5 5 7 4 1 9 6 2 2 3 4 8 . . . . . . . 6 . 2 15000
1 0 5 0 4 6 8 8 2 5 3 5 9 11 4 9 1 1 4 4 9 9 1 3 1 1 5 4 4 5 3 3 2 1 2 2 1 1 1 2 1 2 3 9 9 9 9 1 2 1 1 2 1 2 10 10 10 10 9 9 9 9 9 9 9 4 9 1 9 1 1 1 2 3 . 1 9 6 5 2 8 8 8 . . . . . . . . . 2 10000
0 1 1 2 6 1 2 5 5 8 1 8 2 6 4 9 4 4 1 1 9 9 . . . . . 3 6 7 . 2 2 2 . . 1 5 1 7 2 6 1 1 1 . 6 . 2 6 1 . 1 4 3 9 . 9 . 9 9 9 . 9 9 4 9 1 9 2 3 1 1 6 1 6 1 4 2 2 9 4 8 . . . . . . . . . 2 45000
0 0 7 0 3 1 8 7 . 8 1 8 9 11 2 9 4 4 1 1 9 9 1 3 15 9 5 . . . . . . . . . . . . . . 2 1 . . . . . . . . . . . . . . . . . . . . . . . . . . . . . . . . . . . . . . . . . . . . . . . . . 2 .
1 3 6 0 0 1 8 8 6 10 1 10 9 11 4 9 1 1 1 1 1 9 7 8 15 9 . 1 1 7 1 3 1 1 5 3 1 . 1 1 1 2 6 9 . 6 9 1 . 6 1 1 9 9 10 . 9 10 9 . 9 9 9 10 10 4 9 1 9 4 3 1 1 . . . . . 5 1 3 8 7 . . . . . . . 7 . 2 285
4 3 3 0 0 6 8 7 2 2 2 2 9 11 3 9 1 1 1 1 1 9 12 5 15 9 6 1 1 3 3 3 1 2 5 . 1 1 1 1 1 1 6 9 9 1 9 9 1 5 1 2 9 9 10 10 9 10 10 9 9 9 9 10 10 2 9 1 9 1 1 7 5 1 9 7 1 . 2 2 11 2 8 . . . . . . . . . 2 1000
3 2 5 0 0 4 8 7 6 12 2 12 3 9 3 9 1 1 1 1 1 9 7 8 15 9 4 1 1 3 2 3 1 1 5 . 1 1 1 1 1 2 6 9 9 8 9 1 . 6 1 1 9 9 10 10 9 10 9 . 9 9 9 10 10 2 9 1 9 4 3 1 1 . . . . . 2 1 . 2 9 5 2 7 8 7 . . 4 . 2 1000
2 8 0 0 0 4 1 5 3 10 1 10 2 6 4 9 1 1 1 1 1 9 8 7 15 9 4 1 1 1 4 2 2 2 5 . 1 1 1 4 1 3 6 9 9 6 9 9 6 6 1 9 1 9 10 10 9 10 10 9 9 9 10 9 10 2 9 1 9 1 1 7 5 1 9 7 1 4 2 2 11 4 5 . . . . . . . 1 . 2 2800
1 1 0 1 7 6 8 8 1 5 3 5 9 11 3 9 1 1 4 4 9 9 7 8 15 9 1 6 6 7 4 4 1 1 . 3 1 2 1 3 1 7 3 9 1 1 6 9 2 6 1 9 1 1 10 9 9 9 10 9 9 9 10 9 9 1 9 1 9 1 1 2 4 3 . 7 1 6 5 2 9 7 9 . . . . . . . 5 . 2 3500
0 1 1 0 8 6 2 8 4 5 3 5 1 1 6 1 1 1 4 4 9 9 12 5 11 5 4 3 5 3 3 3 2 2 6 3 1 2 1 1 1 6 3 9 9 9 9 1 1 4 1 2 9 5 10 10 10 10 9 9 9 9 9 10 9 1 9 1 9 1 1 2 4 1 9 3 1 3 5 2 3 8 8 . . . . . . . . . 2 15000
0 1 1 1 7 1 8 5 5 8 1 8 9 11 3 9 4 4 1 1 9 9 8 7 15 9 . 3 5 8 . 3 1 2 . . 4 . 1 3 1 6 1 1 1 . 1 8 . 6 1 2 1 5 3 9 . 3 9 . 9 9 9 9 9 2 9 1 9 4 3 1 1 7 4 7 4 6 2 2 2 4 8 5 2 8 9 8 . . 2 . 2 .
1 1 1 2 5 1 8 4 4 8 1 8 3 9 6 1 4 3 1 1 2 9 8 7 15 9 6 3 6 6 3 2 3 4 6 . 6 5 1 7 2 6 7 1 . . 6 . 1 6 1 2 1 4 3 . . 9 . 9 9 9 9 9 9 . . . . 3 3 1 2 7 4 7 4 . 2 2 . 4 8 . . . . . . . 6 . 2 700000
0 1 0 2 7 2 8 5 5 8 1 8 9 11 2 9 3 1 1 1 9 9 10 1 15 9 . 3 5 7 . 3 1 . . . 3 . 1 7 1 6 1 . . . . . . . . . . . . . . . . . . . . . . . . 1 9 3 2 1 1 7 4 . . 3 6 2 2 8 8 . . . . . . . . . 2 90000
1 0 2 2 5 6 8 2 2 5 3 5 9 11 . . 1 1 4 4 9 9 8 7 15 9 . 3 6 7 . 3 2 . . . 1 . 1 7 1 6 3 . . . . . . 1 1 3 . 2 . . . . . . 9 9 9 . 9 1 9 1 9 3 2 2 4 3 4 3 4 6 2 2 2 4 8 . . . . . . . . . 2 20000
1 0 0 2 7 1 2 5 5 8 1 8 9 11 . . 4 4 1 1 9 9 7 8 15 9 . 5 6 5 . . . . . . 1 . 1 3 1 7 1 . . . . . . . . . . . . . . . . . . . . . . . . . . 3 2 1 2 7 4 7 4 . 2 2 9 2 8 . . . . . . . . . 2 23000
0 0 4 2 4 1 8 7 6 8 1 8 9 11 2 9 . . . . . . . . . . . 5 6 7 . 4 3 4 . . 6 . 1 7 2 7 . 9 1 . 6 8 . . . 1 . 4 10 3 . 9 9 . . . 9 . 9 4 9 . . 3 3 6 5 . . . . . 2 2 . 4 8 5 2 9 7 9 . . 6 . 2 30000
0 2 0 5 3 1 8 6 5 . . . . . . . 4 4 1 1 9 9 . . . . . 3 6 6 . 2 2 2 . 5 1 2 1 7 2 4 1 9 . 1 . . . . 1 9 3 3 10 . 9 . . . . 9 10 9 9 . . . . . . 1 2 7 4 7 4 2 2 2 11 3 8 . . . . . . . . . . 2600
1 1 1 1 6 1 8 7 5 1 1 1 9 11 6 1 1 1 4 3 9 9 . . . . . 3 4 7 2 3 2 . . . 10 3 1 3 1 6 3 1 . 1 5 8 1 4 1 1 2 5 3 . 9 9 9 9 9 9 9 9 9 . . . . 2 2 2 4 . . 3 1 . 5 2 3 8 8 . . . . . . . . . 2 65000
0 0 0 4 6 1 8 5 5 8 1 8 9 11 . . 4 4 1 1 9 9 . . . . . 3 6 7 4 2 2 2 . . 1 . 1 7 2 6 1 . . . . . . . . . . . . . . . . . . . . . . . . . . . . 1 2 6 4 6 4 2 2 2 11 2 8 . . . . . . . . . 2 1500
0 0 1 3 6 4 7 8 6 10 1 10 9 11 3 9 1 1 1 1 1 9 10 1 15 9 . 5 6 7 . 3 2 4 . . 5 . 1 7 2 7 6 1 1 . 6 . . . 1 . . 2 3 9 . 3 . . . 9 . . 9 4 9 2 9 4 2 . . 7 1 4 1 . 2 2 11 3 8 . . . . . . . 8 . 2 30000
2 0 0 6 2 1 8 1 1 8 1 8 9 11 2 9 4 1 1 1 9 9 . . . . . 5 6 2 . 3 2 4 . . 10 3 1 7 2 4 1 . . . . . . . . . . . . . . . . . . . . . . 3 9 2 9 4 3 1 1 4 1 4 1 . 3 2 5 8 5 . . . . . . . . . 2 .
0 1 0 6 3 1 8 2 2 8 1 8 9 11 1 9 4 1 1 1 9 9 10 1 7 4 2 5 6 2 . 2 2 4 . . 6 . 3 6 2 4 1 . . . . . . . . . . . . . . . . . . . . . . 3 9 . . 4 2 1 1 4 1 4 1 . 5 2 6 8 6 . . . . . . . . . 2 38000
0 0 2 1 7 7 8 1 1 10 1 10 9 11 3 9 1 1 1 1 1 2 7 8 15 9 2 5 6 7 2 2 5 4 . . 1 . 3 7 2 7 6 1 6 . 8 1 1 5 1 4 2 2 3 9 . 9 3 9 9 9 3 9 9 2 9 1 9 1 1 6 5 7 1 7 1 3 5 3 3 8 8 . . . . . . . . . 2 26137
2 3 5 0 0 1 2 2 2 10 1 10 2 3 6 1 4 4 1 1 9 9 1 3 2 2 3 1 1 3 2 3 1 2 6 2 1 1 1 1 1 2 1 1 9 6 9 1 1 6 1 2 9 9 9 10 9 10 9 9 9 9 9 10 10 2 9 1 9 2 3 9 9 1 9 7 . 3 5 2 3 8 8 5 2 3 8 4 . . . . 2 3000
0 0 0 2 8 1 8 2 2 10 1 10 2 6 1 9 1 1 1 1 1 9 . . . . 3 3 6 7 2 2 2 1 . . 1 . 1 7 1 6 6 1 6 . . . 1 9 9 9 2 4 3 9 . . . 9 10 10 10 9 9 2 9 1 9 . . 1 2 . . . . 6 5 4 3 8 8 . . . . . . . 4 . 2 100000
0 0 1 1 8 6 8 1 1 6 2 6 9 2 3 9 1 1 1 1 2 9 7 8 15 9 4 . . . . . . . . . . . . . . 9 6 . . . . . . . . . . . . . . . . . . . . . . . . . . . . . . . . . . . . . . . . . . . . . . . . . 2 .
2 1 1 0 6 5 1 7 2 12 2 12 3 9 2 9 3 3 1 1 2 9 7 8 15 9 4 5 5 5 4 4 1 . 5 3 1 5 1 2 1 7 7 9 9 9 9 1 . 3 1 5 . 2 10 10 10 10 9 . 9 9 9 . 9 1 9 1 9 1 1 . . 7 1 1 9 3 2 2 11 3 8 5 2 8 8 8 . . 1 . 2 .
0 2 2 0 6 1 8 5 5 8 1 8 9 11 . . 4 4 1 1 9 9 8 7 15 9 . 3 6 7 . 2 3 . . . 1 . 1 3 1 6 1 . . . . . . . . . . . . . . . . . . . . . . . . 1 9 2 3 3 5 3 1 3 1 . 2 2 . 4 8 . . . . . . . . . 2 .
0 2 3 0 5 1 8 2 2 8 1 8 3 9 3 9 4 4 1 1 2 9 8 7 15 9 4 . . . . . . . . . . . . . . 9 7 . . . . . . . . . . . . . . . . . . . . . . . . . . . . . . . . . . . . . . . . . . . . . . . . . 2 6000
2 4 4 0 0 1 2 7 3 9 3 5 1 10 3 9 1 1 5 5 9 9 1 3 1 1 5 1 1 3 4 3 1 3 5 3 1 1 1 1 1 8 3 9 6 5 9 8 . 6 2 2 9 9 10 9 9 10 9 . 9 9 9 10 10 4 9 1 9 4 3 9 9 1 9 . . . 5 2 11 8 7 2 1 11 4 7 . . 6 . 1 300
2 2 6 0 0 1 8 7 6 10 1 10 9 11 . . 1 1 1 1 1 9 8 7 15 9 . 1 1 7 . 3 1 . 5 5 1 1 1 1 1 2 6 9 9 6 9 8 . 6 1 1 9 9 10 10 9 10 9 . 9 9 9 10 10 4 9 1 9 4 3 1 1 . . . . . 5 2 3 8 3 . . . . . . . 4 . 2 100
4 3 3 0 0 6 8 7 1 9 3 9 9 11 3 9 1 1 1 1 1 9 8 7 15 9 1 1 1 2 . 3 1 . 5 . 1 . 1 1 1 1 6 9 9 1 9 9 . . 1 . 9 9 10 10 9 10 10 . . 9 . 10 10 2 9 1 9 1 1 2 3 1 9 1 9 . 2 2 11 2 8 . . . . . . . . . 2 1000
3 3 4 0 0 4 8 2 2 10 1 10 9 11 4 9 1 1 1 1 1 9 7 8 15 9 4 1 1 2 . 2 2 . 5 3 1 . 1 4 1 2 6 9 9 6 9 8 . 6 1 1 . 9 10 10 9 10 9 . 9 9 9 . 10 1 9 1 9 2 3 7 5 . . . . 2 3 1 11 8 7 . . . . . . . . . 2 .
2 6 2 0 0 1 8 2 2 10 1 10 2 6 3 9 1 1 1 1 1 9 1 3 15 9 5 1 1 1 . 2 1 2 5 5 1 1 1 4 1 3 6 9 9 6 9 8 6 6 1 1 1 9 10 10 9 10 9 9 9 9 9 9 10 1 9 1 9 1 1 1 1 1 9 . . 6 2 2 11 4 5 . . . . . . . 1 . 2 12500
2 2 2 0 4 2 8 2 2 9 1 8 9 11 3 9 4 4 1 1 9 9 7 8 15 9 5 5 6 5 . 3 1 1 5 4 1 1 1 4 1 7 1 9 2 1 6 9 . 5 1 . 9 4 10 9 9 9 10 . 9 9 . 10 9 1 9 1 9 2 3 7 5 1 9 1 9 3 5 1 11 1 9 5 2 9 7 8 . . . . 1 .
0 2 1 2 5 1 2 5 5 9 1 10 9 11 . . 4 4 1 1 9 9 6 4 15 9 5 . . . . . . . . . . . . . . 9 1 . . . . . . . . . . . . . . . . . . . . . . 4 9 1 9 4 3 . . . . . . . 5 2 9 8 8 . . . . . . . . . 1 .
0 1 3 1 5 1 8 8 5 8 1 8 9 11 2 9 4 4 1 1 9 9 8 7 15 9 2 3 5 7 . 4 2 2 . 4 2 . 1 7 1 6 1 . . . . 8 . . 1 1 1 3 . . . . 9 . . 9 9 9 9 2 9 1 9 3 2 6 5 6 1 5 4 . 6 2 2 8 8 . . . . . . . 8 . 2 30000
0 1 1 3 5 1 8 5 5 2 1 10 2 6 . . 1 1 4 4 9 9 12 5 15 9 4 3 6 5 . 3 3 . 6 4 6 2 1 7 2 6 3 1 9 1 6 9 1 5 1 2 2 6 3 10 9 9 10 9 9 9 9 1 9 4 2 1 9 4 2 3 5 1 9 3 1 . 2 2 3 4 8 . . . . . . . 6 . 1 60000
1 0 3 2 4 1 2 8 6 8 1 8 9 11 . . 3 3 1 1 9 9 8 7 15 9 . 3 6 7 . 3 2 . . . 6 . 1 7 2 6 1 . . . . . . . 1 3 2 5 . . . . . . . 9 9 9 9 1 9 1 9 1 1 1 2 6 4 6 4 6 3 2 2 9 8 . . . . . . . . . 2 155000
0 1 0 2 7 2 3 7 5 8 1 8 9 1 2 9 4 4 1 1 9 9 8 7 15 9 6 5 6 7 . 4 2 2 . . 5 . 1 3 1 7 1 . . . 1 . . . 1 5 1 2 . . . 9 . . . 9 9 9 9 1 9 1 9 3 2 1 2 7 1 7 1 6 3 2 9 4 8 . . . . . . . . . 2 10000
0 0 2 2 6 1 8 5 5 8 1 8 9 11 . . 4 4 1 1 9 9 . . . . . 5 6 7 . . . . . . 1 2 1 7 2 7 1 . . . . . . . . . . . . . . . . . . . . . . . . . . . . . . . . . . . 2 2 11 3 2 2 2 9 4 8 . . . . 2 .
0 2 0 4 4 1 2 5 5 8 1 8 2 6 3 9 4 4 1 1 9 9 . . . . . 3 6 2 . 3 3 . . . 5 . 1 7 2 8 1 1 . . . . . . 1 9 1 5 3 . . . . . . 9 10 9 9 1 9 . . 3 3 1 1 7 4 7 4 6 2 2 . 4 8 . . . . . . . 6 . 2 25000
0 1 0 5 4 1 8 8 5 8 1 8 9 11 6 2 6 6 1 1 9 9 . . . . . 3 6 6 . 3 2 2 . . 6 2 1 7 2 4 1 1 9 . 9 9 1 . 1 9 1 3 3 10 . 10 10 9 . 9 10 9 9 1 9 2 9 . . 1 1 . . . . 1 2 2 3 4 8 . . . . . . . 8 . 2 5000
0 1 1 1 7 1 8 . . 10 1 10 9 1 3 9 1 1 3 3 9 9 6 4 15 9 . 3 5 7 2 3 1 . . . 3 . 1 3 1 6 3 . . . . . . . . . . . . . . . . . . . . . . . . . . 3 3 6 5 3 4 3 4 . 5 2 . 8 8 . . . . . . . . . 2 .
1 0 1 2 6 1 8 5 5 10 1 10 2 6 2 9 1 1 1 1 1 9 13 2 15 9 . 5 6 8 7 3 4 4 . 3 5 1 1 7 2 7 6 1 . 1 6 . . . . . 3 4 3 . 9 9 . . . . . 9 9 4 9 2 9 4 3 3 5 4 1 4 1 1 2 2 9 4 8 2 2 7 4 8 . . . . 2 750000
0 1 0 6 3 1 8 1 1 8 1 8 9 11 . . 4 1 1 1 9 9 . . . . . 6 6 2 . 3 4 4 . . 10 . 1 7 2 4 1 . . . . . . . . . . . . . . . . . . . . . . 3 9 2 9 4 2 . . 4 1 4 1 . 5 2 6 9 6 . . . . . . . . . 2 75000
0 0 0 3 7 1 8 7 2 8 1 8 9 11 . . 4 1 1 1 9 9 10 1 7 4 . 5 4 7 7 3 4 4 . . 3 . 1 3 2 7 1 . . . . . . . . . . . . . . . . . . . . . . 5 9 . . 4 2 . . . . . . 2 6 2 1 7 9 5 2 1 8 8 . . . . 2 1000000
0 2 3 2 3 7 8 8 1 8 1 8 9 11 2 9 3 1 1 1 1 2 . . . . 2 3 6 7 2 3 5 4 8 4 1 1 3 7 2 8 7 1 6 1 1 1 1 5 1 1 3 3 3 9 3 3 3 9 9 9 9 9 9 2 9 1 9 1 2 6 5 7 1 7 1 3 5 3 3 8 3 3 3 8 8 3 . . . . 2 208100
2 3 5 0 0 1 2 2 2 10 1 10 3 5 6 1 4 4 1 1 9 9 1 3 2 2 8 1 1 2 2 3 1 2 6 2 1 1 1 5 2 2 1 . 9 6 9 1 2 6 1 2 9 9 . 10 9 10 9 9 9 9 9 10 10 1 9 1 9 1 1 9 9 1 9 7 . 4 2 2 5 4 5 5 2 3 8 4 . . . . 2 500
0 2 1 1 6 1 8 2 2 8 1 8 2 6 3 9 4 3 1 1 9 9 6 4 15 9 6 3 6 7 . 3 2 1 . . 1 1 1 7 1 6 1 1 6 . 1 . . . 1 2 . 4 3 9 . 9 . . . 9 9 . 9 4 9 1 9 4 3 1 1 7 3 7 3 . 5 4 3 8 8 . . . . . . . 1 . 2 350000
1 2 2 1 4 5 8 1 1 7 9 7 1 8 2 9 6 4 1 1 9 9 8 7 15 9 8 4 5 6 4 4 1 1 . 3 1 5 1 2 1 6 1 9 9 9 9 1 1 3 1 6 6 5 10 10 10 10 9 9 9 9 9 9 9 1 9 1 9 1 1 9 9 . . . . 2 5 2 3 8 8 . . . . . . . 7 . 2 13000
0 0 3 1 6 1 8 . . 10 1 10 9 1 2 9 1 1 1 1 4 2 8 7 15 9 5 . . . . . . . . . . . . . . 9 5 . . . . . . . . . . . . . . . . . . . . . . . . . . . . . . . . . . . . . . . . . . . . . . . . . 2 1400
0 0 3 1 6 1 2 5 5 8 1 8 9 11 . . 4 3 1 1 9 9 8 7 15 9 5 3 6 7 3 2 3 2 . . 1 5 1 7 2 6 1 1 1 . 6 . 1 . 1 2 2 5 3 9 . 9 . 9 . 9 9 9 9 4 9 1 9 3 2 6 5 . . . . . 5 2 9 8 8 2 2 2 4 8 . . 4 . 2 15000
1 4 5 0 0 6 8 2 2 9 2 12 3 9 3 9 1 1 4 4 9 9 8 7 15 9 4 1 1 2 1 2 2 1 5 3 1 2 1 1 1 2 3 9 9 6 9 2 . . 1 2 9 9 10 10 9 10 9 . . 9 9 10 10 2 9 1 9 2 3 1 1 7 4 . . 4 2 2 11 2 5 5 1 3 8 9 . . 1 . 1 1274
2 3 5 0 0 1 8 7 5 12 2 12 3 9 4 9 1 1 1 1 1 9 8 7 15 9 . 1 1 7 . 3 1 1 5 . 1 1 1 1 1 2 6 9 9 . 9 1 . . 1 1 9 9 10 10 . 10 9 . . 9 9 10 10 4 9 1 9 4 3 5 5 . . 7 . 3 5 1 7 8 8 . . . . . . . . . 2 .
5 3 2 0 0 6 8 7 1 2 2 2 9 11 3 9 1 1 1 1 1 9 7 8 15 9 1 1 1 2 3 3 1 . 5 . 1 1 1 1 1 1 6 9 9 9 9 9 1 5 1 1 9 9 10 10 9 10 10 . 9 9 9 10 10 . . 1 9 2 3 7 5 1 9 1 9 6 2 2 11 2 8 . . . . . . . 1 . 2 .
3 3 4 0 0 1 8 8 2 12 2 12 3 9 4 9 1 1 1 1 2 9 7 8 15 9 4 1 1 2 2 3 2 1 5 2 1 2 1 4 1 2 6 9 9 6 9 8 . 6 1 1 1 9 10 10 9 10 9 . 9 9 9 9 10 2 9 1 9 2 3 6 5 1 9 1 9 4 3 1 11 8 7 2 2 11 4 5 . . 1 . 2 6000
1 7 1 0 1 1 8 4 6 9 2 12 3 9 . . 1 1 1 1 1 9 8 7 15 9 5 2 6 2 . 2 1 . 5 . 1 . 1 4 1 3 6 9 9 8 9 . . . 1 1 . 6 10 10 9 10 . . . 9 9 . 9 1 9 1 9 1 1 . . . . 1 9 . 2 2 11 4 5 . . . . . . . 1 . 1 .
2 2 2 0 4 6 8 2 2 9 1 8 9 11 3 9 4 4 1 1 9 9 7 8 15 9 5 5 6 5 . 3 2 1 5 . 1 . 1 1 1 7 1 9 5 . 6 9 1 . 1 . 9 4 10 9 . 9 10 9 . 9 . 10 9 1 9 1 9 . . 7 5 1 9 1 9 . 5 2 11 2 9 . . . . . . . . . 1 250
0 0 4 1 5 1 8 7 5 8 1 8 9 1 3 9 4 4 1 1 9 9 7 8 15 9 . 3 5 6 . 4 2 . . . 10 2 1 3 1 6 1 . . . . . . . . . . . . . . . . . . . . . . 2 9 3 9 2 3 1 2 6 4 6 4 5 5 2 . 8 8 . . . . . . . 8 . 2 200000
0 1 2 1 6 1 2 7 5 8 1 8 9 11 2 9 3 3 1 1 9 9 8 7 15 9 2 3 5 6 5 4 2 2 . . 3 1 1 7 1 6 1 . 1 . 8 . . . 1 2 1 5 . 9 . 9 . . . 9 9 9 9 2 9 1 9 3 3 1 1 7 4 7 4 . 6 2 2 8 8 . . . . . . . 7 . 2 1000000
0 1 1 3 5 1 8 5 5 10 1 10 9 11 . . 1 1 4 4 9 9 . . . . . . . . . . . . . . . . . . . 9 3 . . . . . . . . . . . . . . . . . . . . . . 4 9 1 9 3 3 3 5 7 . 2 . . 2 2 3 4 8 . . . . . . . . . 2 80000
0 0 2 2 6 1 2 8 5 8 1 8 9 11 . . 3 3 1 1 9 9 . . . . . 3 6 5 . . . . . . 6 . 1 7 2 6 1 . . . . . . . . . . . . . . . . . . . . . . 1 9 1 9 1 1 . . 1 9 6 4 6 2 2 9 4 8 . . . . . . . . . 2 36000
0 1 0 2 7 1 8 7 5 8 1 8 9 1 6 2 6 4 1 1 9 9 8 7 15 9 4 5 6 7 . 4 2 2 . 5 10 . 1 3 1 7 1 . . . 9 . 1 . 1 1 4 2 . . . 10 . 9 . 9 9 9 9 1 9 1 9 3 2 . . 7 1 7 1 3 3 2 9 4 8 2 2 9 4 8 . . . . 2 10500
0 0 2 3 5 1 8 6 5 8 1 8 9 11 6 1 4 4 1 1 9 9 . . . . . 3 6 5 . 3 1 3 . . 1 . 1 7 2 6 1 . . . . . . . . . . . . . . . . . . . . . . 1 9 . . . . . . 7 4 7 4 . 2 2 9 4 8 . . . . . . . . . 2 65000
0 1 1 3 5 1 8 5 5 8 1 8 9 11 3 9 4 4 1 1 9 9 . . . . . 3 6 7 . 2 2 2 . . . . 1 7 2 6 1 1 . . . . . . 1 9 1 . 3 . . . . . . 9 10 9 . . . 2 9 3 2 1 1 . . . . . 2 2 11 3 8 . . . . . . . . . 2 4000
0 1 1 5 3 1 8 5 5 8 1 8 9 11 . . 4 4 1 1 9 9 . . . . . 3 6 3 . 2 2 2 . . 6 . 1 7 2 4 1 . . . . . . . . . . . . . . . . . . . . . . . . 2 9 . . . . . . . . . 2 2 11 3 5 2 2 11 3 7 . . . . 2 2500
0 2 0 1 7 1 8 5 5 1 1 1 9 11 6 1 1 1 3 3 9 9 . . . . 5 3 5 5 . 2 2 . . . . 3 1 3 1 6 3 . . . . . . . . . . . . . . . . . . . . . . . . . . 4 2 2 4 3 4 3 4 . 5 2 . 8 8 . . . . . . . . . 2 .
0 0 1 4 5 1 8 4 6 . . . . . 2 9 3 1 1 1 9 9 . . . . . 5 6 7 . 3 3 4 . . 10 . 1 7 2 7 1 1 1 . 6 . . 6 1 1 1 2 3 3 . 3 . . 9 9 3 3 9 . . 2 9 3 2 6 5 4 1 4 1 . 2 2 7 4 8 . . . . . . . . . . 250000
0 0 0 7 3 1 8 1 1 8 1 8 9 11 . . 4 1 1 1 9 9 10 1 7 4 . 5 6 2 . 3 3 4 . . 10 . 1 6 2 4 1 1 . 8 . 9 . . 9 1 1 1 3 . 9 . 10 . . 10 9 9 9 3 9 2 9 4 3 6 5 7 4 4 1 . . . . . . . . . . . . . . . 2 .
0 0 0 6 4 1 8 4 6 8 1 8 9 11 . . 4 1 1 1 9 9 10 1 7 4 . 5 6 2 . 3 4 4 . . 10 . 3 6 2 4 1 . . . . . . . . . . . . . . . . . . . . . . . . . . . . . . 4 1 4 1 . 5 2 6 8 6 . . . . . . . 8 . 2 150000
0 0 0 4 6 1 7 2 2 7 1 10 9 11 3 9 1 1 1 1 2 9 8 7 15 9 3 5 6 7 8 2 5 4 6 2 4 1 3 4 2 7 6 9 6 5 9 9 1 9 1 1 3 1 10 9 3 10 10 9 10 9 9 9 9 5 2 1 9 1 2 6 5 7 3 7 3 2 5 2 3 8 8 5 3 3 9 3 . . . . 1 675419
2 3 5 0 0 1 2 2 2 10 1 10 2 3 6 1 4 4 1 1 9 9 1 3 2 2 3 1 1 3 2 3 1 2 6 2 1 1 1 1 1 2 1 1 9 6 9 1 1 6 1 2 9 9 9 10 9 10 9 9 9 9 9 10 10 1 9 1 9 1 1 9 9 1 9 7 . 6 5 1 3 8 4 5 2 3 8 4 . . . . 2 800
0 1 0 2 7 1 8 6 6 8 1 8 9 11 6 1 6 3 1 1 9 9 6 4 15 9 6 . . . . . . . . . . . . . . 9 1 . . . . . . . . . . . . . . . . . . . . . . . . . . . . . . . . . . . . . . . . . . . . . . . . . 2 .
1 2 1 1 5 1 8 2 2 8 1 8 9 11 3 9 4 4 1 1 9 9 7 8 15 9 4 4 5 7 . 3 1 1 . . 1 3 1 2 1 6 1 9 9 9 8 8 . . 1 2 . 4 10 10 10 9 9 . . 9 9 . 9 4 9 1 9 1 1 1 1 7 1 5 1 6 5 4 8 8 8 . . . . . . . 7 . 2 2000
0 0 3 1 6 1 8 1 1 10 1 1 9 10 2 9 1 1 4 4 9 9 8 7 15 9 5 4 5 6 3 3 1 1 . . 1 . 1 2 1 6 3 9 9 . . 1 1 . 1 3 4 3 10 10 . . 9 9 . 9 9 9 9 2 9 1 9 . . 5 5 1 9 2 1 2 5 2 3 8 8 . . . . . . . . . 1 .
1 1 0 1 7 1 8 5 5 9 1 10 9 1 4 9 1 1 1 1 4 9 7 8 15 9 5 3 6 6 2 2 3 2 . 5 1 5 1 7 2 6 5 1 8 . 6 . 1 5 1 . 2 5 3 9 . 9 . 9 9 9 . 9 9 4 9 1 9 2 3 1 1 7 1 7 1 4 2 2 2 4 8 5 2 2 7 9 . . 4 . 1 .
1 5 4 0 0 1 8 6 6 2 2 2 9 11 3 9 1 1 1 1 1 9 7 8 15 9 8 1 1 2 1 2 1 1 5 3 1 1 1 1 1 3 6 9 9 9 9 3 3 5 1 2 9 9 10 10 10 10 9 9 9 9 9 10 10 1 9 1 9 1 1 4 5 1 9 1 9 3 3 2 11 2 10 5 2 11 8 5 . . 4 . 2 500
1 3 6 0 0 1 5 8 6 12 2 12 3 9 4 9 1 1 1 1 1 9 8 7 15 9 5 1 1 7 . 3 1 . 5 . 1 1 1 1 1 2 6 9 . 6 9 8 . . 1 . 9 9 10 . 9 10 9 . . 9 . 10 10 2 9 1 9 3 3 5 5 1 9 6 1 . 5 1 3 8 3 5 2 8 8 8 . . 1 . 2 .
4 3 3 0 0 6 8 7 1 . . . . . 3 9 1 1 1 1 1 9 8 7 15 9 6 1 1 2 . 3 1 . 5 . 1 . 1 1 1 1 6 9 1 . 9 . . . 1 . 9 9 10 9 . 10 . 9 . 9 . 10 10 2 9 1 9 1 1 7 5 1 9 1 9 . 2 2 11 2 8 . . . . . . . . . . 500
4 3 3 0 0 6 8 2 2 9 2 2 9 11 . . 1 1 1 1 1 9 7 8 15 9 . 1 1 2 . 2 1 . 5 3 1 1 1 1 1 1 6 9 4 4 9 9 6 5 1 1 9 9 10 9 9 10 10 9 9 9 9 10 10 1 9 1 9 1 1 7 5 . . . . . 2 2 11 4 8 . . . . . . . . . 1 200
4 5 1 0 0 . . . . . . . . . . . 1 1 1 1 1 9 . . . . 3 . . . . . . . . . . . . . . 3 6 . . . . . . . . . . . . . . . . . . . . . . . . . . . . . . . . . . . . . . . . . . . . . . . . . . .
3 2 1 0 4 6 8 2 2 2 2 2 9 11 3 9 4 4 1 1 9 9 7 8 15 9 4 5 6 5 . 3 2 1 5 . 1 . 1 1 1 7 1 9 1 4 6 9 1 . 1 . 9 4 10 9 9 9 10 9 . 9 . 10 9 1 9 1 9 2 3 1 1 . . 1 9 6 5 1 11 1 9 . . . . . . . 6 . 2 4000
0 4 0 1 5 1 8 7 4 8 1 8 9 11 6 1 4 4 1 1 9 9 8 7 15 9 . 3 5 7 . 3 1 . . . 10 . 1 3 1 6 1 . . . . . . . . . . . . . . . . . . . . . . 1 9 1 9 4 3 1 1 7 4 7 4 . 5 2 . 8 8 . . . . . . . . . 2 24000
0 0 4 1 5 1 8 8 6 10 1 10 9 1 . . 1 1 1 1 4 9 . . . . . 3 5 7 . 3 3 . . . 3 . 1 7 1 6 5 . . . . . . . . . . . . . . . . . . . . . . 4 9 1 9 2 3 . . . . . . . 5 2 7 8 8 . . . . . . . 1 . 2 175000
1 2 0 1 6 1 8 7 5 8 1 8 9 11 6 1 4 4 1 1 9 9 . . . . . 3 6 5 . 3 2 . . . 6 . 1 3 1 6 1 . . . . . . . . . . . . . . . . . . . . . . 1 9 1 9 3 2 1 1 6 4 6 4 6 5 2 11 3 8 . . . . . . . . . 2 10000
0 0 0 4 6 1 8 7 5 8 1 8 9 11 . . 4 4 1 1 9 9 8 7 15 9 5 . . . . . . . . . . . . . . 9 1 . . . . . . . . . . . . . . . . . . . . . . . . . . . . . . . . . . . . . . . . . . . . . . . . . 2 .
1 1 0 2 6 1 8 2 2 8 1 8 9 1 3 9 1 1 4 3 9 9 . . . . . 3 6 7 . 2 2 2 . 6 5 2 1 7 1 6 3 1 . . 6 . 1 6 1 1 1 3 3 . . 9 . 9 9 9 9 9 9 1 9 1 9 1 1 2 4 3 4 3 4 6 2 2 1 4 8 . . . . . . . . . 2 7600
1 1 0 2 6 1 2 8 5 8 1 8 9 1 2 9 4 3 1 1 9 9 8 7 15 9 5 3 6 7 . 4 1 . . . 4 . . . . 6 1 . . . . . . . . . . . . . . . . . . . . . . . . . . 3 3 . . . . . . . 2 2 9 4 8 . . . . . . . . . 2 25000
1 0 1 2 5 1 8 5 5 8 1 8 9 11 . . 3 3 1 1 9 9 . . . . . 3 6 7 7 2 4 4 . . 10 . 1 7 2 6 1 1 1 . . . . 6 . 1 . . 3 9 . . . . 9 . 9 . . 4 9 . . 4 3 . . . . . . . 2 2 9 4 8 5 2 9 7 9 . . 3 . 2 26000
0 0 0 4 6 1 8 8 5 9 1 8 9 11 3 9 3 1 1 1 9 9 8 7 15 9 . 3 6 3 . 3 2 3 . . 1 2 1 7 2 6 1 9 . 6 9 . . . 1 9 2 5 10 . 9 10 . . . 9 10 9 9 2 9 1 9 1 1 . . . . 7 1 3 2 2 2 4 8 . . . . . . . . . 1 18000
0 1 0 5 4 1 8 8 5 8 1 8 9 11 6 1 6 6 1 1 9 9 . . . . . 3 6 6 . 3 2 2 . . 6 . 1 7 2 4 1 1 9 . 9 9 1 . . 9 1 . 3 10 . 10 10 9 . . 10 9 . 1 9 2 9 . . . . . . . . . 2 2 3 4 8 . . . . . . . 8 . 2 9000
0 1 1 1 7 1 8 5 5 1 1 1 9 11 6 1 1 1 4 4 9 9 1 3 1 1 5 3 6 5 . 2 3 . . . . 5 1 3 1 6 3 . . . . . . . 1 3 . 5 . . . . . . . 9 9 . 9 4 9 1 9 2 2 2 4 2 1 2 1 . 5 2 8 9 8 . . . . . . . 8 . 2 .
0 0 0 9 1 1 8 5 5 9 1 8 9 11 3 9 3 3 1 1 9 9 1 3 1 1 5 2 6 1 . . . . . . 5 2 1 7 2 4 1 . . . . . . 6 1 9 3 9 . . . . . . 9 9 10 9 10 1 9 1 9 3 3 . . 1 9 7 4 . 2 2 11 3 8 . . . . . . . 8 . 1 .
0 0 1 2 7 1 8 8 2 8 1 8 9 11 2 9 4 1 1 1 9 9 10 1 7 4 . 5 6 7 8 4 5 4 . . 10 . 3 7 2 7 1 . . . . . . . . . . . . . . . . . . . . . . 5 9 2 9 . . . . . . . . . 6 2 1 7 9 5 2 2 . . . . 1 . 2 7000000
0 0 1 2 7 7 8 1 1 10 1 10 9 11 3 9 1 1 1 1 2 9 . . . . 2 5 6 5 8 2 5 4 8 . 1 . 3 7 2 7 6 1 3 1 1 1 1 6 9 1 3 2 3 4 3 3 3 9 9 10 3 9 9 5 2 1 9 1 2 6 5 7 4 4 1 2 5 2 3 8 3 5 2 3 9 3 . . . . 2 1312000
2 4 4 0 0 1 5 2 2 10 1 10 2 3 6 1 4 4 1 1 9 9 1 3 2 2 3 1 1 3 2 3 1 2 6 2 1 1 1 1 1 8 1 1 9 6 9 1 1 6 1 2 9 9 9 10 9 10 9 9 9 9 9 10 10 1 9 1 9 1 1 9 9 1 9 7 . 4 5 1 3 8 9 5 2 3 8 4 . . . . 2 1300
1 0 3 1 5 4 8 7 1 8 1 8 9 11 2 9 3 3 1 1 9 9 . . . . 4 4 5 7 . 4 1 . . . 1 5 1 2 1 6 1 9 9 . 6 1 . . 1 3 . 4 10 10 . 9 9 . . 9 9 . 9 1 9 1 9 1 1 . . 7 1 7 1 . 5 4 8 8 8 . . . . . . . 7 . 2 .
0 0 3 1 6 1 5 2 2 1 1 1 9 11 6 2 1 1 4 4 9 9 1 3 1 1 5 4 5 5 . 3 1 . . . 1 5 1 2 1 6 3 9 9 . 9 1 1 6 1 2 . 3 10 10 . 10 9 9 9 9 9 . 9 1 9 1 9 1 1 . . . . . . . 5 2 3 8 8 . . . . . . . . . 2 1200
0 1 2 1 6 1 8 5 5 8 1 8 9 11 . . 4 4 1 1 9 9 7 8 15 9 7 3 6 7 . 2 3 2 . . 1 . 1 3 1 6 1 . . . . . . . 1 1 1 5 . . . . . . . 9 9 9 9 4 9 1 9 3 2 6 5 . . . . . 2 2 2 4 8 . . . . . . . . . 2 11000
0 5 5 0 0 6 8 7 2 12 2 12 3 9 4 9 1 1 1 1 2 9 7 8 15 9 4 1 1 2 1 3 1 1 5 3 1 1 1 1 1 8 6 9 9 5 9 1 2 9 1 2 9 9 10 10 9 10 9 9 10 9 9 10 10 1 9 1 9 1 1 4 5 1 9 1 9 3 3 2 11 2 10 5 2 11 8 5 . . . . 2 500
1 3 6 0 0 4 1 7 2 1 1 1 9 11 6 1 1 1 6 6 9 9 9 4 6 3 1 1 1 3 4 3 1 1 5 2 1 3 1 1 1 2 3 9 6 6 9 1 1 6 1 1 9 9 10 9 9 10 9 9 9 9 9 10 10 4 9 1 9 4 3 2 3 . . 2 4 3 5 1 3 8 3 2 2 11 4 4 . . 4 . 2 6750
5 3 2 0 0 1 8 7 2 9 2 2 9 11 3 9 3 1 1 1 9 9 6 4 15 9 6 1 1 2 . 3 1 . 5 . 1 2 1 1 1 1 1 9 9 6 9 9 4 . 1 . 9 9 10 10 9 10 10 9 . 9 . 10 10 2 9 1 9 1 1 1 1 . . 1 9 . 2 1 11 2 9 5 2 10 7 8 . . 1 . 1 150
5 3 2 0 0 6 8 2 2 9 2 11 1 10 3 9 1 1 1 1 1 9 7 8 15 9 4 1 1 2 1 2 1 1 5 3 1 1 1 1 1 1 6 9 9 6 9 9 1 6 1 1 9 9 10 10 9 10 10 9 9 9 9 10 10 1 9 1 9 1 1 7 5 1 9 1 9 3 2 2 11 2 7 2 2 11 4 8 . . . . 1 .
2 1 2 0 5 6 8 1 1 8 1 8 3 9 6 1 4 4 1 1 9 9 7 8 15 9 5 5 6 7 1 2 1 . 5 2 1 1 1 1 1 7 1 9 1 1 6 9 . . 1 . 9 4 10 9 9 9 10 . . 9 . 10 9 1 9 1 9 . . 7 5 1 9 1 9 . 2 1 11 2 9 5 2 9 8 8 . . 7 . 2 .
0 2 2 1 5 1 8 7 5 8 1 8 9 11 3 9 4 4 1 1 9 9 8 7 15 9 5 3 5 7 . 3 2 . . . 10 . 1 3 1 6 1 . . . . . . . 1 . . 5 . . . . . . . 9 . . 9 1 9 1 9 3 3 1 1 7 4 7 4 . 5 2 . 8 8 . . . . . . . 2 . 2 .
1 1 5 1 2 3 8 4 6 8 1 8 2 6 2 9 3 1 1 1 4 2 7 8 15 9 . 3 6 7 . 3 2 2 . . 3 . 1 3 1 2 7 1 9 . 6 1 . . 1 2 . . 3 10 . 9 9 . . 9 9 . . 4 9 1 9 4 2 4 5 . . 7 1 6 6 3 9 8 8 . . . . . . . 5 . 2 33000
0 1 1 2 6 1 8 . . 8 1 8 9 11 6 1 4 4 1 1 9 9 8 7 15 9 6 . . . . . . . . . . . . . . 9 1 . . . . . . . . . . . . . . . . . . . . . . . . . . . . . . . . . . . . . . . . . . . . . . . . . 2 .
1 0 2 2 5 1 2 8 5 8 1 8 9 1 3 9 2 2 4 4 9 9 1 3 15 9 . 3 6 5 . 3 3 . . . . 2 1 7 2 6 2 1 1 1 . 8 . . 1 3 3 2 3 3 3 . 9 . . 9 9 9 9 4 5 2 9 4 2 1 2 3 4 7 1 6 2 2 7 4 8 . . . . . . . . . 2 300000
0 0 0 2 8 1 8 5 5 9 1 8 9 1 . . . . . . 9 9 . . . . . . . . . . . . . . . . . . . 9 . . . . . . . . . . . . . . . . . . . . . . . 1 9 1 9 3 3 1 2 7 1 7 1 . 2 2 1 4 8 . . . . . . . . . 1 30000
0 1 0 3 6 1 8 5 5 8 1 8 9 11 6 1 3 3 1 1 9 9 . . . . . 3 6 5 . 2 1 . . . 1 2 1 7 2 6 1 . . . . . . . 1 . . 4 . . . . . . . 9 . . 9 1 9 1 9 3 3 . . 6 . 6 . . 2 2 7 4 8 . . . . . . . . . 2 .
0 1 0 2 7 1 8 . . . . . . . . . 4 4 1 1 9 9 8 7 15 9 . 3 6 7 . 2 2 . . . 1 2 1 7 2 6 1 1 . . 8 . 1 . 1 . 1 4 3 . . 9 . 9 . 9 . 9 9 . . 1 9 . . 1 1 7 . 7 . . 2 2 2 . 8 . . . . . . . . . . 5200
0 0 0 5 5 1 8 5 5 8 1 8 9 11 . . 6 6 1 1 9 9 8 7 15 9 . 5 6 5 . 2 3 2 . . . . 1 7 2 8 1 1 1 . 6 . . . . 1 1 4 3 3 . 3 . . . . 3 9 9 1 9 2 9 . . . . . . . . . 2 2 7 4 8 . . . . . . . 8 . 2 3800
1 2 1 1 5 1 8 5 5 1 1 1 9 10 4 9 1 1 4 4 9 9 8 7 15 9 5 3 5 4 3 3 2 . . . . 3 1 3 1 6 3 . . . . . . . 1 5 1 5 . . . . . . . 9 9 9 9 . . . . 3 2 2 3 3 . 3 . . 5 2 7 8 8 . . . . . . . . . 2 .
0 0 0 4 6 1 8 8 5 8 1 8 9 11 2 9 4 1 1 1 9 9 10 1 15 9 . 3 6 7 . 4 3 . . . 5 . 1 7 2 6 1 . . . . . . . . . . . . . . . . . . . . . . 3 9 2 9 3 2 3 5 . . 4 1 3 6 2 9 7 9 2 2 9 4 8 . . . . 2 70000
0 0 0 1 8 7 8 2 2 10 1 10 9 11 1 9 1 1 1 1 2 9 . . . . . 4 3 8 5 2 5 4 8 5 2 . 2 4 2 6 6 1 6 . 9 9 1 9 9 9 8 8 3 9 . 10 10 9 10 10 10 9 9 5 9 1 9 1 2 6 5 7 1 7 1 2 5 2 3 8 3 . . . . . . . . . 2 800
1 1 1 1 6 1 8 7 6 8 1 8 9 11 2 9 5 5 1 1 9 9 8 7 15 9 4 4 5 7 4 3 1 . . . 1 5 1 2 1 6 1 9 9 9 9 9 . . . 4 . 4 10 10 10 10 10 . . . 9 . 9 4 9 1 9 1 1 1 1 7 1 . . . 5 4 8 8 8 . . . . . . . 8 . 2 3100
0 0 0 3 7 1 8 5 5 9 1 10 9 1 3 9 1 1 1 1 4 9 7 8 15 9 1 5 6 5 . 3 3 2 . . 1 5 1 7 2 7 5 1 8 . 6 . . 5 1 . 2 5 3 9 . 9 . . 9 9 . 9 9 4 9 1 9 3 2 3 5 7 4 . . 6 2 2 9 4 8 . . . . . . . 3 . 1 1000000
0 4 6 0 0 1 8 7 2 9 1 10 9 11 3 9 1 1 1 1 1 9 . . . . . 1 1 2 1 3 1 . 5 . 1 1 1 1 1 2 6 9 9 6 9 1 1 6 1 1 9 9 10 10 9 10 9 9 9 9 9 10 10 1 9 1 9 1 1 1 1 1 9 1 9 6 2 2 11 2 10 5 2 11 8 5 . . 4 . 1 1100
2 3 5 0 0 4 8 7 2 12 2 12 3 9 3 9 1 1 1 1 4 9 1 3 15 9 4 1 1 3 2 3 1 1 5 . 1 1 1 1 1 2 5 9 8 4 9 8 . . 1 1 9 9 10 9 9 10 9 . . 9 9 10 10 4 9 1 9 4 3 2 4 . . 3 4 . 5 2 3 8 3 5 2 11 4 4 . . 4 . 2 330
5 3 2 0 0 6 8 2 2 9 1 8 3 9 3 9 3 1 1 1 9 9 7 8 15 9 4 1 1 2 2 2 1 . 5 3 1 . 1 1 1 1 1 9 9 1 6 9 2 5 1 . 9 9 10 10 9 9 10 9 9 9 . 10 10 2 9 1 9 1 1 1 1 1 9 1 9 . 2 1 11 4 8 2 2 11 4 4 . . 5 . 1 500
5 3 2 0 0 6 8 2 2 2 2 2 9 11 . . 1 1 1 1 1 9 7 8 15 9 . 1 1 2 . 2 1 . 5 . 1 1 1 1 1 1 6 9 4 5 9 9 1 5 1 1 9 9 10 9 9 10 10 9 9 9 9 10 10 1 9 1 9 1 1 7 5 . . . . . 2 2 11 2 8 . . . . . . . . . 2 140
6 3 0 0 1 6 8 2 2 2 2 2 9 11 3 9 1 1 4 4 9 9 8 7 15 9 5 2 6 2 . 2 1 . . . 1 . 1 1 1 1 3 9 1 9 6 1 1 5 1 1 6 5 10 9 10 9 9 9 9 9 9 9 9 1 9 1 9 1 1 9 9 1 9 7 1 3 3 2 3 9 8 . . . . . . . . . 2 .
0 1 2 1 6 1 8 8 5 8 1 8 9 1 6 2 4 4 1 1 9 9 . . . . . . . . . . . . . . . . . . . 9 1 . . . . . . . . . . . . . . . . . . . . . . 1 9 3 9 3 3 1 2 . . . . . 5 2 . 8 8 . . . . . . . . . 2 100000
1 0 2 1 6 1 2 7 5 8 1 8 9 11 2 9 3 1 4 4 9 9 13 2 14 3 . 5 5 7 6 4 2 1 . 4 2 2 1 7 1 7 2 1 9 9 6 . 2 . . 2 . 5 3 10 10 9 . 9 . . 9 . 9 2 9 1 9 4 2 9 9 . . . . 2 5 3 9 8 8 . . . . . . . . . 2 35000
1 0 1 3 5 1 8 8 6 8 1 8 9 11 . . 4 4 1 1 9 9 1 3 15 9 . 3 6 7 . 3 3 . . . 10 2 1 7 2 6 1 . . . . . . . . . . . . . . . . . . . . . . 2 9 2 9 3 3 . . 6 4 7 4 . 2 2 9 4 8 . . . . . . . . . 2 75000
0 0 1 2 7 2 3 8 1 9 3 9 1 1 . . 1 1 1 1 3 9 1 3 1 1 4 . . . . . . . . . . . . . . 9 5 . . . . . . . . . . . . . . . . . . . . . . . . . . . . 1 2 2 . 2 . . 2 2 9 4 8 . . . . . . . . . 2 5000
0 0 0 1 9 1 8 5 5 8 1 8 9 11 6 2 3 3 1 1 9 9 8 7 15 9 . 3 5 7 . 3 2 2 2 . 6 2 1 3 1 6 1 1 9 . 6 . . . 1 3 . 5 3 10 . 9 . . . 9 9 . 9 1 9 1 9 3 2 1 1 7 1 7 1 6 5 2 3 8 8 2 2 2 4 8 . . 1 . 2 180000
0 1 0 6 3 1 8 5 5 8 1 8 2 6 6 1 4 4 1 1 9 9 7 8 15 9 5 3 6 2 . 3 2 2 . . 6 2 1 7 2 4 1 9 . . 9 . 6 4 1 9 3 5 10 . . 10 . 9 9 9 10 9 9 1 9 1 9 1 1 9 9 7 4 7 4 3 2 2 11 2 8 . . . . . . . 8 . 2 42000
0 0 0 3 7 1 8 5 5 8 1 8 9 11 . . 4 4 1 1 9 9 . . . . . 5 6 5 . 2 3 2 . 5 1 . 1 7 2 7 1 1 9 1 6 9 . . 1 9 1 4 3 10 3 3 10 . . 9 10 9 9 . . 2 9 . . 1 1 7 4 7 4 . 2 2 2 4 8 2 2 7 4 8 . . 8 . 2 .
0 0 1 4 5 1 8 8 6 8 1 8 9 11 . . 4 4 1 1 9 9 10 1 15 9 . 3 6 7 . 3 2 4 . . 3 . 1 7 2 6 1 1 1 1 . . . . 1 1 1 2 3 3 3 . . . . 9 9 9 9 4 9 2 9 4 2 5 5 7 4 4 1 6 2 2 9 4 8 . . . . . . . . . 2 275000
0 1 1 1 7 1 8 5 5 10 1 1 2 6 3 9 1 1 4 4 9 9 8 7 15 9 5 3 6 7 3 3 2 1 . . . 5 1 3 1 6 3 1 1 . 6 . 1 6 1 6 . 5 3 9 . 9 . 9 9 9 9 . 9 4 9 2 9 3 2 2 4 . . 3 1 . 5 2 3 8 8 . . . . . . . 2 . 1 10000
0 0 0 1 9 7 8 1 1 12 2 12 3 9 1 9 1 1 1 1 2 9 11 6 15 9 3 4 3 8 3 2 5 4 8 . 1 . 2 4 2 6 6 1 9 1 9 9 1 9 9 9 2 3 3 10 3 10 10 9 10 10 10 9 9 5 4 1 9 1 1 6 5 7 1 7 1 2 5 2 3 8 3 . . . . . . . . . 2 4499
1 1 1 2 5 1 8 7 2 8 1 8 9 11 6 1 3 3 1 1 9 9 8 7 15 9 5 4 5 5 1 3 1 1 . . 1 . 1 2 1 6 1 9 9 . 9 8 . . 1 2 6 3 10 10 . 10 9 . . 9 9 9 9 1 9 1 9 1 1 5 5 7 1 7 1 . 5 4 3 8 8 . . . . . . . . . 2 .
0 1 0 5 4 1 8 7 5 8 1 8 9 11 . . 4 4 1 1 9 9 1 3 15 9 5 6 6 7 . 3 3 . . . 1 . 1 7 2 4 1 . . . . . . . . . . . . . . . . . . . . . . 4 9 1 9 3 3 1 1 7 . 7 . . 5 2 2 7 9 . . . . . . . . . 2 .
0 2 8 0 0 6 8 8 2 12 2 12 3 9 3 9 1 1 1 1 1 9 8 7 15 9 3 1 1 3 1 3 1 1 2 5 1 1 1 1 1 2 6 9 9 6 9 3 4 6 1 1 9 9 10 10 9 10 9 9 9 9 9 10 10 1 9 1 9 1 1 9 9 1 9 7 4 6 5 1 1 8 9 1 2 11 6 5 . . 7 . 2 400
2 2 6 0 0 4 1 7 2 10 1 10 9 11 4 9 1 1 1 1 4 9 7 8 15 9 4 1 1 3 3 3 1 1 5 . 1 1 1 1 1 2 5 9 6 6 9 1 1 6 1 1 9 9 10 9 9 10 9 9 9 9 9 10 10 4 9 1 9 4 3 1 1 1 9 5 1 . 5 2 3 6 3 . . . . . . . 2 . 2 654
5 2 3 0 0 6 8 8 2 9 1 8 9 11 6 1 6 6 1 1 9 9 7 8 15 9 6 1 1 2 . 3 1 1 5 . 1 1 1 1 1 1 1 9 9 1 9 9 . 6 1 . 9 9 10 10 9 10 10 . 9 9 . 10 10 2 9 1 9 1 1 . . 1 9 . . . 3 2 11 1 7 . . . . . . . . . 1 1100
4 4 2 0 0 2 8 5 3 9 2 2 9 11 3 9 1 1 1 1 1 9 7 8 15 9 4 1 1 2 1 2 1 . 5 3 1 1 1 1 1 3 6 9 9 5 9 9 4 5 1 1 9 9 10 10 9 10 10 9 9 9 9 10 10 1 9 1 9 1 1 7 5 1 9 1 9 1 2 2 11 4 8 . . . . . . . . . 1 150
6 4 0 0 0 6 8 8 1 9 3 9 9 11 3 9 1 1 1 1 1 9 8 7 15 9 4 1 1 2 . 3 2 . 5 . 1 1 1 4 1 1 6 9 9 6 . 9 . 6 1 9 . 9 10 10 9 . 10 . 9 9 10 . 10 1 9 1 9 1 1 7 5 1 9 . . . 2 2 11 2 8 . . . . . . . 1 . 2 .
1 1 1 1 6 1 8 8 5 8 1 8 9 1 6 2 4 4 1 1 9 9 . . . . 1 . . . . . . . . . . . . . . 9 1 . . . . . . . . . . . . . . . . . . . . . . 1 9 3 9 3 3 1 2 6 4 6 4 . 5 2 . 8 8 . . . . . . . 1 . 2 200000
1 1 0 1 7 2 3 6 6 8 1 8 9 11 2 9 4 4 1 1 9 9 8 7 15 9 4 3 5 7 8 4 4 2 . . 3 . 1 3 1 6 1 1 1 1 8 . 1 6 1 . . 3 3 3 3 9 . 9 9 9 . . 9 4 9 1 9 4 3 1 1 7 4 7 4 . 6 2 9 8 8 . . . . . . . 3 . 2 200000
0 1 0 3 6 1 2 8 6 8 1 8 9 11 . . 4 4 1 1 9 9 6 4 15 9 . 3 6 7 . 3 2 . . . 6 . 1 7 2 6 1 . . . . . . . . . . . . . . . . . . . . . . . . . . 3 2 . . 7 4 7 4 . 2 2 9 4 8 . . . . . . . . . 2 125000
0 1 0 2 7 5 8 . . 8 1 8 9 11 3 9 3 1 1 1 9 9 10 1 15 9 4 . . . . . . . . . . . . . . 9 1 . . . . . . . . . . . . . . . . . . . . . . 1 9 1 9 3 3 . . 6 1 6 1 . 2 2 9 4 8 . . . . . . . . . 2 5000
0 0 0 1 9 1 2 5 5 8 1 8 9 11 6 1 4 4 1 1 9 9 . . . . . 3 6 5 . 2 1 . . . 6 . 1 3 1 6 1 . . . . . . . . . . . . . . . . . . . . . . 1 9 1 9 1 1 1 1 7 4 7 4 . 2 2 9 3 8 . . . . . . . . . 2 24000
1 1 0 5 3 1 8 5 5 8 1 8 9 11 . . 4 4 1 1 9 9 . . . . . 3 6 3 . 3 2 2 . . 1 2 1 7 2 4 1 1 . . 6 . . . 1 9 2 5 3 . . 9 . . . 9 10 9 9 . . 1 9 . . 1 1 7 1 7 1 6 2 2 11 3 8 2 2 11 2 8 . . . . 2 34000
0 1 0 3 6 1 8 5 5 8 1 8 9 11 . . 4 4 1 1 9 9 . . . . . 5 6 5 . 2 2 2 . . 1 . 1 7 2 7 1 1 . 1 6 9 . . 1 9 . . 3 . 3 3 10 . . 3 10 . . . . 2 9 3 2 . . . . . . . 2 2 1 4 8 . . . . . . . 8 . 2 2000
0 0 0 9 1 1 8 5 5 7 1 8 9 11 1 9 4 1 1 1 9 9 10 1 7 4 . 2 6 1 2 3 2 4 . 6 6 2 1 7 2 4 1 . . 8 . . . 9 9 9 2 . . . 9 . . . 10 10 10 9 . 1 9 1 9 . . 1 1 1 9 7 1 6 2 2 11 2 8 . . . . . . . 8 . 1 .
0 1 2 0 7 1 8 5 5 1 1 1 9 10 6 1 1 1 4 3 9 9 8 7 15 9 . 3 5 7 . 2 2 . . . 3 2 1 3 1 6 3 . . . . . . . . . . . . . . . . . . . . . . 1 9 1 9 4 2 2 4 . . 7 4 . 5 2 . 8 8 . . . . . . . . . 2 .
0 0 8 1 1 7 8 1 1 10 1 10 9 11 6 1 1 1 1 1 1 9 7 8 15 9 2 5 6 7 3 2 5 4 . . 1 . 3 7 2 2 6 1 6 1 1 1 1 6 1 4 4 4 3 9 9 3 9 9 9 9 9 9 9 2 9 1 9 1 2 3 5 1 9 7 1 2 5 2 3 8 3 . . . . . . . . . 2 3000
1 2 0 1 6 1 8 4 6 8 1 8 9 11 2 9 3 3 1 1 9 9 8 7 15 9 4 4 5 7 . 3 1 . . 4 1 . 1 2 1 6 1 9 9 9 9 . . . 1 . . 3 10 10 10 10 . . . 9 . . 9 2 9 1 9 1 1 5 5 5 1 1 9 2 5 4 3 8 8 . . . . . . . . . 2 .
0 1 0 4 5 1 8 7 5 8 1 8 2 6 6 1 4 3 1 1 9 9 1 3 2 2 5 3 6 5 5 3 2 . . 5 6 . 1 7 2 6 1 1 . . 6 9 . . 1 9 1 5 3 . . 9 10 . . 9 10 9 9 4 9 1 9 2 3 1 1 1 9 7 4 . 6 2 9 7 9 . . . . . . . . . 2 110000
1 2 7 0 0 6 8 1 1 12 2 12 3 9 3 9 1 1 1 1 1 9 . . . . 3 1 1 3 . 2 1 4 6 . 1 1 1 1 1 2 6 1 9 6 . 8 3 5 1 1 9 9 9 10 9 . 9 9 9 9 9 10 10 1 9 1 9 1 1 . . . . 7 4 6 5 2 3 8 3 5 2 11 8 5 . . 7 . 2 1600
2 3 5 0 0 3 8 7 2 12 2 12 3 9 4 9 1 1 1 1 2 9 7 8 15 9 3 1 1 2 2 3 1 1 5 2 1 1 1 1 1 2 6 9 8 8 9 1 1 6 1 1 9 9 10 9 9 10 3 9 9 9 9 10 10 4 9 1 9 4 3 5 5 1 9 7 1 4 5 2 3 8 3 5 2 4 8 4 . . 4 . 2 200
4 3 3 0 0 6 8 7 2 9 1 8 9 11 3 9 3 3 1 1 9 9 7 8 15 9 4 1 1 2 . 3 1 . 5 3 1 2 1 1 1 1 1 9 9 1 6 . 2 5 1 2 9 9 10 10 9 9 . 9 9 9 9 10 10 2 9 1 9 1 1 1 2 . . . . . 2 1 11 4 8 1 2 11 5 4 . . . . 1 8600
5 3 2 0 0 6 8 2 2 11 2 11 1 10 . . 1 1 1 1 1 9 7 8 15 9 4 1 1 2 . 2 1 . 5 3 1 1 1 1 1 1 6 9 4 4 9 9 1 5 1 2 9 9 10 9 9 10 10 9 9 9 9 10 10 1 9 1 9 1 1 7 5 . . . . . 2 2 11 2 8 . . . . . . . . . 2 .
0 1 0 2 7 6 8 1 1 6 2 6 9 11 1 9 1 1 4 4 9 9 8 7 15 9 1 6 6 7 4 3 1 2 . 3 1 1 1 7 1 7 3 9 9 8 6 9 . . 1 9 . 1 10 10 9 9 10 . . 9 10 . 9 1 9 1 9 1 1 6 5 7 1 5 1 . 5 2 9 7 9 . . . . . . . . . 2 327
0 1 1 1 7 1 8 5 5 8 1 8 9 11 6 1 4 4 1 1 9 9 8 7 15 9 . . . . . . . . . . . . . . . 9 1 . . . . . . . . . . . . . . . . . . . . . . 2 9 1 9 2 3 1 1 7 4 7 4 . 5 2 . 8 8 2 2 . 4 8 . . . . 2 .
1 0 3 1 5 1 2 8 6 8 1 8 9 11 2 9 3 3 1 1 9 9 8 7 15 9 4 3 5 8 . 4 2 2 . 6 4 1 1 3 1 6 1 1 9 . 8 1 . 1 1 1 . 5 3 10 . 9 9 . 9 9 9 . 9 2 9 1 9 4 2 4 5 7 4 . . . 6 2 2 8 8 . . . . . . . . . 2 435000
1 0 0 2 7 1 8 7 5 8 1 8 9 11 3 9 4 1 1 1 9 9 10 1 15 9 . 3 6 7 . 3 3 4 . . 6 . 1 7 2 6 1 1 . 1 . . . . . . . 2 3 . 3 . . . . . . . 9 4 9 2 9 4 3 . . 7 1 4 1 2 6 2 9 7 9 2 2 9 4 8 . . . . 2 360000
0 1 0 2 7 1 8 8 5 8 1 8 9 11 2 9 4 3 1 1 9 9 8 7 15 9 . 3 6 7 . 3 1 . . . . 1 1 3 1 6 1 . . . . . . . . . . . . . . . . . . . . . . 1 9 1 9 3 2 . . . . . . . 2 2 9 4 8 5 2 9 9 8 . . . . 2 4000
0 1 2 1 6 1 8 5 5 . . . . . 6 1 4 4 1 1 9 9 . . . . . 3 5 7 . . . 2 . . 10 . 1 3 1 6 1 1 9 . 6 . . . . 4 . 5 3 10 . 9 . . . . 9 . 9 1 9 1 9 3 2 6 5 . . . . . 2 2 2 4 8 2 2 2 2 8 . . . . . 80000
1 1 0 4 4 1 8 5 5 8 1 8 2 6 3 9 4 4 1 1 9 9 . . . . . 6 6 6 . 3 2 . . . 10 . 1 7 2 8 1 1 . . 6 . . . 1 9 2 5 3 . . 9 . . . 9 10 9 9 2 9 2 9 1 1 . . 7 1 7 4 5 2 2 2 4 8 . . . . . . . . . 2 40000
0 0 0 3 7 1 8 5 5 8 1 8 9 11 . . 6 6 1 1 9 9 . . . . . 5 6 5 . 2 2 1 . . 1 . 1 7 2 7 1 1 . 1 6 . . . . 9 4 4 3 . 3 3 . . . . 10 9 9 . . 2 9 . . 1 1 7 4 7 4 . 2 2 7 4 8 . . . . . . . 3 . 2 3500
0 0 0 3 7 1 8 8 5 8 1 8 9 11 3 9 3 1 1 1 9 9 10 1 15 9 . 3 6 7 . 3 3 4 . . 3 . 1 7 2 6 1 . . . . . . . . . . . . . . . . . . . . . . 2 9 3 9 3 2 6 5 7 1 5 1 2 2 2 9 4 8 . . . . . . . . . 2 50000
1 2 1 1 5 1 8 5 5 1 1 1 9 10 4 9 1 1 3 3 9 9 13 2 12 1 5 3 5 7 . 3 2 . . . . 5 1 3 1 6 3 . . . . . . 3 1 . . 5 . . . . . . 9 9 . . 9 1 9 1 9 4 2 2 4 3 4 3 4 . 5 2 2 9 8 . . . . . . . 3 . 2 .
0 0 0 4 6 7 6 1 1 10 1 10 9 11 3 9 1 1 1 1 2 9 . . . . 3 5 6 7 7 2 5 4 8 . 1 . 3 7 2 7 6 1 6 1 1 1 3 9 1 1 2 2 3 9 3 3 3 9 10 9 9 3 9 5 2 1 9 1 2 6 5 7 3 7 1 3 5 2 3 9 8 5 3 1 8 8 . . . . 2 921000
0 1 1 1 7 1 8 4 6 2 1 8 9 11 2 9 3 3 1 1 9 9 8 7 15 9 . 4 5 6 . 3 1 1 2 . 1 5 1 2 1 6 1 9 9 9 9 9 . . 1 1 6 3 10 10 10 10 10 . . 9 9 9 9 2 9 1 9 1 1 1 1 7 1 7 1 6 5 4 3 8 8 . . . . . . . . . 1 9000
0 2 0 3 5 1 8 6 5 8 1 8 9 11 . . 1 1 4 4 9 9 . . . . . 3 6 5 . 3 2 . . . 10 . 1 7 2 6 3 . . . . . . . . . . . . . . . . . . . . . . 1 9 1 9 3 3 . . 3 . 3 . . 5 2 2 7 9 . . . . . . . . . 2 80000
1 4 5 0 0 2 1 7 6 9 1 10 2 6 3 9 1 1 6 6 9 9 7 8 15 9 5 1 1 7 . 3 1 1 5 . 1 3 1 1 1 2 3 9 9 6 9 3 1 6 1 1 9 9 10 10 9 10 9 9 9 9 9 10 10 4 9 1 9 1 1 1 1 1 9 1 9 2 5 1 3 8 4 . . . . . . . 5 . 1 650
2 3 5 0 0 1 8 8 6 12 2 12 3 9 4 9 1 1 1 1 1 9 7 8 15 9 4 1 1 3 . 3 1 1 5 . 1 1 1 1 1 2 6 9 6 4 9 1 1 6 1 1 9 9 10 9 9 10 9 9 9 9 9 10 10 2 9 1 9 4 3 9 9 . . 7 1 2 5 2 11 6 3 . . . . . . . 7 . 2 .
5 3 2 0 0 6 8 8 2 8 1 8 9 11 . . 6 6 1 1 9 9 . . . . . 1 1 3 3 3 1 . 5 . 1 . 1 1 1 1 1 9 8 1 9 9 . 6 1 . 9 9 10 9 9 10 10 . 9 9 . 10 10 2 9 1 9 1 1 1 1 1 9 5 . . 2 2 11 2 8 5 1 8 9 8 . . . . 2 2000
0 1 0 1 8 6 8 1 1 6 2 6 9 11 3 9 1 1 1 1 1 9 8 7 15 9 3 . . . . . . . . . . . . . . 9 6 . . . . . . . . . . . . . . . . . . . . . . . . . . . . . . . . . . . . . . . . . . . . . . . . . 2 350
0 2 1 1 6 1 8 5 5 8 1 8 9 11 . . 4 4 1 1 9 9 . . . . 4 3 5 7 . 2 3 . . . 10 3 1 3 1 6 1 . . . . . . . . . . . . . . . . . . . . . . 4 9 1 9 2 3 1 2 6 4 6 4 . 5 2 . 8 8 . . . . . . . . . 2 .
0 1 1 1 7 1 8 8 6 10 1 10 9 1 2 9 1 1 1 1 5 9 8 7 15 9 . 3 5 7 6 4 2 . . . 2 1 1 7 1 6 5 . . . . . . . . . . . . . . . . . . . . . . 2 9 1 9 3 3 1 2 . . . . . 6 2 9 8 8 . . . . . . . . . 2 193000
0 1 1 2 6 1 8 8 6 8 1 8 9 11 2 9 4 3 1 1 9 9 1 3 1 1 5 3 6 7 . 3 2 . . . 10 . 1 7 2 6 1 1 . 1 8 . . . . . 1 2 3 . 3 9 . . . . . 9 9 . . 2 9 3 2 . . 6 4 7 1 . 2 2 9 4 8 5 2 9 7 9 . . . . 2 300000
0 1 1 1 7 3 8 8 . 1 1 1 9 10 3 9 1 1 3 3 9 9 1 3 1 1 1 3 6 7 . 3 1 . . . 3 . 1 3 1 6 3 . . . . . . . . . . . . . . . . . . . . . . 1 9 1 9 3 3 2 3 2 4 2 4 . 2 2 9 4 8 . . . . . . . . . 2 1700
0 1 2 1 6 1 8 5 5 8 1 8 9 1 6 1 4 4 1 1 9 9 . . . . 6 3 5 7 . 2 1 2 . . 1 . 1 3 1 6 1 1 9 . 6 8 . . 1 . . 5 3 10 . 9 9 . . 9 . . 9 1 9 1 9 4 3 1 1 7 4 7 4 . 2 2 2 4 8 2 2 4 4 8 . . . . 2 115000
0 1 0 3 6 1 8 5 5 8 1 8 9 11 3 9 4 4 1 1 9 9 8 7 15 9 5 5 6 5 . 2 2 2 . . 6 . 1 7 2 7 1 1 . . 6 . . 4 1 9 3 5 3 . . 9 . . 9 9 10 9 9 1 9 . . 1 1 7 5 6 4 6 4 . 2 2 3 4 8 . . . . . . . . . 2 20000
0 0 0 2 8 1 8 . . 8 1 8 9 11 . . 4 4 1 1 9 9 . . . . . 5 6 5 . . 3 1 . 4 1 . 1 7 2 7 1 . . . . . . . . . . . . . . . . . . . . . . . . 2 9 . . 1 1 . . . . . 2 2 . 4 8 . . . . . . . 3 . 2 7000
1 0 0 3 6 1 7 7 5 8 1 8 9 11 2 9 3 1 1 1 9 9 10 1 8 1 5 6 6 7 8 3 4 4 . 5 5 2 1 7 2 7 1 1 3 1 1 . 1 . 1 1 2 2 3 9 3 9 . 9 . 9 9 9 9 5 4 2 9 3 2 1 2 4 1 4 1 3 2 2 9 4 8 . . . . . . . 6 . 2 260000
0 2 2 1 5 1 8 5 5 1 1 1 9 10 3 9 1 1 4 4 9 9 8 7 15 9 . 3 5 6 . 2 2 . . . 4 2 1 3 1 6 3 . . . . . . . . . . . . . . . . . . . . . . 1 9 1 9 4 3 2 4 . . . . . 5 2 . 8 8 . . . . . . . . . 2 .
0 0 0 1 9 1 7 1 1 7 2 12 3 9 4 9 4 3 4 3 2 9 7 8 15 9 6 5 6 7 4 2 5 4 8 . 1 . 3 7 2 7 7 9 6 8 . 1 1 6 1 1 5 2 10 9 3 . 3 9 9 9 9 9 9 2 3 1 9 1 1 6 5 7 2 7 2 6 5 3 3 8 3 5 3 3 8 3 . . . . 1 504000
1 2 0 1 6 5 1 2 2 8 1 8 9 11 2 9 3 3 1 1 9 9 11 6 10 5 5 4 5 7 3 4 1 . . 5 1 5 1 2 1 6 1 9 9 9 9 9 . . 1 . . 2 10 10 10 10 10 . . 9 . . 9 1 9 1 9 1 1 7 5 7 1 . . . 2 2 11 3 8 . . . . . . . . . 2 600
0 0 0 5 5 1 8 7 5 8 1 8 9 11 6 1 4 4 1 1 9 9 8 7 15 9 4 5 6 5 . 3 1 . . . 6 2 1 7 2 8 1 1 9 . 6 . . . . 9 2 5 3 10 . 9 . . . . 10 9 9 1 9 2 9 1 1 9 9 7 1 7 1 . 6 1 . 7 9 . . . . . . . . . 2 145000
6 3 1 0 0 6 8 1 1 9 2 2 9 11 . . 1 1 1 1 1 9 7 8 15 9 . 1 1 2 1 2 1 1 5 . 1 1 1 1 1 1 6 9 9 4 9 1 3 6 1 1 9 9 10 10 9 10 9 9 9 9 9 10 10 1 9 1 9 1 1 . . 1 9 1 9 . 2 2 11 2 8 5 2 8 7 8 . . . . 1 200
1 5 4 0 0 1 8 2 2 9 1 1 2 2 4 9 1 1 4 4 9 9 . . . . . 1 1 3 . 3 1 2 5 5 1 2 1 1 1 3 3 9 9 6 9 8 1 . 1 1 9 9 10 10 9 10 9 9 . 9 9 10 10 2 9 1 9 4 3 2 4 . . 3 1 4 5 2 3 8 4 . . . . . . . 5 . 1 50
3 3 4 0 0 4 8 7 6 12 2 12 3 9 4 9 1 1 1 1 1 9 7 8 15 9 4 1 1 3 1 3 1 1 5 . 1 1 1 1 1 2 6 9 8 8 9 1 1 5 1 1 9 9 10 9 9 10 9 9 9 9 9 10 10 4 9 1 9 4 3 7 5 1 9 1 9 2 2 1 11 9 9 5 2 3 6 3 . . . . 2 1700
5 3 2 0 0 1 8 1 1 9 1 10 9 11 3 9 1 1 1 1 1 9 . . . . 4 1 1 2 . 2 1 . 5 . 1 . 1 1 1 1 6 9 9 1 . . . . 1 . 9 9 10 10 9 . . . . 9 . 10 10 2 9 1 9 1 1 5 5 . . 1 9 . 2 2 11 2 7 . . . . . . . . . 1 .
5 2 3 0 0 6 8 2 2 9 3 9 9 11 3 9 1 1 1 1 1 9 7 8 15 9 4 1 1 2 1 2 1 1 5 4 1 1 1 1 1 1 6 9 9 2 9 9 3 5 1 1 9 9 10 10 9 10 10 9 9 9 9 10 10 1 9 1 9 1 1 7 5 1 9 1 9 . 2 2 11 2 7 . . . . . . . 1 . 2 700
0 1 0 0 9 6 8 7 1 2 2 2 9 6 1 9 1 1 4 4 9 9 8 7 15 9 3 . . . . . . . . . . . . . . 9 3 . . . . . . . . . . . . . . . . . . . . . . . . . . . . . . . . . . . . . . . . . . . . . . . . . 2 900
0 0 5 1 4 1 8 5 5 8 1 8 9 11 6 1 6 4 1 1 9 9 . . . . . 3 5 7 . 3 1 . . . 10 . 1 3 1 2 1 . . . . . . . . . . . . . . . . . . . . . . . . 1 9 3 3 1 2 . . . . . 5 2 . 8 8 . . . . . . . . . 2 25000
0 0 2 1 7 5 1 5 5 8 1 8 9 11 3 9 3 3 1 1 9 9 8 7 15 9 . 3 6 7 . 3 1 . . . 10 . 1 3 1 6 1 . . . . . . . . . . . . . . . . . . . . . . 2 9 1 9 3 2 6 5 6 4 6 4 . . . . . . . . . . . . . . . 2 7600
1 1 0 1 7 1 8 8 6 8 1 8 2 6 2 9 4 1 1 1 9 9 10 1 15 9 . 3 5 7 . 4 2 4 . . 3 2 1 3 1 6 1 1 . . . . . . 1 9 . 2 3 . . . . . . 9 10 . 9 2 9 . . 3 2 . . 4 1 4 1 . 6 2 9 7 9 . . . . . . . . . 2 160000
0 1 0 1 8 1 8 . . 9 1 8 9 11 2 9 3 3 1 1 9 9 1 3 2 2 . 3 6 7 . 3 1 . . . . . 1 3 1 6 1 . . . . . . . . . . . . . . . . . . . . . . . . . . . . . . 6 4 6 4 . . . . . . . . . . . . . . . 1 1000
0 2 1 1 6 1 8 5 5 8 1 8 9 11 6 1 4 4 1 1 9 9 . . . . 3 3 6 5 . 2 2 . . . 5 . 1 3 1 6 1 . . . . . . . . . . . . . . . . . . . . . . . . . . 3 3 . . . . . . 1 2 2 9 4 8 . . . . . . . 6 . 2 50000
0 2 0 4 4 1 8 5 5 8 1 8 9 11 6 1 3 3 1 1 9 9 . . . . 6 3 6 6 . 3 2 . . . 10 . 1 7 2 8 1 . . . . . . . . . . . . . . . . . . . . . . . . . . 1 1 . . . . . . . 2 2 11 3 8 5 2 2 7 9 . . . . 2 24000
1 0 1 2 6 . . 2 2 8 1 8 9 11 3 9 4 4 1 1 9 9 8 7 15 9 . 3 6 5 . 2 3 2 . . 10 . 1 7 2 6 1 . . . . . . . . . . . . . . . . . . . . . . 3 9 2 9 . . . . . . . . 2 2 2 7 4 8 2 2 11 3 8 . . . . 2 .
0 1 1 2 6 1 2 8 5 8 1 8 9 1 2 9 4 3 1 1 9 9 8 7 15 9 1 5 6 7 . 4 3 . . . . . 1 7 1 7 1 . . . . . . . . . . . . . . . . . . . . . . . . 2 9 3 3 3 5 6 4 3 4 . 2 2 9 4 8 . . . . . . . . . 2 11000
0 1 1 1 7 3 8 5 5 1 1 1 9 11 6 1 1 1 4 4 9 9 1 3 15 9 5 3 6 4 . 3 2 2 . . 6 3 1 3 1 6 3 . . . . . . . . . . . . . . . . . . . . . . 1 9 1 9 . . 2 3 2 . 2 . . 5 2 2 8 8 . . . . . . . 5 . 2 .
1 1 1 2 7 7 6 1 1 10 1 10 9 11 . . 1 1 1 1 2 9 7 8 15 9 2 5 6 7 2 3 5 4 8 2 1 1 3 7 2 7 6 1 6 1 1 1 1 5 1 1 5 5 3 9 3 3 3 9 9 9 3 9 9 2 9 1 9 1 2 6 5 7 3 7 1 4 5 3 3 8 3 5 2 3 8 8 . . . . 2 32773
2 1 1 1 5 5 8 1 1 8 1 8 9 11 2 9 4 4 1 1 9 9 1 3 15 9 4 4 5 6 . 3 1 . . . 1 . 1 2 1 6 1 9 9 . . . . 1 1 1 . 6 10 10 . . . . 9 9 9 . 9 1 9 1 9 1 1 9 9 1 9 1 9 . 5 . . . . . . . . . . . . . 2 .
0 1 1 1 7 1 2 5 5 5 3 5 9 11 2 9 1 1 4 3 9 9 1 3 15 9 5 3 6 6 . 3 1 . . . 5 . 1 3 1 6 3 1 9 . 8 8 . . . . . 5 3 10 . 9 9 . . . . . 9 1 9 1 9 3 3 3 5 2 1 2 1 . 2 2 . 4 8 5 2 . 8 8 . . . . 2 40000
1 5 4 0 0 2 8 5 3 9 1 10 9 11 . . 1 1 1 1 1 9 12 5 15 9 4 1 1 2 . 2 1 4 5 . 1 . 1 1 1 3 6 9 9 6 9 8 . . 1 1 9 9 10 10 9 10 9 . . 9 9 10 10 1 9 1 9 1 1 7 5 1 9 . . . 2 2 11 4 8 . . . . . . . 2 . 1 160
1 2 7 0 0 1 8 7 2 12 2 12 3 9 4 9 1 1 1 1 1 9 8 7 15 9 5 1 1 7 . 3 1 . 5 . 1 2 1 1 1 2 6 9 9 . 9 8 2 6 1 2 9 9 10 10 . 10 9 9 9 9 9 10 10 2 9 1 9 4 3 5 5 . . . . . 5 1 3 8 3 5 2 8 8 8 . . 1 . 2 .
4 1 5 0 0 6 8 8 2 9 1 10 9 11 3 9 3 3 1 1 9 9 . . . . . 1 1 3 . 3 1 . 5 . 1 . 1 1 1 2 1 9 6 1 9 8 . . 1 . 9 9 10 9 9 10 9 . . 9 . 10 10 2 9 1 9 1 1 1 1 . . 5 . . 2 2 11 2 8 . . . . . . . . . 1 1800
6 3 1 0 0 6 8 2 2 2 2 2 9 11 . . 1 1 1 1 1 9 7 8 15 9 . 1 1 2 . 2 1 . 5 4 1 . 1 1 1 1 6 9 4 5 9 9 4 5 1 1 9 9 10 9 9 10 10 9 9 9 9 10 10 1 9 1 9 1 1 7 5 . . 1 . . 2 2 11 2 7 2 2 11 4 4 . . . . 2 800
0 1 4 1 4 1 8 8 5 8 1 8 9 11 3 9 4 4 1 1 9 9 . . . . . 3 5 7 4 3 2 2 5 . 4 . 1 3 1 8 1 . 9 8 6 8 . . 1 4 . 5 . 10 9 9 9 . . 9 9 . 9 2 9 1 9 4 3 . . 7 4 7 4 . 5 2 7 8 8 5 4 7 8 8 . . 6 . 2 125000
1 1 0 2 6 2 3 8 5 8 1 8 9 11 2 9 3 3 1 1 9 9 12 5 15 9 6 5 6 7 . 3 2 3 . 4 1 . 1 3 1 7 1 1 1 1 6 8 . . 1 . . 2 3 9 3 9 9 . . 9 . . 9 . . . . 3 2 1 1 . . . . 2 2 2 9 4 8 . . . . . . . 3 . 2 200000
1 0 2 2 5 1 8 8 6 8 1 8 9 11 2 9 . . . . . . . . . . . 5 6 7 7 4 2 4 . . 10 . 1 7 2 7 . . . . . . . . . . . . . . . . . . . . . . . 5 9 . . 4 2 . . 6 4 . . . 6 2 9 7 9 . . . . . . . . . 2 .
0 1 1 2 6 1 2 8 2 4 1 4 9 11 . . 3 1 3 3 . . 12 5 15 9 1 3 6 7 . 4 2 . . . 6 . 1 3 1 6 2 . . . . . . . . . . . . . . . . . . . . . . 1 9 1 9 3 2 . . 7 1 2 1 . 2 2 . 4 8 . . . . . . . . . 2 20000
0 2 0 1 7 1 8 5 5 8 1 8 9 11 2 9 3 3 1 1 9 9 7 8 15 9 . 3 4 7 4 3 2 2 . . 5 2 1 3 1 6 1 1 9 9 6 . . 1 1 2 . 5 3 10 10 9 . . 9 9 9 . 9 1 9 1 9 3 3 3 5 6 4 7 1 6 2 2 3 4 8 5 2 3 8 8 . . . . 2 5500
0 1 0 7 2 1 2 5 5 8 1 8 9 11 4 9 4 4 1 1 9 9 8 7 15 9 . 3 6 2 . 3 2 . . . 5 . 1 7 2 4 1 1 . . . . . . 1 9 2 1 3 . . . . . . 9 10 9 9 1 9 2 9 1 1 1 1 7 4 7 4 2 2 2 2 7 2 . . . . . . . . . 2 20000
0 0 0 3 7 1 8 2 2 8 1 8 9 11 . . 4 4 1 1 9 9 8 7 15 9 . 5 5 5 . 2 2 2 . . 1 . 1 7 2 7 1 9 9 1 5 . . . 9 9 1 2 10 10 3 9 . . . 10 10 9 9 4 9 2 9 . . . . 7 4 7 4 . 2 2 2 4 8 . . . . . . . 3 . 2 5000
0 0 0 2 8 1 2 8 5 8 1 8 9 1 6 1 3 3 3 3 9 9 8 7 15 9 4 5 6 7 . 3 2 . . . 10 . 1 4 1 7 2 . . . . . . . . . . . . . . . . . . . . . . . . . . . . 1 2 . . . . . 2 2 9 4 8 . . . . . . . . . 2 8000
0 2 4 1 3 1 8 5 5 4 1 4 9 11 4 9 1 1 4 4 9 9 1 3 1 1 5 3 6 7 . 3 2 . . . . . 1 7 1 2 3 1 8 . 8 . . . 1 1 . 5 3 9 . 9 . . . 9 9 . 9 . . 1 9 . . 2 4 3 4 3 4 . 5 2 8 9 8 . . . . . . . 3 . 2 40000
0 0 2 1 7 6 6 1 1 10 1 10 9 11 3 9 1 1 1 1 1 2 7 8 15 9 2 5 6 7 2 2 5 4 . . 1 . 3 7 2 7 6 1 6 1 . 1 1 5 1 4 2 2 3 9 3 . 3 9 9 9 3 9 9 2 9 1 9 1 1 6 5 7 1 7 1 3 5 3 3 8 8 . . . . . . . . . 2 1000
1 1 1 1 6 5 8 2 2 10 1 10 9 11 2 9 3 3 3 3 9 9 8 7 15 9 . 4 5 7 . 3 1 1 . . 1 5 1 2 1 6 2 9 9 . 6 1 1 . 1 1 . 5 10 10 . 9 9 9 . 9 9 . 9 2 9 1 9 1 1 5 5 2 . 7 . 2 5 4 7 8 8 . . . . . . . 8 . 2 1300
0 1 1 2 6 1 8 5 5 5 3 5 1 10 . . 1 1 4 4 9 9 . . . . . 3 6 6 . 2 1 2 . . 6 . 1 7 2 6 3 1 . . 8 . . . 1 1 . 5 3 . . 9 . . . 3 9 . 9 1 9 1 9 4 3 . . 2 1 2 1 . 2 2 . 4 8 5 2 . 8 8 . . . . 2 135000
3 5 2 0 0 6 8 2 2 9 3 9 9 11 1 9 1 1 1 1 1 9 . . . . . 1 1 2 1 2 1 1 . . 1 . 1 1 1 3 6 9 9 6 9 8 6 5 1 . 9 9 10 10 9 10 9 9 9 9 . 10 10 1 9 1 9 1 1 . . 1 9 1 9 1 2 2 11 4 8 . . . . . . . . . 2 380
1 3 6 0 0 1 8 7 2 12 2 12 3 9 4 9 1 1 1 1 1 9 12 5 15 9 5 1 1 7 . 3 1 . 5 . 1 2 1 1 1 2 6 9 9 . 9 8 . . . . 9 9 10 10 . 10 9 . . . . 10 10 2 9 1 9 4 3 5 5 . . 7 1 . 5 1 3 8 3 . . . . . . . . . 2 .
4 2 4 0 0 6 8 2 2 9 1 8 9 11 6 1 6 6 1 1 9 9 8 7 15 9 . 1 1 3 . 2 1 2 5 . 1 . 1 1 1 8 1 9 9 1 9 8 . 6 1 . 9 9 10 10 9 10 9 . 9 9 . 10 10 2 9 1 9 1 1 1 1 . . 7 1 . 2 2 11 2 8 . . . . . . . . . 1 5000
6 3 1 0 0 6 8 2 2 9 2 2 9 11 3 9 1 1 1 1 1 9 7 8 15 9 4 1 1 2 1 2 1 . 5 2 1 1 1 1 1 1 6 9 1 1 6 9 1 5 1 8 9 9 10 9 9 9 10 9 9 9 9 10 10 1 9 1 9 1 1 1 1 1 9 . . . 2 2 11 2 8 2 2 11 4 8 . . . . 1 125
0 0 7 1 2 1 8 8 5 8 1 8 9 11 6 2 4 4 1 1 9 9 8 7 15 9 4 3 4 7 . 3 2 . . . 10 . 1 3 1 2 1 1 . . 6 8 . 1 1 2 . 5 3 . . 9 9 . 9 9 9 . 9 1 9 1 9 4 3 1 2 7 1 6 1 6 5 2 8 9 8 . . . . . . . . . 2 .
0 1 1 1 7 1 8 7 5 8 1 8 9 11 3 9 4 1 1 1 9 9 7 8 15 9 . 3 5 5 . 3 2 . . . 5 2 1 3 1 6 1 . . . . . . . . . . . . . . . . . . . . . . 1 9 1 9 3 2 . . 7 4 7 4 . 2 2 9 4 8 . . . . . . . . . 2 200000
1 1 0 1 7 3 8 8 6 8 1 8 9 11 2 9 3 3 1 1 9 9 . . . . . 5 6 7 6 3 1 . . . 3 . 1 3 1 7 1 . . . . . . . . . . . . . . . . . . . . . . . . . . . . . . 6 4 7 4 . 6 2 9 7 9 . . . . . . . . . 2 95000
0 0 0 2 8 2 8 8 1 9 3 5 1 4 . . 1 1 4 4 9 9 . . . . 1 3 6 7 . 4 1 . . . . . 1 3 1 6 3 . . . . . . . . . . . . . . . . . . . . . . 1 9 1 9 3 3 2 3 3 1 3 1 . 2 2 . 4 8 . . . . . . . . . 1 5000
0 1 0 3 6 1 8 2 2 8 1 8 9 11 4 9 4 3 1 1 9 9 8 7 15 9 . 3 6 7 . 2 2 2 . . 5 1 1 7 2 6 1 1 9 . 6 . . 6 1 1 1 4 3 10 . 9 . . 9 9 9 9 9 1 9 1 9 . . 1 1 7 4 7 1 2 2 2 11 3 8 . . . . . . . . . 2 150000
0 1 0 9 0 1 8 5 5 8 1 8 3 9 6 1 5 5 1 1 9 9 . . . . . 1 1 1 1 2 3 . . 5 6 5 1 7 2 4 1 . . . . . . . . . . . . . . . . . . . . . . 1 9 . . 1 1 9 9 1 9 7 4 6 2 2 11 2 5 . . . . . . . 1 . 2 30000
0 0 0 2 8 1 8 2 2 8 1 8 9 11 . . 4 4 1 1 9 9 . . . . . 5 5 5 . 2 4 3 . . 3 . 3 7 2 7 1 1 1 1 6 . . . 1 . . 2 3 9 3 9 . . . 3 . . 9 4 9 2 9 4 2 1 1 7 1 7 1 . 2 2 2 4 8 . . . . . . . . . 2 .
1 0 1 2 6 1 8 7 5 8 1 8 9 11 6 1 3 3 1 1 9 9 . . . . 4 . . . . . . . . . . . . . . 9 1 . . . . . . . . . . . . . . . . . . . . . . . . . . . . 1 2 . . 7 1 6 2 2 9 4 8 . . . . . . . . . 2 21000
0 1 1 0 8 1 8 7 5 1 1 1 9 10 4 9 1 1 4 4 9 9 6 4 15 9 . . . . . . . . . . . . . . . 9 3 . . . . . . . . . . . . . . . . . . . . . . . . . . 3 2 . . 3 2 3 2 . 5 2 . . . . . . . . . . . . 2 .
0 0 3 1 6 6 8 2 2 8 1 8 2 6 2 9 3 3 1 1 9 9 8 7 15 9 4 4 5 6 . 3 1 1 . . 1 5 1 2 1 6 1 9 9 . . 1 1 . 1 2 . 5 10 10 . . 9 9 . 9 9 . 9 1 9 1 9 1 1 1 1 7 4 . . . 5 4 . . . . . . . . . . . . 2 3500
0 0 2 2 6 1 8 5 5 8 1 8 9 11 . . 1 1 1 1 4 9 10 1 15 9 4 3 5 7 . 2 4 4 . . 6 . 1 7 2 6 5 1 9 9 1 1 1 . 1 3 2 4 3 10 10 9 3 3 . 9 9 9 9 4 9 . . 4 2 6 5 4 1 4 1 . 5 2 8 9 8 . . . . . . . 5 . 2 100000
0 6 4 0 0 6 8 2 2 9 1 10 9 11 3 9 1 1 1 1 1 9 8 7 15 9 4 1 1 2 1 2 1 1 5 2 1 1 1 1 1 3 6 9 9 6 9 1 6 . 1 1 9 9 10 10 9 10 9 9 . 9 9 10 10 1 9 1 9 1 1 7 5 1 9 6 1 6 2 2 11 4 8 . . . . . . . . . 1 .
4 3 3 0 0 1 8 7 6 10 1 10 9 11 4 9 1 1 1 1 1 9 8 7 15 9 8 1 1 2 . 3 1 . 2 . 1 . 1 1 1 1 6 9 . 8 9 8 . 6 1 . 9 9 10 . 9 10 9 . 9 9 . 10 10 2 9 1 9 3 3 9 9 . . 1 . 1 5 2 3 8 3 . . . . . . . 2 . 2 27
6 4 0 0 0 1 8 7 6 8 1 8 9 11 6 1 6 6 1 1 9 9 7 8 15 9 5 1 1 2 . 3 1 2 5 . 1 . 1 1 1 1 1 9 9 1 8 9 . . 1 . 9 9 10 10 9 9 10 . . 9 . 10 10 1 9 1 9 1 1 1 1 . . 7 1 . 2 2 11 4 8 . . . . . . . . . 2 100
5 4 1 0 0 3 8 7 2 9 2 12 3 9 4 9 1 1 1 1 1 9 7 8 15 9 4 1 1 2 . 3 1 2 5 5 1 1 1 1 1 1 6 9 9 . 6 . 1 6 1 1 9 9 10 10 . 9 . 9 9 9 9 10 10 1 9 1 9 1 1 1 1 1 9 1 9 3 5 2 11 8 8 2 1 11 4 7 . . 1 . 1 1000
0 0 0 1 9 1 8 5 5 8 1 8 9 11 6 1 3 3 1 1 9 9 . . . . . 3 4 7 3 2 1 . . . 5 . 1 3 1 6 1 . . . . . . . . . . . . . . . . . . . . . . 1 9 3 9 1 1 . . 5 1 5 1 . 5 2 3 8 8 . . . . . . . . . 2 .
0 1 1 1 7 1 2 8 5 8 1 8 9 11 . . 4 4 1 1 9 9 . . . . . 3 5 . 7 3 4 . . . 3 . 1 7 1 6 1 . . . . . . . . . . . . . . . . . . . . . . . . . . 3 2 . . 6 4 6 4 1 2 2 9 4 8 . . . . . . . . . 2 200000
0 1 0 2 7 2 3 8 5 8 1 8 9 11 2 9 3 3 1 1 9 9 . . . . . 3 6 5 4 4 1 . . . 6 . 1 3 1 6 1 1 8 1 6 . . 6 1 5 . 2 3 9 3 3 . . 9 9 9 . 9 1 9 2 9 3 3 1 2 6 4 6 4 . 5 2 9 7 9 . . . . . . . . . 2 240000
0 0 0 3 7 1 2 8 5 9 1 1 9 10 2 9 1 1 4 3 9 9 8 7 15 9 1 5 6 6 . 3 1 . . . 1 3 1 7 1 7 3 1 . . . . . . 1 . 1 2 3 . . . . . . 9 . 9 9 1 9 1 9 . . 9 9 3 4 3 4 . 2 2 9 4 8 . . . . . . . . . 1 12000
0 0 2 2 6 1 5 5 5 8 1 8 9 11 6 1 4 4 1 1 9 9 . . . . . 3 4 7 . 2 2 2 2 6 6 1 1 3 2 6 1 1 9 . 6 8 . . 1 1 . 5 3 10 . 9 9 . . 9 9 . 9 1 9 2 9 . . 1 1 7 1 7 1 3 2 2 3 4 8 . . . . . . . . . 2 19000
0 0 0 6 4 1 8 7 5 8 1 8 2 6 . . 4 3 1 1 9 9 . . . . . . . . . . . . . . . . . . . 4 1 . . . . . . . . . . . . . . . . . . . . . . . . . . . . . . . . . . . . . . . . . . . . . . . . . 2 60000
1 1 0 2 6 1 8 4 6 8 1 8 9 11 . . 4 4 1 1 9 9 8 7 15 9 3 5 6 5 . 3 5 2 . . 2 . 3 7 2 7 1 1 1 1 6 . . . 1 1 2 . 3 9 3 3 . . . 9 3 9 . 4 9 2 9 4 3 . . 7 4 7 4 2 2 2 2 4 8 3 2 2 9 8 . . 3 . 2 .
0 1 1 2 6 1 8 7 5 9 1 4 2 6 3 9 1 1 4 4 9 9 1 3 15 9 5 3 6 6 4 3 1 3 . 5 1 2 1 7 2 6 3 1 . . 6 . 1 6 1 2 1 5 3 . . 9 . 9 9 9 9 9 9 1 9 1 9 2 2 2 4 3 2 3 2 6 2 2 2 4 8 . . . . . . . 6 . 1 90000
4 1 4 0 1 5 8 7 1 5 3 5 1 10 3 9 1 1 4 3 9 9 . . . . 4 4 4 3 3 3 1 . . . 1 . 1 1 1 8 3 9 9 . 9 8 . 3 1 3 9 . 10 10 . 10 9 . 9 9 9 10 . 1 9 1 9 1 1 . . . . . . . 5 2 7 8 8 . . . . . . . . . 2 8500
0 1 2 1 6 1 8 5 5 8 1 8 3 9 2 9 4 4 3 3 9 9 8 7 15 9 . 3 5 7 . 2 2 4 . . 10 . 1 3 1 6 2 1 . . 8 1 . 6 1 . 2 5 3 . . 9 9 . 9 9 . 9 9 . . . . 3 3 1 2 3 4 3 4 . 5 2 . 1 8 . . . . . . . 4 . 2 112000
0 1 0 3 6 1 8 8 2 8 1 8 9 11 2 9 4 4 3 3 9 9 8 7 15 9 . . . . . . . . . . . . . . . 9 2 1 . . 8 . 2 . 1 . 1 5 3 . . 9 . 9 . 9 . 9 9 . . . . 3 3 9 9 2 . 2 . . 5 2 7 8 7 . . . . . . . . . 2 37000
2 5 3 0 0 6 8 7 2 11 2 11 1 10 3 9 1 1 1 1 1 9 10 1 15 9 . 1 1 2 . 2 1 1 5 . 1 1 1 1 1 3 6 9 9 6 9 1 6 6 1 4 9 9 10 10 9 10 9 9 9 9 9 10 10 1 9 1 9 1 1 7 5 . . 1 9 4 2 2 11 4 5 3 1 11 2 4 . . 7 . 2 .
3 2 5 0 0 1 8 4 6 8 1 8 2 6 6 1 3 3 1 1 9 9 6 4 5 2 5 1 1 3 . 2 1 . 5 . 1 . 1 1 1 2 1 9 9 . 9 1 . . 1 1 9 9 10 10 . 10 9 . . 9 9 10 10 2 9 1 9 2 3 5 5 . . 7 1 3 5 1 3 8 3 . . . . . . . 7 . 2 .
6 4 0 0 0 6 8 7 2 8 1 8 3 9 6 1 6 6 1 1 9 9 7 8 15 9 5 1 1 2 . 3 1 2 5 . 1 . 1 1 1 1 1 9 9 1 8 9 . . 1 1 9 9 10 10 9 9 10 . . 9 9 10 10 1 9 1 9 1 1 1 1 . . 1 9 . 5 2 8 8 8 . . . . . . . 1 . 2 750
6 3 0 0 1 6 8 2 2 9 1 10 2 6 3 9 1 1 1 1 1 9 7 8 15 9 4 2 6 2 1 2 1 . 5 . 1 1 1 1 1 1 6 9 8 8 8 9 . 5 1 9 9 . 10 9 9 9 10 . 9 9 10 10 . 1 9 1 9 1 1 1 1 . . 1 9 . 2 1 11 4 8 . . . . . . . . . 1 .
0 3 0 0 7 1 8 5 5 8 1 8 9 11 6 1 4 4 1 1 9 9 . . . . . 3 4 7 4 2 1 . . . 4 2 1 1 1 6 1 1 9 . 8 . . . 1 . . 5 3 10 . 9 . . . 9 . . 9 1 9 1 9 3 3 1 2 . . . . 5 5 2 . 8 8 . . . . . . . . . 2 .
0 1 0 2 7 1 2 7 5 8 1 8 9 11 3 9 4 3 1 1 9 9 . . . . . . . . . . . . . . . . . . . 9 1 . . . . . . . . . . . . . . . . . . . . . . 1 9 1 9 3 2 1 2 7 1 7 1 6 2 2 9 4 8 . . . . . . . . . 2 30000
1 1 0 2 6 1 2 8 6 8 1 8 9 11 2 9 3 3 1 1 9 9 . . . . . 3 6 7 . 4 3 . . . 6 . 1 3 1 6 1 1 1 . 6 . . . 1 . . 2 3 9 . 3 . . . 9 . . 9 1 9 2 9 4 3 1 2 6 4 6 4 2 5 2 9 7 9 . . . . . . . . . 2 154000
0 1 0 2 7 1 2 8 5 9 1 8 9 1 2 9 4 3 1 1 9 9 8 7 15 9 4 5 6 7 4 4 2 . . . 1 . 1 7 1 7 1 1 . . . . . . 1 . . 5 3 . . . . . . 9 . . 9 1 9 1 9 3 3 1 2 7 4 6 4 1 2 2 7 4 8 . . . . . . . . . 1 65000
0 2 0 2 6 1 8 2 2 8 1 8 9 11 . . 4 4 1 1 9 9 . . . . . 3 6 5 . 2 2 2 . . 1 2 1 3 2 6 1 1 . 8 1 . . . 1 . 1 4 3 . 9 9 . . . 9 . 9 9 4 9 1 9 1 1 . . . . . . . 2 2 2 4 8 . . . . . . . . . 2 50000
0 1 0 4 5 1 8 . . 8 1 8 9 11 . . 3 3 1 1 9 9 . . . . . . . . . . . . . . . . . . . 9 1 . . . . . . . . . . . . . . . . . . . . . . . . . . . . . . . . . . . . . . . . . . . . . . . . . 2 7000
0 0 0 3 7 6 8 1 1 10 1 10 2 6 . . 1 1 1 1 1 9 . . . . . 5 6 7 . 2 . 4 . . 2 1 3 7 2 7 6 1 1 1 6 . . . . . 1 1 3 9 9 9 . . . . . 9 9 2 9 1 9 1 1 3 5 . . . . 2 2 2 2 4 8 . . . . . . . 3 . 2 20000
1 1 1 1 6 1 8 5 5 1 1 1 9 11 3 9 1 1 4 4 9 9 . . . . . 3 5 7 . 3 3 2 6 . 5 5 1 3 1 6 3 1 9 9 8 8 . 6 2 2 . 5 3 10 10 9 9 . 9 9 9 . 9 4 9 1 9 3 2 3 5 3 4 3 4 . 5 2 . 9 8 . . . . . . . . . 2 .
1 1 0 1 7 1 8 5 5 8 1 8 9 11 6 2 4 3 1 1 9 9 1 3 1 1 5 4 5 6 3 3 1 2 . 3 1 5 1 2 1 6 1 9 9 9 9 9 1 . 1 . . 5 10 10 10 10 10 9 . 9 . . 9 2 9 1 9 1 1 . . 7 4 . . 6 2 2 3 4 8 . . . . . . . . . 2 10000
0 1 0 2 7 1 8 8 5 8 1 8 9 11 4 9 5 5 1 1 9 9 8 7 15 9 7 3 6 7 . 3 4 1 . . 6 . 1 7 2 6 1 1 . . 8 . . . 1 . 2 5 3 . . 9 . . . 9 . 9 9 1 9 . . 2 3 9 9 7 4 7 4 . 5 2 . 8 8 . . . . . . . 2 . 2 120000
2 6 2 0 0 2 8 8 2 10 1 10 9 11 3 9 1 1 1 1 1 9 1 3 2 2 5 1 1 2 3 3 1 1 5 3 1 1 1 1 1 3 6 9 9 6 9 2 4 6 1 4 9 9 10 10 9 10 9 9 9 9 9 10 10 1 9 1 9 1 1 1 1 7 4 7 4 2 2 2 11 4 4 2 2 11 4 5 . . 1 . 2 700
4 3 3 0 0 1 8 7 2 12 2 12 3 9 4 9 1 1 1 1 1 9 7 8 15 9 5 1 1 3 1 3 2 1 5 . 1 1 1 1 1 1 6 9 9 2 9 . 1 5 1 2 9 9 10 10 9 10 . 9 9 9 9 10 10 2 9 1 9 2 3 1 2 6 4 7 1 . 5 1 3 8 3 . . . . . . . 7 . 2 2000
6 4 0 0 0 6 8 2 2 8 1 8 3 9 6 1 6 6 1 1 9 9 7 8 15 9 5 1 1 2 . 2 1 . 5 . 1 . 1 1 1 1 1 9 9 1 8 9 . 6 1 . 9 9 10 10 9 9 10 . 9 9 . 10 10 1 9 1 9 1 1 1 1 . . 1 9 . 2 2 11 4 8 . . . . . . . . . 2 200
6 4 0 0 0 6 8 2 2 9 3 9 2 6 3 9 1 1 1 1 1 9 7 8 15 9 4 1 1 2 1 2 1 . 5 2 1 1 1 1 1 1 6 9 9 5 6 9 1 6 1 9 9 9 10 10 9 9 10 9 9 9 10 10 10 1 9 1 9 1 1 1 1 1 9 1 9 . 2 1 11 4 8 2 2 11 2 8 . . . . 2 100
0 4 0 1 5 1 8 5 5 8 1 8 9 11 6 1 4 4 1 1 9 9 . . . . . 3 4 7 2 2 1 . . . 6 . 1 3 1 6 1 . . . . . . . . . . . . . . . . . . . . . . 1 9 1 9 1 1 . . 7 1 7 1 . 5 2 4 8 8 . . . . . . . . . 2 21000
0 1 0 1 8 1 2 8 6 8 1 8 9 11 2 9 4 4 1 1 9 9 8 7 15 9 4 3 5 7 7 4 3 2 . . 10 . 1 3 1 6 1 1 3 . 6 . . . 1 . 6 2 3 9 . 9 . . . 9 . 9 9 4 9 1 9 4 2 . . 7 1 6 1 . 5 2 9 8 8 . . . . . . . 7 . 2 500000
2 0 0 1 7 1 2 8 5 8 1 8 9 11 2 9 4 3 1 1 9 9 1 3 15 9 . 6 6 7 . 4 2 . . . 3 . 1 3 1 7 1 1 . 1 6 . . 6 1 1 . 2 3 . 3 9 . . 9 9 9 . 9 1 9 2 9 4 3 . . 6 4 6 4 6 2 2 9 4 8 5 2 9 7 9 . . . . 2 540000
0 0 1 2 7 1 2 5 5 4 1 4 9 11 . . 1 1 1 1 3 9 8 7 15 9 5 5 6 7 . 3 1 . . . 6 . 1 3 1 7 5 . . . . . . . . . . . . . . . . . . . . . . 1 9 1 9 3 3 . . . . . . . 2 2 9 4 8 . . . . . . . . . 2 10000
1 0 0 4 5 1 2 8 5 8 1 8 9 11 6 1 4 4 1 1 9 9 7 8 15 9 . 3 6 6 . 3 2 2 . . 1 2 1 7 2 6 1 1 . . 6 . 1 . . . 1 4 3 . . 9 . 9 . . . 9 9 1 9 1 9 2 2 1 1 . . . . . 2 2 2 4 8 . . . . . . . 7 . 2 240000
1 0 0 2 7 1 2 5 5 9 2 6 3 9 . . 1 1 4 4 9 9 7 8 15 9 . 3 6 7 . 2 1 . . . 3 2 3 7 2 6 3 9 9 8 6 . . . . . 1 4 10 10 9 9 . . . . . 9 9 1 9 1 9 2 3 9 9 2 4 2 4 6 2 2 11 3 8 . . . . . . . 8 . 1 9500
0 3 2 0 5 3 2 5 5 9 1 1 9 10 4 9 1 1 4 4 9 9 1 3 2 2 5 3 6 7 . 3 2 . . . 1 . 1 1 1 6 3 . . . . . . . . . . . . . . . . . . . . . . 1 9 1 9 3 2 2 4 3 4 3 4 . 5 2 2 9 8 2 2 2 9 8 . . . . 1 38000
0 1 3 1 5 1 8 1 1 8 1 8 9 11 2 9 3 3 1 1 2 9 . . . . 4 4 5 7 5 3 1 . . . 1 . 1 2 1 6 7 9 9 9 6 1 1 . 1 3 1 2 10 10 10 9 9 9 . 9 9 9 9 2 9 1 9 1 1 1 1 . . . . . 5 4 7 8 8 . . . . . . . . . 2 1500
0 1 3 0 6 1 8 2 2 8 1 8 9 11 3 9 4 4 1 1 9 9 8 7 15 9 4 6 6 7 . 2 2 . . . 6 5 1 1 1 7 1 1 . . . 8 . . 1 1 9 5 3 . . . 9 . . 9 9 10 9 1 9 1 9 2 3 9 9 7 4 7 4 . 2 2 2 2 8 . . . . . . . . . 2 20000
2 4 4 0 0 6 8 7 2 12 2 12 3 9 3 9 4 4 1 1 9 9 1 3 1 1 5 1 1 2 2 3 1 1 5 5 1 1 1 1 1 8 1 9 9 6 9 2 6 6 1 2 9 9 10 10 9 10 9 9 9 9 9 10 10 1 9 1 9 1 1 9 9 . . . . . 2 2 11 4 4 . . . . . . . 5 . 2 900
4 3 3 0 0 1 8 7 2 2 2 2 9 11 3 9 1 1 1 1 1 9 7 8 15 9 3 1 1 7 1 3 1 1 5 . 1 . 1 1 1 1 6 9 9 8 9 9 . 4 1 1 9 9 10 10 9 10 10 . 9 9 9 10 10 2 9 1 9 1 1 1 1 1 9 1 9 3 2 1 4 8 4 . . . . . . . . . 2 250
6 2 2 0 0 1 8 5 3 8 1 8 9 11 6 1 6 6 1 1 9 9 7 8 15 9 5 1 1 2 3 2 1 1 5 5 1 1 1 1 1 1 1 9 9 1 8 9 . 5 1 . 9 9 10 10 9 9 10 . 9 9 . 10 10 1 9 1 9 1 1 1 1 . . 1 9 . 2 2 11 4 8 5 2 8 8 8 . . 1 . 2 1300
8 2 0 0 0 6 8 2 2 2 2 2 9 11 3 9 1 1 1 1 1 9 7 8 15 9 4 1 1 2 1 2 1 . 5 2 1 1 1 1 1 1 6 9 4 1 6 9 . 5 1 9 9 9 10 9 9 9 10 . 9 9 10 10 10 1 9 1 9 1 1 1 1 1 9 1 9 . 2 2 11 4 8 2 2 11 2 8 . . . . 2 70
0 1 1 1 7 5 1 8 5 8 1 8 9 11 6 2 4 3 1 1 9 9 . . . . . 3 4 7 . 3 3 . . . 1 . 1 3 1 6 1 1 9 . 8 . 2 . 1 3 . 5 3 10 . 9 . 9 . 9 9 . 9 1 9 3 9 . . 1 1 6 1 6 1 . 5 2 8 8 8 5 2 2 9 8 . . . . 2 300000
0 0 2 1 7 1 8 8 6 8 1 8 9 11 2 9 4 4 1 1 9 9 7 8 15 9 4 3 5 7 7 4 3 2 . 6 10 1 1 7 1 6 1 1 3 . 6 . . . . . . 2 3 9 . 9 . . . . . . 9 4 9 1 9 3 2 . . 6 1 6 1 . 6 2 9 8 8 . . . . . . . . . 2 220000
1 0 0 3 6 1 2 7 6 8 1 8 9 1 . . 6 3 . . . . 1 3 1 1 1 3 6 5 3 . . . . . 1 . 1 7 1 6 . . . . . . . . . . . . . . . . . . . . . . . . . . . 3 2 . . 7 1 2 4 . 6 2 9 7 9 . . . . . . . . . 2 10500
0 1 0 3 6 1 2 7 5 9 1 8 9 11 2 9 4 3 1 1 9 9 8 7 15 9 4 5 6 6 . 4 2 . . . 1 . 1 7 1 7 1 1 . . . . . . 1 . . 4 3 . . . . . . 9 . . 9 1 9 1 9 3 3 . . 6 4 6 4 . 2 2 7 4 8 2 2 9 4 8 . . . . 1 9000
0 1 2 3 4 1 2 8 5 8 1 8 9 11 6 2 4 3 1 1 9 9 . . . . . 3 6 5 . 3 2 2 . . 1 2 1 7 2 6 1 1 . . . 1 1 . . . 1 2 3 . . . 9 9 . . . 9 9 1 9 1 9 . . 1 1 7 1 7 1 6 2 2 2 4 8 . . . . . . . . . 2 66000
1 1 0 2 6 1 2 2 2 9 2 6 9 11 . . 1 1 4 4 9 9 7 8 15 9 . 3 6 7 . 2 1 . . . 4 2 3 7 2 6 3 9 9 8 6 . . . . . 2 4 10 10 9 9 . . . . . 9 9 1 9 1 9 2 3 9 9 2 4 2 4 6 2 2 11 3 8 2 2 8 4 8 . . 3 . 1 17000
0 1 2 1 6 2 8 2 2 9 1 1 2 6 6 1 1 1 4 4 9 9 6 4 15 9 5 3 6 7 2 2 2 2 . . 1 . 1 3 1 6 3 9 . . 6 . . . 1 2 2 5 10 . . 9 . . . 9 9 9 9 4 9 1 9 4 2 2 4 3 4 3 4 6 2 2 2 4 8 . . . . . . . . . 1 60000
6 2 1 0 1 5 8 2 2 8 1 8 9 11 2 9 6 3 1 1 9 9 1 3 1 1 5 4 4 3 2 3 1 2 . . . 5 1 2 1 1 1 9 9 . . . . 6 1 . . . 10 10 . . . . 9 9 . . . 1 9 1 9 1 1 9 9 . . . . . 5 4 10 8 8 . . . . . . . . . 2 .
0 1 0 3 6 1 8 8 5 8 1 8 9 11 2 9 4 4 1 1 9 9 . . . . . 5 6 6 . 4 2 2 . 1 5 . 1 7 2 7 1 1 . . 6 . . . 1 9 1 5 3 . . 3 . . . 9 9 9 9 . . . . 3 2 9 9 7 1 7 1 4 2 2 2 4 8 . . . . . . . . . 2 600000
2 4 4 0 0 6 8 6 2 9 1 8 3 9 6 1 3 1 1 1 6 9 1 3 15 9 5 1 1 3 1 3 2 . . . 1 1 1 1 1 8 7 9 9 6 9 1 1 . 1 1 9 9 10 10 9 10 9 9 . 9 9 10 10 1 9 1 9 1 1 . . 7 4 7 1 6 5 2 3 8 4 2 2 11 2 4 2 59 5 . 1 342
4 1 5 0 0 1 8 7 2 12 2 12 3 9 4 9 1 1 1 1 1 9 7 8 15 9 4 1 1 7 . 3 1 1 5 3 1 . 1 1 1 2 6 9 9 8 9 8 . 5 1 1 9 9 10 10 9 10 9 . 9 9 9 10 10 2 9 1 9 2 3 9 9 . . . . 3 5 2 3 8 3 . . . . . . . 1 . 2 600
4 3 3 0 0 1 8 2 2 8 1 8 9 11 6 1 4 4 1 1 9 9 8 7 15 9 5 1 1 2 . 2 1 1 5 . 1 1 1 1 1 1 1 9 9 . 6 9 . 5 1 . 9 9 10 10 . 9 10 . 9 9 . 10 10 1 9 1 9 1 1 1 1 . . 7 4 . 3 2 11 8 8 . . . . . . . . . 2 36
6 4 0 0 0 6 8 2 2 2 2 2 9 11 . . 1 1 1 1 1 9 7 8 15 9 4 1 1 2 1 2 1 . 5 . 1 1 1 1 1 1 6 9 8 1 6 9 1 5 1 9 9 9 10 9 9 9 10 9 9 9 10 10 10 1 9 1 9 1 1 1 1 . . 1 9 . 2 2 11 4 8 2 2 11 2 8 . . . . 2 .
0 2 1 1 6 1 8 5 5 8 1 8 9 11 6 1 3 3 1 1 9 9 . . . . . 3 6 5 . 2 1 . . . 1 . 1 3 2 6 1 . . . . . . . . . . . . . . . . . . . . . . 1 9 1 9 1 1 . . . . . . 2 2 2 11 3 8 . . . . . . . . . 2 .
0 0 0 1 9 1 8 8 6 8 1 8 9 11 2 9 4 4 1 1 9 9 7 8 15 9 4 3 5 7 8 4 4 2 . . . . 1 3 1 6 1 . . . . . . . . . . . . . . . . . . . . . . 4 9 1 9 3 2 . . . . 7 1 . 6 2 9 8 8 . . . . . . . . . 2 170000
1 0 0 3 6 2 3 8 6 8 1 8 9 1 . . 1 1 4 3 9 9 1 3 1 1 . 3 6 5 . 3 1 . . . 1 . 1 7 1 6 3 . . . . . . . . . . . . . . . . . . . . . . 1 9 1 9 3 2 . . 7 1 3 1 . 5 2 9 7 9 2 2 9 4 8 . . . . 2 8000
0 0 0 2 8 1 2 5 5 8 1 8 9 11 . . 4 4 1 1 9 9 8 7 15 9 4 5 6 6 . 3 2 . . . 10 . 1 7 1 7 1 . . . . . . . . . . . . . . . . . . . . . . 4 9 . . 3 3 3 5 7 1 7 1 . 2 2 9 4 8 . . . . . . . . . 2 30000
0 2 1 2 5 1 2 5 5 9 1 8 9 11 6 1 3 3 1 1 9 9 . . . . . 3 6 5 . 2 2 . . . 1 . 1 7 2 6 1 1 . . . . . . 1 1 1 3 3 . . . . . . 9 9 9 9 1 9 1 9 . . 1 2 7 4 . . . 2 2 7 4 8 . . . . . . . . . 1 20000
0 1 0 8 1 1 8 2 2 9 1 8 9 11 3 9 4 1 1 1 9 9 10 1 7 4 . 2 6 1 1 2 2 4 . . 5 . 1 6 2 4 1 . . . . . . . . . . . . . . . . . . . . . . . . . . . . 3 5 . . . . . 5 2 7 8 7 2 2 11 2 7 . . 8 . 1 13000
0 1 3 1 5 2 3 2 2 9 1 1 2 6 3 9 1 1 4 3 9 9 1 3 1 1 5 3 5 7 5 3 3 3 . . 6 . 1 3 1 6 3 1 9 1 6 1 . . 1 1 . 5 3 10 9 9 9 . . 9 9 . 9 4 9 1 9 3 2 2 4 3 2 3 2 . 2 2 7 4 8 . . . . . . . . . 1 100000
5 2 2 0 1 1 5 2 2 2 2 2 1 1 . . 1 1 1 1 1 9 7 8 15 9 4 . . . . . . . . . . . . . . 1 6 . . . . . . . . . . . . . . . . . . . . . . . . . . . . . . . . . . . . . . . . . . . . . . . . . 2 480
0 1 0 3 6 1 8 5 5 8 1 8 9 11 6 1 4 4 1 1 9 9 8 7 15 9 . 3 6 5 . 3 1 . . . 6 5 1 7 2 6 1 1 9 1 6 . 3 . 1 9 1 5 3 10 9 9 . 9 . 9 10 9 9 1 9 1 9 3 2 9 9 7 1 7 1 . 2 2 2 4 8 . . . . . . . . . 2 255000
2 5 3 0 0 6 8 7 2 9 2 12 3 9 . . 4 4 1 1 9 9 1 3 15 9 5 1 1 2 2 3 1 2 5 . 1 1 1 1 1 3 1 9 9 6 9 9 6 6 1 2 9 9 10 10 9 10 10 9 9 9 9 10 10 1 9 1 9 1 1 1 1 . . 1 9 . 2 2 11 4 8 5 2 11 5 4 . . 1 . 1 820
4 1 5 0 0 1 8 7 6 12 2 12 3 9 4 9 1 1 1 1 1 9 7 8 15 9 4 1 1 7 2 3 1 1 5 5 1 . 1 1 1 2 6 9 9 8 9 8 . 4 1 2 9 9 10 10 9 10 9 . 9 9 9 10 10 2 9 1 9 2 3 1 1 . . . . 3 5 2 3 8 3 . . . . . . . 4 . 2 640
6 3 0 0 1 2 8 2 2 9 2 12 3 9 3 9 1 1 1 1 1 9 7 8 15 9 4 2 . 2 1 2 1 . 5 . 1 1 1 1 1 1 6 9 6 1 1 9 1 5 1 1 9 4 10 9 9 9 10 9 9 9 9 10 9 1 9 1 9 1 1 . . . . 1 9 . 2 2 11 4 4 . . . . . . . . . 1 530
0 1 1 1 7 1 8 2 2 8 1 8 9 11 6 1 4 4 1 1 9 9 . . . . . 3 4 7 . 2 1 . . . 6 . 1 3 1 6 1 . . . . . . . . . . . . . . . . . . . . . . 1 9 1 9 3 3 . . 6 1 6 1 . 5 2 2 8 8 5 2 8 8 8 . . . . 2 8350
0 1 0 1 8 1 2 4 6 8 1 8 9 11 2 9 4 1 2 2 9 9 . . . . . 3 5 7 . 3 2 . . . 5 . 1 3 1 6 2 . . . . . . . . . . . . . . . . . . . . . . . . . . . . . . . . . . 5 5 . . . . . . . . . . . . . 2 100000
1 1 0 2 6 3 2 8 6 4 1 4 9 11 3 9 1 1 3 3 9 9 1 3 15 9 . 3 5 7 3 3 1 . . . 1 3 1 3 1 6 3 . . . . . . . . . . . . . . . . . . . . . . 1 9 1 9 3 3 2 3 3 4 3 4 . 2 2 9 4 8 5 2 9 . 8 . . . . 2 25000
0 0 1 3 6 1 2 5 5 9 1 8 9 11 . . 5 4 1 1 9 9 8 7 15 9 5 5 6 6 . 3 1 . . . 1 . 1 7 2 7 1 . . . . . . . . . . . . . . . . . . . . . . 1 9 . . 3 3 . . 7 4 7 4 2 2 2 9 4 8 . . . . . . . . . 1 81000
2 1 1 1 5 1 2 5 5 8 1 8 9 11 6 1 4 4 1 1 9 9 8 7 15 9 . 3 6 5 . 2 2 2 . . 1 2 1 3 1 6 1 1 . . 6 . 1 4 1 1 . 5 3 . . 9 . 9 9 9 9 . 9 1 9 1 9 1 1 5 5 . . . . 2 2 2 7 4 8 . . . . . . . 3 . 2 5000
0 0 0 9 1 1 8 2 2 9 1 8 9 11 3 9 4 1 1 1 9 9 10 1 7 4 . 2 6 2 . 2 2 4 . . 3 . 1 6 2 4 1 . . . . . . . . . . . . . . . . . . . . . . . . . . . . . . 1 9 . . 6 5 2 6 8 6 . . . . . . . 8 . 1 40000
0 1 3 1 5 2 3 2 2 9 1 1 3 9 . . 1 1 4 4 9 9 1 3 15 9 5 . . . . . . . . . . . . . . 9 3 . . . . . . . . . . . . . . . . . . . . . . . . 1 9 4 3 . . 3 2 3 2 . . . . . . . . . . . . . . . 1 .
0 0 3 1 6 1 8 8 6 8 1 8 9 11 2 9 6 4 1 1 9 9 1 3 2 2 6 4 5 7 4 4 1 . . . . 5 1 2 1 6 1 9 9 . . 1 1 2 1 2 9 4 10 10 . . 9 9 9 9 9 10 9 1 9 1 9 1 1 9 9 . . . . . 5 4 8 8 8 . . . . . . . 3 . 2 .
0 0 0 4 6 1 8 5 5 8 1 8 9 11 . . 4 4 1 1 9 9 . . . . . 5 6 5 . 2 1 . . . 10 . 1 7 2 7 1 . . . . . . . . . . . . . . . . . . . . . . 4 9 1 9 4 3 1 2 . . . . . 2 2 . . 8 . . . . . . . . . 2 100000
2 2 4 0 2 6 8 7 2 9 2 6 9 11 3 9 4 4 1 1 9 9 1 3 1 1 5 3 6 2 2 3 1 1 5 . 1 1 1 1 1 2 1 9 9 6 9 2 5 6 1 5 9 5 10 10 9 10 9 9 9 9 9 10 9 1 9 1 9 1 1 1 1 . . . . 2 3 2 7 2 4 5 2 11 8 4 . . 7 . 1 35000
4 1 5 0 0 1 8 7 6 12 2 12 3 9 4 9 1 1 1 1 1 9 7 8 15 9 3 1 1 7 1 3 1 2 5 . 1 . 1 1 1 2 6 9 9 8 9 8 . 5 1 2 9 9 10 10 9 10 9 . 9 9 9 10 10 2 9 1 9 2 3 9 9 . . . . 2 5 2 3 8 3 . . . . . . . 7 . 2 800
7 3 0 0 0 6 8 2 2 9 1 10 9 11 3 9 1 1 1 1 1 9 7 8 15 9 4 1 1 2 1 2 1 . 5 . 1 1 1 1 1 1 6 9 6 1 6 9 1 5 2 9 9 9 10 9 9 9 10 9 9 9 10 10 10 1 9 1 9 1 1 . . . . 1 9 . 2 2 11 4 8 2 2 11 2 8 . . . . 1 400
0 1 1 0 8 1 8 8 5 8 1 8 9 11 6 2 4 4 1 1 9 9 . . . . . 3 5 7 . 3 1 . . . 5 2 1 1 1 6 1 . . . . . . . . . . . . . . . . . . . . . . 1 9 1 9 3 3 1 2 . . . . . 5 2 8 8 8 . . . . . . . . . 2 .
0 1 2 1 6 1 2 8 6 7 1 8 9 11 2 9 4 3 1 1 9 9 1 3 15 9 4 3 5 8 . 4 3 2 . . 4 . 1 3 1 6 1 1 1 . 6 8 . . 1 1 . 4 3 9 . 9 9 . . 9 9 . 9 4 9 1 9 3 2 6 5 7 4 3 4 6 5 2 2 8 8 . . . . . . . 6 2 1 700000
1 0 0 2 7 1 2 8 6 8 1 8 9 1 6 1 4 4 4 3 9 9 1 3 3 3 1 5 6 5 . . . . . . 1 . 1 7 1 7 2 . . . . . . . . . . . . . . . . . . . . . . . . . . . . . . 7 1 . . . 5 2 9 7 9 . . . . . . . . . 2 .
0 0 0 2 8 1 8 7 5 9 1 8 9 11 2 9 3 3 1 1 9 9 12 5 15 9 . 5 6 7 . 3 1 2 . . 10 1 1 3 1 7 1 . 9 8 6 . 1 . 1 . . 4 . 10 9 9 . 9 . 9 . . 9 4 9 . . 1 1 1 2 7 1 7 1 . 2 2 9 4 8 . . . . . . . . . 1 30000
0 1 1 2 6 1 8 5 5 8 1 8 9 11 6 1 4 4 1 1 9 9 7 8 15 9 . 3 6 5 4 2 2 . . . 5 5 1 7 2 6 1 1 1 . 6 . 2 . 1 4 1 5 3 9 . 9 . 9 . 9 9 9 9 1 9 1 9 3 2 6 5 6 4 6 4 . 2 4 2 4 8 . . . . . . . . . 2 .
0 1 0 8 1 1 8 7 2 8 1 8 9 11 3 9 4 1 1 1 9 9 10 1 7 4 . 2 6 1 . 3 3 4 . . 5 1 1 6 2 4 1 . . . . . . . . . . . . . . . . . . . . . . 3 9 . . 4 3 . . 1 9 4 1 . 5 2 7 1 7 . . . . . . . 8 . 2 90000
0 2 0 1 7 1 8 4 4 8 1 8 9 11 4 9 4 4 1 1 9 9 1 3 1 1 5 3 6 7 . 3 3 3 . 5 1 . 1 3 1 6 1 1 . . . . . . 1 . . 5 3 . . . . . . 9 . . 9 4 9 1 9 2 2 1 1 7 4 7 4 . 2 2 . 4 8 . . . . . . . 6 . 2 115000
5 3 1 1 0 5 8 2 2 8 1 8 9 11 3 9 1 1 1 1 1 9 7 8 15 9 4 . . . . . . . . . . . . . . 1 6 . . . . . . . . . . . . . . . . . . . . . . . . . . . . . . . . . . . . . . . . . . . . . . . . . 2 68
3 4 3 0 0 1 8 7 2 9 2 2 9 11 3 9 4 4 1 1 9 9 1 3 1 1 5 1 1 2 2 3 1 1 5 . 1 1 1 1 1 3 1 9 9 6 9 1 6 5 1 4 9 9 10 10 9 10 9 9 9 9 9 10 10 1 9 1 9 1 1 9 9 4 2 5 1 4 2 2 11 4 5 . . . . . . . . . 1 244
0 1 0 3 6 1 8 7 5 8 1 8 3 9 6 1 4 4 1 1 9 9 . . . . 6 5 6 5 3 3 2 . . . 6 5 1 7 2 7 1 . . . . . . . . . . . . . . . . . . . . . . 1 9 1 9 1 1 . . 7 1 7 1 . 2 2 . 4 8 . . . . . . . . . 2 60000
3 3 4 0 0 1 8 2 2 9 2 2 9 11 4 9 1 1 1 1 1 9 7 8 15 9 4 1 1 2 . 2 1 . 5 3 1 . 1 1 1 2 6 9 9 1 9 8 . 5 1 2 9 9 10 10 9 10 9 . 9 9 9 10 10 2 9 1 9 . . 6 5 1 9 1 9 . 2 2 11 4 8 . . . . . . . . . 1 .
7 3 0 0 0 6 8 2 2 2 2 2 9 11 3 9 1 1 1 1 1 9 7 8 15 9 4 2 . 2 1 2 1 . 5 . 1 1 1 1 1 1 6 9 6 1 6 9 4 5 1 8 9 . 10 9 9 9 10 9 9 9 9 10 . 1 9 1 9 1 1 . . . . . . . 2 2 11 4 4 . . . . . . . . . 2 250
0 0 2 1 7 1 8 5 5 8 1 8 9 11 6 1 4 4 1 1 9 9 . . . . . . . . . . . . . . . . . . . 9 1 . . . . . . . . . . . . . . . . . . . . . . 1 9 1 9 2 3 . . 6 4 6 4 . 5 2 4 8 8 . . . . . . . . . 2 .
0 2 1 1 6 1 2 7 6 8 1 8 9 11 2 9 4 3 1 1 9 9 8 7 15 9 . 3 5 7 4 3 2 . . . 1 . 1 3 1 6 1 . . . . . . . . . . . . . . . . . . . . . . 1 9 1 9 4 2 . . 6 4 6 4 . 5 . 9 7 9 5 2 9 4 8 . . . . 2 1500
0 1 1 2 6 1 8 8 6 8 1 8 9 11 2 9 4 4 1 1 9 9 8 7 15 9 4 3 6 6 . 4 1 . . . 1 . 1 7 1 6 1 . . . . . . . . . . . . . . . . . . . . . . 1 9 1 9 3 2 1 2 6 4 6 4 . 2 2 9 7 9 . . . . . . . 3 . 2 .
0 0 0 3 7 1 2 8 5 8 1 8 9 1 2 9 3 3 1 1 9 9 8 7 15 9 4 5 6 6 . 4 1 . . . 1 . 1 7 1 7 1 . . . . . . . . . . . . . . . . . . . . . . 1 9 . . 3 3 . . 6 4 6 4 1 2 2 9 4 8 2 2 11 3 8 . . . . 2 4500
0 0 0 2 8 1 8 8 5 8 1 8 9 11 2 9 4 4 1 1 9 9 8 7 15 9 4 5 6 6 . 4 2 . . . . . 1 7 2 7 1 . . . . . . . . . . . . . . . . . . . . . . 1 9 1 9 3 3 1 1 7 1 7 1 1 2 2 2 4 8 . . . . . . . 5 . 2 20000
0 0 0 9 1 1 8 2 2 8 1 8 9 11 4 9 . . . . . . . . . . . 2 6 2 . 2 2 4 . . . . 1 7 2 4 . . . . . . . . . . . . . . . . . . . . . . . 3 9 . . 4 3 . . 7 4 7 4 . 2 2 11 2 8 . . . . . . . . . 2 .
1 1 1 0 6 2 8 5 5 9 2 3 9 11 3 9 1 1 4 4 9 9 1 3 1 1 5 3 6 7 2 3 3 . . . . . 1 3 1 6 3 . . . . . . . . . . . . . . . . . . . . . . 1 9 1 9 . . 2 4 3 2 3 2 . 2 2 2 4 8 . . . . . . . . . 1 20000
1 2 1 1 5 1 8 2 2 8 1 8 9 11 3 9 4 3 1 1 9 9 8 7 15 9 6 . . . . . . . . . . . . . . 9 1 . . . . . . . . . . . . . . . . . . . . . . . . . . . . . . . . . . . . . . . . . . . . . . . . . 2 10000
3 3 4 0 0 6 8 7 2 10 1 10 9 11 4 9 4 4 1 1 9 9 1 3 15 9 5 1 1 3 2 3 1 2 5 2 1 1 1 1 1 2 1 9 9 8 6 8 6 5 1 2 9 9 10 10 9 9 9 9 9 9 9 10 10 1 9 1 9 1 1 1 1 . . 1 9 2 2 2 11 4 4 3 2 11 5 4 . . 1 . 2 76
0 0 2 3 5 3 8 2 2 8 1 8 9 11 . . 4 4 1 1 9 9 1 3 15 9 5 5 6 6 4 2 1 . . . 1 . 1 7 2 7 1 . . . . . . . . . . . . . . . . . . . . . . 1 9 1 9 1 1 . . 6 1 6 1 . 2 2 11 3 8 . . . . . . . . . 2 20000
3 4 3 0 0 1 8 2 2 12 2 12 3 9 4 9 1 1 1 1 2 9 7 8 15 9 . 1 1 7 . 2 1 1 5 4 1 . 1 1 1 3 6 9 6 4 9 8 . 6 1 1 9 9 10 9 9 10 9 . 9 9 9 10 10 2 9 1 9 . . 1 1 . . 5 1 2 5 1 3 8 3 . . . . . . . . . 2 .
6 3 0 0 1 2 8 2 2 2 2 2 9 11 3 9 1 1 1 1 1 9 1 3 3 3 4 2 6 2 1 2 1 . 5 . 1 1 1 1 1 1 6 9 6 4 6 9 1 5 1 1 9 . 10 9 9 9 10 9 9 9 9 10 . 1 9 1 9 1 1 . . . . . . . 2 2 11 4 8 2 2 11 4 4 . . . . 2 .
0 1 1 0 8 1 8 8 5 4 1 4 9 11 4 9 1 1 4 4 9 9 . . . . . 3 5 7 . 3 1 . . . . . 1 1 1 6 3 . . . . . . . 1 6 . 5 . . . . . . . 9 9 . 9 1 9 1 9 3 3 2 4 3 4 3 4 . 5 2 . . . . . . . . . . . . 2 .
0 1 0 1 8 1 2 8 6 10 1 10 9 1 3 9 1 1 3 3 9 9 1 3 15 9 1 3 6 7 . 3 3 . . . . . 1 3 1 6 3 . . . . . . . . . . . . . . . . . . . . . . . . . . 4 2 . . 3 4 3 4 . 5 2 . 8 8 . . . . . . . . . 2 75000
0 0 0 3 7 1 8 8 6 8 1 8 9 11 2 9 4 4 2 2 9 9 . . . . 4 3 6 6 . 3 1 . . . 1 . 1 7 1 6 2 . . . . . . . . . . . . . . . . . . . . . . 1 9 1 9 3 2 1 2 6 4 6 4 . 2 2 9 . . . . . . . . . . . 2 55000
0 0 0 2 8 1 8 5 5 8 1 8 9 11 6 1 3 3 1 1 9 9 8 7 15 9 . 5 6 7 . 3 2 2 . . 1 1 1 3 1 7 1 1 9 8 6 . . . 1 . . 4 3 10 9 9 . . . 9 . . 9 1 9 1 9 3 3 1 2 6 4 6 4 . 2 2 9 4 8 . . . . . . . . . 2 25000
0 1 0 3 6 1 8 2 2 9 1 1 9 10 3 9 1 1 4 3 9 9 8 7 15 9 2 3 6 6 . 3 1 . . . 1 3 1 7 2 6 3 9 9 . 6 9 . . 1 . 2 3 10 10 . 9 10 . . 9 . 9 9 2 9 1 9 . . . . . . . . . 2 2 9 4 8 . . . . . . . 8 . 1 14000
0 0 0 8 2 1 8 2 2 8 1 8 9 11 3 9 4 1 1 1 9 9 10 1 15 9 2 3 6 2 3 3 2 4 . . 3 1 3 7 2 4 1 . . . . . . . . . . . . . . . . . . . . . . 3 9 . . 4 3 1 1 7 4 7 4 . 2 2 11 2 7 . . . . . . . . . 2 25000
0 1 2 1 6 2 8 5 5 5 3 5 1 1 3 9 1 1 4 4 9 9 1 3 1 1 5 3 6 5 . 3 2 . . . 1 . 1 3 1 6 3 1 1 . 6 8 . . 1 1 . 5 3 9 . 9 9 . . 9 9 . 9 1 9 1 9 4 3 2 4 3 4 3 4 . 2 2 2 4 8 . . . . . . . 2 . 2 575000
0 0 0 1 9 4 1 5 5 10 1 10 2 6 3 9 6 6 1 1 9 9 1 3 15 9 6 4 5 6 4 3 2 1 2 6 1 2 1 2 1 6 1 9 9 9 9 9 1 4 1 9 4 3 10 10 10 10 9 9 9 10 9 9 9 1 9 1 9 1 1 5 5 5 1 5 1 3 2 2 3 2 8 5 2 3 8 8 . . . . 2 50000
3 3 4 0 0 2 8 2 2 9 2 12 3 9 6 1 4 4 1 1 9 9 1 3 1 1 5 1 1 2 2 2 1 1 5 . 1 1 1 1 1 2 1 9 9 6 9 4 . 5 1 2 9 9 10 10 9 10 9 . 9 9 9 10 10 1 9 1 9 1 1 1 1 1 9 . . 2 5 2 11 8 7 2 2 11 4 4 . . 1 . 1 150
0 0 0 2 8 1 8 2 2 8 1 8 9 11 2 9 4 4 1 1 9 9 8 7 15 9 . 6 6 7 5 2 1 . . . 6 . 1 3 2 7 1 1 . . 6 9 . 9 1 9 3 3 3 . . 3 10 . 10 9 10 9 9 3 9 2 9 1 1 6 5 7 1 7 1 2 2 2 3 4 8 . . . . . . . . . 2 4500
4 3 3 0 0 1 8 7 2 9 2 2 9 11 3 9 1 1 1 1 1 9 7 8 15 9 4 1 1 7 2 3 1 3 5 3 1 1 1 1 1 1 6 9 9 3 9 8 . 6 1 2 9 9 10 10 9 10 9 . 9 9 9 10 10 2 9 1 9 1 1 1 1 1 9 1 9 4 2 1 4 9 4 . . . . . . . . . 1 .
0 2 2 0 6 1 8 8 5 8 1 8 9 11 2 9 4 3 1 1 9 9 7 8 15 9 8 3 5 7 3 4 2 1 1 4 4 1 1 1 1 6 1 1 9 9 9 9 2 6 1 4 5 5 3 10 10 10 10 9 9 9 9 9 9 1 9 1 9 2 2 7 5 6 2 1 9 6 5 2 2 8 8 . . . . . . . . . 2 .
0 1 0 1 8 1 8 7 6 7 1 10 9 1 2 9 1 1 4 4 9 9 1 3 3 3 . 3 5 5 . 4 3 . . . . . 1 3 1 6 3 . . . . . . . . . . . . . . . . . . . . . . 4 9 1 9 4 3 2 4 2 4 2 4 . 5 2 2 8 8 . . . . . . . 4 . 1 100000
0 0 0 3 7 1 2 8 6 8 1 8 9 11 2 9 4 4 2 2 9 9 8 7 15 9 4 3 6 5 5 4 2 . . . 1 2 1 7 1 6 2 1 . . 6 . 2 6 . . . 2 3 . . 9 . 9 9 . . . 9 1 9 1 9 3 2 1 2 3 4 2 4 6 5 2 9 7 9 2 2 9 4 8 . . . . 2 120000
0 0 0 2 8 1 2 5 5 8 1 8 9 11 6 1 4 4 1 1 9 9 . . . . . 5 6 7 3 2 2 2 . . 1 1 1 7 2 7 1 1 9 8 6 9 1 6 1 . 1 4 3 10 9 9 10 9 9 9 . 1 9 1 9 1 9 1 1 6 5 7 1 7 1 2 2 2 1 4 8 . . . . . . . . . 2 10000
0 1 0 3 6 1 8 2 2 9 1 1 9 10 3 9 1 1 4 1 9 9 7 8 15 9 5 3 6 6 . 3 2 . . . 1 3 1 7 2 6 3 9 9 . 6 9 . . 1 . 2 3 10 10 . 9 10 . . 9 . 9 9 2 9 1 9 3 3 . . . . . . . 2 2 9 4 8 . . . . . . . 8 . 1 6000
0 0 0 3 7 1 8 7 6 8 1 8 9 11 . . 4 4 1 1 9 9 7 8 15 9 3 5 6 5 . 3 4 4 . . 10 . 3 7 2 7 1 1 1 1 6 . . . 1 . 3 1 3 3 3 3 . . . 3 . 9 9 5 9 2 9 4 3 9 9 7 1 7 1 . 2 2 9 4 8 . . . . . . . . . 2 300000
0 0 4 1 5 2 3 7 5 5 3 5 1 1 4 9 1 1 4 4 9 9 13 2 12 1 . . . . . . . . . . . . . . . 9 3 1 . . 6 8 . . 1 1 . 5 3 . . 9 9 . . 9 9 . 9 1 9 1 9 4 2 2 3 2 . 2 . . 2 2 2 4 8 5 2 2 . 8 . . . . 2 .
3 1 2 1 3 1 8 2 2 8 1 8 9 11 3 9 3 3 1 1 9 9 8 7 15 9 4 4 5 7 . 3 1 1 . . 1 5 1 2 1 8 1 9 9 . 9 1 . 3 1 3 6 1 10 10 . 9 9 . 9 9 9 9 9 2 9 1 9 1 1 1 2 . . . . 3 5 4 3 8 8 5 4 3 9 8 . . . . 2 .
5 4 0 0 1 6 8 2 2 2 2 2 9 11 3 9 1 1 1 1 1 9 7 8 15 9 4 6 6 2 1 2 1 . 5 . 1 1 1 1 1 1 6 9 6 1 4 9 1 5 1 9 9 . 10 9 9 9 10 9 9 9 10 10 . 1 9 1 9 1 1 . . . . . . . 2 2 11 4 4 . . . . . . . . . 2 450
1 4 2 0 3 . . 7 2 . . . . . . . 4 4 1 1 9 9 . . . . 5 3 6 3 . 3 2 2 5 3 1 . 1 1 1 3 1 9 9 . 8 8 . . 1 2 9 6 10 10 . 9 9 . . 9 9 10 9 1 9 1 9 1 1 . . . . . . 6 5 2 11 1 4 2 2 11 4 7 . . . . . 1500
0 0 0 3 7 1 8 7 5 8 1 8 9 11 . . 4 4 1 1 9 9 8 7 15 9 . 5 6 5 5 3 2 . . 3 6 2 1 7 2 7 1 . . . . . . . . . . . . . . . . . . . . . . . . 1 9 . . . . 7 1 7 1 . 5 2 2 4 8 . . . . . . . . . 2 40000
6 3 1 0 0 6 8 2 2 9 3 9 9 11 3 9 1 1 1 1 1 9 7 8 15 9 4 1 1 2 1 2 1 . 5 . 1 1 1 1 1 1 6 9 6 6 8 9 . 5 1 . 9 9 10 9 9 9 10 . 9 9 . 10 10 1 9 1 9 1 1 . . 1 9 1 9 . 2 2 11 4 8 . . . . . . . . . 2 200
0 1 1 1 7 1 8 7 5 8 1 8 9 11 6 1 4 4 3 3 9 9 . . . . . 3 4 7 . 3 1 . . . 10 . 1 3 1 6 2 . . . . . . . . . . . . . . . . . . . . . . . . 3 9 3 3 1 2 7 4 7 4 . 5 2 4 8 7 . . . . . . . . . 2 6000
0 1 3 1 6 1 8 4 6 10 1 10 9 1 . . 1 1 3 3 9 9 1 3 15 9 . 3 5 7 . 3 3 . . . . . 1 7 1 6 3 . . . . . . . . . . . . . . . . . . . . . . 4 9 1 9 4 3 2 4 3 4 3 4 6 5 2 7 8 8 . . . . . . . . . 2 2000
0 1 1 2 5 1 8 8 6 8 1 8 9 11 6 2 4 4 2 2 9 9 8 7 15 9 4 3 6 7 . 4 1 . . . 1 . 1 7 1 6 2 . . . . . . . . . . . . . . . . . . . . . . 2 9 1 9 3 2 1 2 6 4 6 4 . 5 2 9 7 9 2 2 9 4 8 . . . . 2 45000
0 1 0 3 6 1 7 8 5 8 1 8 9 11 2 9 3 3 1 1 9 9 7 8 15 9 2 5 6 6 . 4 1 . . . 1 . 1 7 2 7 1 9 9 . 6 9 . . 1 . 2 4 10 10 . 9 10 . . 9 . 9 9 2 9 1 9 3 3 9 9 7 4 6 4 . 2 3 9 4 8 . . . . . . . 3 . 2 20000
0 0 0 2 8 3 8 4 6 8 1 8 9 11 . . 6 6 1 1 9 9 8 7 15 9 . 5 5 5 . 2 3 2 . . 1 2 1 7 2 7 1 1 1 1 6 . . . 1 9 3 2 3 9 3 3 . . . 9 10 9 9 2 9 2 9 4 2 1 1 7 4 7 4 2 2 3 11 3 8 . . . . . . . . . 2 .
1 1 1 1 6 2 8 5 5 5 3 5 1 4 4 9 1 1 4 4 9 9 . . . . . 3 6 7 2 2 2 . . . 1 . 1 3 1 6 3 . . . . . . . . . . . . . . . . . . . . . . 1 9 1 9 3 3 2 4 3 4 3 4 6 5 2 . 9 8 5 4 . 9 8 . . . . 2 .
1 5 4 0 0 2 8 2 2 9 1 10 9 11 3 9 1 1 1 1 1 9 7 8 15 9 4 1 1 2 1 2 2 2 5 4 1 1 1 1 1 3 6 9 6 8 9 2 1 . 1 2 9 9 10 9 9 10 9 9 . 9 9 10 10 1 9 1 9 1 1 1 1 . . . . 2 2 2 11 4 4 . . . . . . . 5 . 1 300
0 0 0 4 6 1 8 2 2 8 1 8 9 11 6 1 4 4 1 1 9 9 7 8 15 9 2 3 6 5 4 3 1 . . . 6 . 1 7 2 6 1 1 . . . . 9 . 1 1 2 5 3 . . . . 10 . 9 9 9 9 2 9 1 9 . . . . 7 1 7 1 6 2 2 2 4 8 . . . . . . . 4 . 2 50000
6 3 1 0 0 2 8 2 2 9 2 12 3 9 3 9 1 1 1 1 1 9 7 8 15 9 4 1 1 2 . 2 1 . 5 . 1 1 1 1 1 1 6 9 6 4 6 9 4 5 2 . 9 9 10 9 9 9 10 9 9 9 . 10 10 1 9 1 9 1 1 1 1 . . . . . 2 2 11 4 8 2 2 11 4 7 . . . . 1 1100
1 2 0 1 6 1 8 2 2 8 1 8 9 11 2 9 4 4 1 1 9 9 8 7 15 9 . 3 4 7 . 3 1 . . . 6 2 1 3 1 6 1 1 8 . 6 . . . 1 6 . 5 3 9 . 9 . . . 9 9 . 9 1 9 3 9 3 2 1 1 6 1 6 1 1 5 2 4 8 8 . . . . . . . . . 2 .
0 1 0 1 8 1 2 4 6 10 1 10 9 1 . . . . . . 9 9 8 7 15 9 . 3 5 7 . 3 2 . . . . . 1 7 1 6 . . . . . . . . . . . . . . . . . . . . . . . 3 9 1 9 3 2 2 4 3 4 3 4 . 5 2 2 6 8 . . . . . . . . . 2 60000
0 0 0 3 7 1 2 8 6 8 1 8 9 11 6 1 4 4 2 2 9 9 8 7 15 9 4 5 6 5 . 3 1 2 . 6 1 . 1 7 2 7 2 1 . 1 6 . 2 . . . . 2 3 . 9 9 . 9 . . . . 9 1 9 1 9 . . 1 2 . . . . . 2 2 9 4 8 . . . . . . . . . 2 93000
0 1 0 3 6 1 2 5 5 9 1 8 2 6 2 9 4 3 1 1 9 9 7 8 15 9 2 5 6 6 . 3 2 . . . 1 2 1 7 2 7 1 9 9 . 6 9 . . 1 . 2 4 10 10 . 9 10 . . 9 . 9 9 1 9 1 9 3 3 . . 7 1 7 1 . 2 2 9 4 8 . . . . . . . 8 . 1 8000
0 0 0 2 8 6 8 2 2 8 1 8 9 11 . . 4 4 1 1 9 9 . . . . . 5 5 5 . 2 3 . . 3 8 . 1 7 2 7 1 1 1 1 6 . 1 . . 9 . 5 3 9 3 3 . 9 . . 10 . 9 2 9 2 9 4 2 9 9 7 4 7 4 3 2 2 11 3 8 . . . . . . . . . 2 .
0 1 0 1 8 2 3 7 5 1 1 1 9 11 2 9 1 1 4 4 9 9 1 3 1 1 5 3 6 6 . 3 1 . . . 6 3 1 3 1 6 3 . . . . . . . . . . . . . . . . . . . . . . 1 9 1 9 3 3 . . . . . . . 2 2 . 4 8 . . . . . . . . . 2 .
1 5 1 0 3 6 8 4 6 8 1 8 9 11 . . 6 4 1 1 9 9 8 7 15 9 6 3 6 3 . 3 2 2 5 3 1 1 1 1 1 3 1 9 9 8 . 8 . . 1 . 9 5 10 10 9 . 9 . . 9 . 10 9 1 9 1 9 . . . . . . . . . 2 2 11 2 7 . . . . . . . . . 2 2000
0 0 2 3 5 1 8 5 5 8 1 8 9 11 4 9 4 4 1 1 9 9 8 7 15 9 6 5 4 5 4 2 3 2 . . 1 . 1 7 2 7 1 1 . . . . . . 1 1 1 5 3 . . . . . . 9 9 9 9 4 9 1 9 2 3 1 1 7 4 7 4 . 2 2 11 3 8 . . . . . . . . . 2 325000
5 2 3 0 0 2 8 2 2 9 2 2 9 11 3 9 1 1 1 1 1 9 9 4 15 9 4 1 1 2 2 2 1 . 5 . 1 1 1 1 1 1 6 9 4 1 4 9 4 5 1 1 9 9 10 9 9 9 10 9 9 9 9 10 10 1 9 1 9 1 1 9 9 . . . . . 2 2 11 4 8 . . . . . . . . . 1 600
0 1 3 1 5 1 8 5 5 8 1 8 9 11 6 1 3 3 1 1 9 9 . . . . . 3 5 7 . 2 1 . . . 5 2 1 3 1 6 1 . . . . . . . . . . . . . . . . . . . . . . 1 9 3 9 2 3 1 1 7 1 7 1 6 5 2 4 8 7 . . . . . . . . . 2 9000
0 1 1 1 7 1 8 7 6 7 1 4 2 6 3 9 3 3 4 3 9 9 1 3 2 2 2 3 5 7 . 4 2 2 . . 1 . 1 3 1 6 2 1 1 . 6 . . . 1 1 . 4 3 9 . 9 . . . 9 9 . 9 4 9 1 9 4 2 6 5 3 4 3 4 . 6 2 2 . 8 . . . . . . . 1 . 1 200000
1 1 0 2 6 1 8 8 6 8 1 8 9 11 6 2 4 4 1 1 9 9 . . . . . 5 6 5 . 4 2 . . . 1 . 1 7 1 7 1 . . . . . . . . . . . . . . . . . . . . . . 1 9 . . 3 2 1 2 6 4 6 4 . 6 2 1 7 9 . . . . . . . . . 2 34000
0 1 0 3 6 1 8 2 2 8 1 8 9 11 3 9 3 1 4 3 9 9 8 7 15 9 4 3 6 6 . 3 2 . . . 1 . 1 7 2 6 2 9 9 . 6 9 . . 1 . 2 3 10 10 . 9 10 . . 9 . 9 9 1 9 1 9 3 3 1 2 . . 6 4 . 2 2 9 4 8 . . . . . . . 8 . 2 3500
0 1 0 2 7 1 8 4 6 8 1 8 9 11 2 9 4 4 1 1 9 9 . . . . . 5 5 6 . 3 3 2 . . 1 . 1 7 2 7 1 1 9 . 6 . 1 . 1 9 1 3 3 10 . 3 . 9 . 3 10 9 9 4 9 2 9 4 2 1 1 6 4 6 4 4 2 2 2 4 8 . . . . . . . . . 2 15000
0 1 1 1 7 2 8 7 5 3 2 3 9 11 2 9 1 1 4 4 9 9 1 3 1 1 . . . . . . . . . . . . . . . 9 3 . . . . . . . . . . . . . . . . . . . . . . 1 9 1 9 3 3 . . 2 4 2 4 . 2 2 . 4 8 . . . . . . . . . 2 800000
0 4 6 0 0 6 8 7 2 12 2 12 3 9 3 9 1 1 1 1 2 9 10 1 15 9 . 1 1 2 1 3 1 1 . . 1 1 1 1 1 2 6 9 9 6 . 8 . 9 1 2 9 9 10 10 9 . 9 . 10 9 9 10 10 1 9 1 9 1 1 . . . . . . . 2 2 11 2 10 5 2 11 . 5 . . . . 2 260
0 0 3 3 4 1 8 5 5 8 1 8 2 6 . . 4 4 1 1 9 9 8 7 15 9 4 5 4 5 . 2 3 . . . 1 . 1 7 2 7 1 . . . . . . . . . . . . . . . . . . . . . . 4 9 1 9 4 2 . . . . . . . 2 2 . 4 8 . . . . . . . . . 2 40000
5 4 1 0 0 6 8 2 2 11 2 11 1 10 3 9 1 1 1 1 1 9 1 3 15 9 4 1 1 2 1 2 1 2 5 . 1 1 1 1 1 1 6 9 6 4 6 9 4 6 1 1 9 9 10 9 9 9 10 9 9 9 9 10 10 1 9 1 9 1 1 9 9 1 9 1 9 6 2 2 11 2 8 2 2 11 4 8 . . 1 . 2 800
0 1 1 1 7 1 8 5 5 8 1 8 9 11 6 1 4 4 1 1 9 9 . . . . . 3 4 7 . 3 1 . . . 7 2 1 3 1 6 1 . . . . . . . . . . . . . . . . . . . . . . 1 9 3 9 3 3 . . 7 4 7 4 . 5 2 4 8 7 . . . . . . . . . 2 .
0 1 4 1 4 1 8 8 6 7 9 7 1 8 2 9 3 1 1 1 9 9 10 1 9 2 4 3 6 8 . 3 1 1 . . 2 . 1 3 1 8 1 . . . . . . . 1 1 . 2 . . . . . . . 9 9 . 9 . . . . 3 2 1 2 6 4 6 4 . 5 2 9 8 8 . . . . . . . 4 . 2 .
0 0 0 2 8 3 8 8 6 8 1 8 9 1 2 9 3 3 1 1 9 9 1 3 15 9 . 3 6 7 . 3 . . . . 1 . 1 3 1 6 1 . . . . . . . . . . . . . . . . . . . . . . . . . . . . . . 3 4 3 4 . 5 2 9 7 9 . . . . . . . . . 2 1000
0 1 0 3 6 1 2 5 5 8 1 8 9 11 3 9 5 5 1 1 9 9 8 7 15 9 2 5 6 6 . 3 1 . . . 7 2 1 7 2 7 1 9 9 . 6 9 . 6 1 9 2 5 10 10 . 9 10 . 9 9 10 9 9 1 9 1 9 4 3 . . 7 4 7 4 . 2 2 3 4 8 . . . . . . . 3 1 2 37000
1 1 0 6 2 2 8 . . 9 1 8 9 11 . . 4 1 1 1 9 9 . . . . . . . . . . . . . . . . . . . 4 1 . . . . . . . . . . . . . . . . . . . . . . . . . . . . . . . . . . . . . . . . . . . . . . . . . 1 70000
0 1 0 2 7 1 2 5 5 9 1 8 9 11 . . 4 4 1 1 9 9 . . . . . 3 6 7 3 2 2 2 . . 1 . 1 7 2 6 1 . . . . . . . . . . . . . . . . . . . . . . . . . . . 3 . . . . . . . . . . . . . . . . . . . . . 1 25000
0 6 4 0 0 6 8 2 2 9 2 12 3 9 3 9 1 1 1 1 2 9 12 5 15 9 3 1 1 2 1 2 1 . . . 1 . 1 1 1 3 6 . . . . . . . . . . . . . . . . . . . . . . 1 9 1 9 1 1 7 5 . . . . 6 2 2 11 2 10 . . . . . . . . . 1 400
0 1 3 1 5 1 8 5 5 8 1 8 9 11 6 1 4 3 1 1 9 9 . . . . 5 3 5 5 . 2 1 2 . . 1 . 1 3 1 6 1 1 9 . 8 . . . . 1 1 2 3 10 . 9 . . . . 9 9 9 1 9 1 9 . . 1 1 . . . . . 2 2 11 3 8 . . . . . . . 8 . 2 375000
3 2 5 0 0 6 8 2 2 11 2 11 1 10 3 9 1 1 1 1 1 9 7 8 15 9 4 1 1 2 2 2 1 . 5 . 1 1 1 1 1 2 6 9 8 4 4 9 4 5 1 1 9 9 10 9 9 9 10 9 9 9 9 10 10 1 9 1 9 1 1 1 1 . . 1 9 . 2 2 11 2 8 2 2 11 4 8 . . . . 2 .
0 1 1 1 7 1 8 8 5 8 1 8 9 11 2 9 . . . . . . 10 1 15 9 4 3 5 7 . 3 5 . . . 1 . 1 3 1 6 . . . . . . . . . . . . . . . . . . . . . . . 4 9 1 9 3 3 2 4 3 4 3 4 2 5 . 3 8 8 . . . . . . . . . 2 9350
0 1 8 1 1 3 2 7 6 9 1 1 9 10 2 9 1 1 3 3 9 9 . . . . . . . . . . . . . . . . . . . 2 3 . . . . . . . . . . . . . . . . . . . . . . 1 9 1 9 3 3 . . 3 4 3 4 . 5 . . . . . . . . . . . . . 1 5000
0 0 0 2 8 1 8 4 2 . . . . . . . 4 3 2 2 9 9 8 7 15 9 4 3 6 7 . 3 4 . . . 3 4 1 3 1 6 2 . . . . . . . . . . . . . . . . . . . . . . 4 9 . . 3 3 3 5 . . . . . 2 2 9 4 8 . . . . . . . . . . 175000
0 1 2 1 6 1 8 5 5 8 1 8 9 1 6 1 4 3 1 1 9 9 8 7 15 9 . 5 6 7 4 2 2 . . . 1 2 1 3 2 7 1 . . . 8 8 . . 1 . . 4 . . . 9 9 . . 9 . . 9 4 9 . . . . 1 2 . . . . . 2 2 2 4 8 . . . . . . . 1 . 2 35000
1 6 3 0 0 6 5 2 2 12 2 12 3 9 3 9 1 1 1 1 1 9 1 3 1 1 . 1 1 2 1 2 1 . 5 . 1 1 1 1 1 3 6 9 9 6 . 1 1 6 2 4 9 9 10 10 9 . 9 9 9 9 9 10 10 1 9 1 9 1 1 4 5 . . . . 3 . . . . . . . . . . . . . . 2 187
0 1 0 4 5 1 8 5 5 8 1 8 2 6 . . 4 3 1 1 2 9 8 7 15 9 4 3 6 5 3 2 4 2 . . 1 . 1 7 2 6 7 1 . . 1 . 1 . 1 . 1 5 3 . . 9 . 9 . 9 . 9 9 3 9 3 9 2 2 . . 7 4 7 4 . 2 2 11 3 8 . . . . . . . . . 2 520000
3 5 2 0 0 2 8 2 2 2 2 2 9 11 3 9 1 1 1 1 1 9 8 7 15 9 4 1 1 2 2 2 1 . 5 . 1 1 1 4 1 3 6 9 9 6 8 9 6 6 1 1 1 9 10 10 9 9 10 9 9 9 9 9 10 2 9 1 9 1 1 7 5 1 9 1 9 4 2 2 11 4 8 2 2 11 2 8 . . . . 2 1500
0 1 1 2 6 1 8 5 5 8 1 8 9 11 2 9 3 3 1 1 9 9 . . . . . 3 4 7 4 2 1 . . . 10 . 1 7 1 6 1 . . . . . . . . . . . . . . . . . . . . . . 1 9 1 9 4 3 1 1 7 4 7 4 . 5 2 2 8 7 . . . . . . . . . 2 35000
0 1 4 1 4 1 8 8 6 10 1 10 9 1 . . 1 1 3 3 9 9 6 4 15 9 . 3 5 7 . 3 2 . . . . . 1 3 1 8 3 . . . . . . . . . . . . . . . . . . . . . . 1 9 1 9 3 3 2 4 3 4 3 4 6 5 2 . 8 8 . . . . . . . . . 2 5000
0 1 1 2 6 3 8 7 5 8 1 8 2 6 2 9 4 3 1 1 9 9 8 7 15 9 6 3 6 7 7 4 3 . . . 6 . 1 7 2 6 1 1 . . 6 . . . 1 . 1 4 3 . . 3 . . . 9 . 9 9 4 9 2 9 4 2 3 5 . . . . . 2 2 9 4 8 5 2 9 7 9 . . . . 2 150000
0 1 1 2 6 1 2 5 5 8 1 8 9 11 . . 4 4 1 1 9 9 8 7 15 9 . 3 6 6 . 3 1 . . . 1 . 1 7 2 6 1 . . . . . . . . . . . . . . . . . . . . . . . . . . . . . . 7 1 7 1 . 2 2 2 4 8 . . . . . . . . . 2 .
0 0 2 2 6 1 8 5 5 8 1 8 9 11 3 9 4 4 1 1 9 9 7 8 15 9 6 5 4 5 . 2 3 . . . 1 3 1 7 2 7 1 1 3 9 1 1 . . 1 1 1 5 3 9 10 3 3 . . 3 9 9 9 4 9 1 9 4 2 3 5 7 1 7 1 . 2 2 9 4 8 2 2 11 3 8 . . 6 . 2 425000
3 3 4 0 0 2 8 2 2 9 1 10 9 11 3 9 1 1 1 1 1 9 7 8 15 9 4 1 1 2 2 2 1 . 5 3 1 1 1 1 1 2 6 9 1 6 8 9 . 6 1 1 9 9 10 9 9 9 10 . 9 9 9 10 10 1 9 1 9 1 1 7 5 1 9 1 9 3 2 2 11 4 8 2 2 11 4 7 . . . . 1 600
0 1 1 0 8 1 8 8 5 10 1 10 9 1 2 9 1 1 4 4 9 9 . . . . . 3 4 7 . 4 1 . . . 10 . 1 1 1 6 3 . . . . . . . . . . . . . . . . . . . . . . . . 3 9 3 3 . . 3 4 3 4 . 5 4 3 8 8 . . . . . . . . . 2 .
0 1 1 1 7 1 8 7 5 8 1 8 9 11 6 1 3 3 1 1 9 9 7 8 15 9 . 3 6 7 . 3 2 . . . 10 . 1 7 1 6 1 . . . . . . . . . . . . . . . . . . . . . . . . . . 3 3 . . 6 4 6 4 . 5 2 2 8 2 . . . . . . . . . 2 16000
0 0 0 3 7 1 2 8 6 8 1 8 9 11 . . 3 3 2 2 9 9 8 7 15 9 4 5 6 7 . 3 3 . . . 10 . 1 7 1 7 2 . . . . . . . . . . . . . . . . . . . . . . . . . . 3 2 1 2 . . . . . 2 2 9 4 8 . . . . . . . . . 2 50000
0 1 2 1 6 5 8 2 2 8 1 8 9 11 6 1 4 3 1 1 9 9 8 7 15 9 . 3 6 7 . 2 1 . . . 1 . 1 3 2 6 1 . . . . . . . 1 1 . 4 . . . . . . . 9 9 . 9 1 9 1 9 3 3 1 2 . . . . . 2 2 2 4 8 . . . . . . . 8 . 2 3000
0 1 0 1 8 1 8 5 5 8 1 8 9 11 . . 4 4 1 1 9 9 7 8 15 9 5 5 4 5 . 2 3 2 . . 1 5 1 3 1 7 1 1 8 . 6 . . 5 1 . 1 5 3 9 . 9 . . 9 9 . 9 9 4 9 1 9 4 3 1 1 7 1 7 1 4 2 2 11 3 8 . . . . . . . 4 . 2 76000
3 4 3 0 0 6 8 2 2 9 2 12 3 9 3 9 1 1 1 1 1 9 7 8 15 9 4 1 1 2 1 2 1 . 5 . 1 1 1 1 1 3 6 9 1 6 . 9 . 6 1 1 9 9 10 9 9 . 10 . 9 9 9 10 10 1 9 1 9 1 1 9 9 1 9 1 9 . 2 2 11 8 8 . . . . . . . . . 1 500
0 1 3 1 5 1 5 5 5 8 1 8 9 11 6 1 3 3 1 1 9 9 8 7 15 9 . 3 4 7 . 2 2 . . . 10 . 1 3 1 6 1 . . . . . . . . . . . . . . . . . . . . . . 1 9 3 9 3 3 1 1 7 1 7 1 . 5 2 . 8 8 . . . . . . . . . 2 713
0 1 1 1 7 1 8 5 5 8 1 8 9 11 6 2 4 3 1 1 9 9 8 7 15 9 . 3 6 7 3 3 2 . . . 4 . 1 7 1 6 1 . . . . . . . . . . . . . . . . . . . . . . 1 9 1 9 3 2 1 1 . . 7 4 . 2 4 7 4 8 . . . . . . . . . 2 15000
1 1 0 2 6 1 8 5 5 8 1 8 9 1 2 9 4 4 1 1 9 9 7 8 15 9 2 3 6 5 7 3 4 2 8 . 5 . 1 7 2 6 1 1 1 1 5 8 1 6 1 1 1 4 3 9 9 9 9 9 9 9 9 9 9 4 9 2 9 4 3 1 1 7 4 7 4 . 2 2 9 4 8 . . . . . . . 8 . 2 1300000
1 1 1 1 6 5 8 5 5 8 1 8 9 11 6 1 4 4 1 1 9 9 8 7 15 9 . 3 6 7 . 2 2 2 . . 6 1 1 7 2 6 1 9 9 8 6 . 1 . 1 . . . 10 10 9 9 . 9 . 9 . . . 1 9 1 9 . . 1 2 6 4 6 4 2 2 2 11 3 8 2 2 7 4 8 . . 5 . 2 .
0 0 1 3 6 1 8 7 5 8 1 8 9 11 3 9 4 4 1 1 9 9 . . . . . 3 6 5 . 3 4 2 . . 1 . 1 7 2 6 1 1 9 1 1 1 1 . 1 1 1 5 3 10 9 3 3 9 . 9 3 9 9 4 9 1 9 3 2 1 2 . . . . . 2 2 11 3 8 . . . . . . . 3 . 2 200000
5 4 1 0 0 6 8 2 2 11 2 11 1 10 3 9 1 1 1 1 1 9 1 3 1 1 4 1 1 2 1 2 1 . 5 5 1 1 1 1 1 1 6 9 6 6 8 9 1 5 1 . 9 9 10 9 9 9 10 9 9 9 . 10 10 1 9 1 9 1 1 9 9 1 9 1 9 3 . . . . . . . . . . . . . . 2 .
0 0 2 2 6 1 8 5 5 8 1 8 9 1 6 1 5 3 1 1 9 9 . . . . . 3 6 5 . 3 1 . . . 6 5 1 3 1 6 1 1 4 . 5 . . . . 2 . 5 3 9 . 9 . . . . 9 . 9 1 9 1 9 3 3 1 1 . . . . 4 5 2 2 8 8 5 2 4 8 8 . . . . 2 12000
0 0 3 1 6 1 8 5 5 8 1 8 9 11 . . 3 3 1 1 9 9 . . . . . 3 6 7 . 2 2 . . . . . 1 7 1 6 1 . . . . . . . . . . . . . . . . . . . . . . . . . . 3 3 1 1 . . . . . 2 2 2 4 8 5 4 7 8 7 . . . . 2 .
0 1 0 2 7 1 2 8 6 8 1 8 9 11 6 1 4 4 1 1 9 9 . . . . . 5 5 7 . 3 2 . . 6 1 . 1 7 2 7 1 1 1 . 6 . 1 . 1 1 . 2 3 3 . 9 . 9 . 9 9 . 9 1 9 1 9 4 3 4 5 7 1 7 1 6 2 2 9 4 8 . . . . . . . . . 2 40000
5 3 2 0 0 6 8 2 2 9 3 9 9 11 . . 1 1 1 1 1 9 7 8 15 9 4 1 1 2 1 2 1 . 5 5 1 1 1 1 1 1 6 9 5 6 9 9 1 5 1 . 9 9 10 9 9 10 10 9 9 9 . 10 10 1 9 1 9 1 1 7 5 1 9 1 9 3 2 1 11 8 8 . . . . . . . . . 2 .
0 0 1 3 6 1 8 5 5 8 1 8 9 11 3 9 4 4 1 1 9 9 . . . . . 3 6 5 . 2 4 2 . . . . 1 7 2 6 1 1 . . . . . . 1 1 1 5 3 . . . . . . 9 9 9 9 4 9 1 9 4 2 . . 7 4 7 4 . 2 2 11 3 8 . . . . . . . . . 2 55000
0 2 1 1 6 1 8 7 5 8 1 8 9 11 2 9 3 3 1 1 9 9 . . . . . . . . . . . . . . . . . . . 9 1 . . . . . . . . . . . . . . . . . . . . . . . . . . 3 3 1 1 7 4 7 4 . 6 2 2 9 8 . . . . . . . . . 2 23000
0 1 2 1 6 1 8 5 5 8 1 8 9 11 6 2 4 3 1 1 9 9 8 7 15 9 . 3 6 7 2 3 2 . 2 5 10 . 1 7 1 6 1 1 . . 6 . . . 1 2 . 5 3 . . 9 . . . 9 9 . 9 1 9 1 9 2 3 1 1 . . 7 4 6 5 3 7 8 7 . . . . . . . 2 . 2 .
0 1 1 2 6 2 3 5 5 8 1 8 9 11 2 9 3 3 1 1 9 9 8 7 15 9 . 5 6 6 . 3 1 2 . . 1 2 1 7 1 7 1 1 6 1 6 . . . 1 . . 5 3 9 9 9 . . . 9 . . 9 1 9 1 9 3 3 5 5 6 4 6 4 . 2 2 9 4 8 . . . . . . . . . 2 157000
6 3 1 0 0 6 8 2 2 . . . . . 3 9 1 1 1 1 1 9 7 8 15 9 4 1 1 2 1 2 1 . 5 . 1 1 1 1 1 1 6 9 6 4 6 9 . 5 1 . 9 9 10 9 9 9 10 . 9 9 . 10 10 1 9 1 9 1 1 . . . . 1 9 . 2 2 11 4 4 . . . . . . . . . . 68
0 1 1 2 6 1 2 2 2 5 3 5 1 4 2 9 1 1 4 4 9 9 12 5 15 9 5 3 6 7 . 3 2 2 . . 6 . 1 7 2 6 3 1 9 . 8 . . . 1 . 1 4 3 10 . 9 . . . 9 . 9 9 1 9 1 9 3 2 2 3 . . 2 1 . 5 2 . 7 9 2 2 2 4 8 . . . . 2 87000
0 1 1 1 7 1 8 7 5 8 1 8 9 11 2 9 3 3 1 1 9 9 . . . . . 3 6 7 . 4 4 3 . . 10 . 1 3 1 6 1 1 8 8 6 8 3 . 1 . 3 5 3 9 9 9 9 9 . 9 . 9 9 4 9 1 9 4 3 1 1 7 2 7 2 1 5 2 2 2 8 2 2 2 4 8 . . . . 2 80000
1 1 0 1 7 1 8 8 6 8 1 8 9 11 . . 3 3 1 1 9 9 . . . . . 3 6 7 . 3 2 . . . 10 . 1 3 1 6 1 . . . . . . . . . . . . . . . . . . . . . . . . 1 9 3 2 . . 6 4 6 4 . 2 2 9 4 8 . . . . . . . . . 2 100000
0 1 0 2 7 5 8 8 5 8 1 8 9 11 . . 4 4 1 1 9 9 . . . . . 3 6 6 . 2 2 2 . . 1 . 1 7 2 6 1 1 . . 6 . . . 1 2 . 2 3 . . 9 . . . 9 9 . 9 1 9 1 9 3 3 5 5 6 4 6 4 . 2 2 9 4 8 . . . . . . . . . 2 48000
6 4 0 0 0 6 8 2 2 9 3 9 9 11 . . 1 1 1 1 1 9 7 8 15 9 4 2 6 2 1 2 1 . 5 3 1 1 1 1 1 1 6 9 8 8 1 . . 6 1 . 9 . 10 9 9 9 . . 9 9 . 10 . 1 9 1 9 1 1 . . . . 1 9 . 2 2 11 4 8 . . . . . . . . . 2 .
0 1 1 1 7 3 2 2 2 9 1 1 2 2 2 9 1 1 4 4 9 9 8 7 15 9 5 3 6 7 . 3 1 2 . 4 1 1 1 3 1 6 3 1 9 . 6 . . . 1 1 . 2 3 10 . 9 . . . 9 9 . 9 1 9 1 9 3 2 2 3 . . . . . 2 2 . 4 8 5 2 . 7 9 . . . . 1 53000
1 1 0 1 7 5 1 5 5 8 1 8 9 11 6 1 3 3 1 1 9 9 . . . . . 3 5 5 . 2 1 2 . . 6 . 1 3 1 6 1 1 9 . 6 . 3 . 1 4 3 5 3 10 . 9 . 9 . 9 9 9 9 1 9 1 9 4 3 1 1 7 1 7 1 . 6 2 2 8 7 . . . . . . . . . 2 25000
1 3 0 1 5 1 8 7 6 8 1 8 9 11 2 9 3 3 1 1 9 9 . . . . . 3 4 7 5 4 1 . . . 1 . 1 3 1 6 1 1 . 9 1 . . 1 1 6 . 5 3 . 10 9 . . 9 9 9 . 9 1 9 1 9 1 1 1 2 7 4 7 4 . 2 2 9 4 8 . . . . . . . . . 2 13000
0 0 0 3 7 2 8 7 5 8 1 8 9 11 6 1 4 4 1 1 9 9 8 7 15 9 . 3 6 7 . 3 1 . . . 1 . 1 7 1 6 1 . . . . . . . . . . . . . . . . . . . . . . 1 9 1 9 3 2 . . 6 4 6 4 6 2 2 9 4 8 . . . . . . . . . 2 50000
5 4 0 0 1 6 8 2 2 9 2 2 9 11 3 9 1 1 1 1 1 9 7 8 15 9 4 6 6 2 . 2 1 . 5 3 1 1 1 1 1 1 6 9 5 6 6 9 1 6 1 9 9 2 10 9 9 9 10 9 9 9 10 10 9 1 9 1 9 1 1 4 5 5 1 1 9 . 2 2 11 4 8 . . . . . . . . . 1 300
0 1 0 1 8 1 8 7 5 8 1 8 9 11 2 9 3 3 1 1 9 9 8 7 15 9 . . . . . . . . . . . . . . . 9 1 1 . . 5 . 1 . 1 . . 5 3 . . 9 . 9 . 9 . . 9 . . . . 3 2 1 1 7 1 7 1 . 5 2 2 9 8 . . . . . . . . . 2 20000
1 2 1 1 5 1 8 8 6 8 1 8 9 11 6 1 3 3 1 1 9 9 . . . . . 3 6 7 4 4 2 . . . 1 . 1 7 1 6 1 1 1 . 6 1 1 6 1 6 1 5 3 9 . 9 9 9 9 9 9 9 9 2 9 1 9 4 2 1 2 6 4 6 4 6 5 2 2 9 8 2 2 2 4 8 . . . . 2 110000
0 1 0 2 7 1 2 8 6 8 1 8 9 11 2 9 4 4 1 1 9 9 . . . . . 5 5 7 . 3 3 2 . 6 . . 1 7 2 7 1 . . . . . . . . . . . . . . . . . . . . . . . . . . . . 6 5 6 4 6 4 6 2 2 9 4 8 . . . . . . . . . 2 87000
7 3 0 0 0 6 8 2 2 9 1 10 9 11 3 9 1 1 1 1 1 9 7 8 15 9 4 6 6 2 1 2 1 . 5 3 1 1 1 1 1 1 6 9 9 6 1 9 3 5 1 9 9 3 10 10 9 9 10 9 9 9 10 10 9 1 9 1 9 1 1 7 5 7 1 1 9 6 2 2 11 4 8 . . . . . . . . . 1 600
0 2 1 1 6 1 8 5 5 8 1 8 9 11 6 1 3 3 1 1 9 9 6 4 15 9 . . . . . . . . . . . . . . . 9 1 . . . . . . . . . . . . . . . . . . . . . . . . 3 9 3 2 2 4 7 4 7 4 1 5 2 2 8 8 . . . . . . . . . 2 40000
1 0 0 1 8 1 8 8 6 8 1 8 9 11 6 1 4 4 1 1 9 9 . . . . . 3 6 7 3 . . 2 . . 6 . 1 3 1 6 1 . . . . . . . . . . . . . . . . . . . . . . . . . . . . . . 6 4 6 4 . 2 2 9 4 8 . . . . . . . . . 2 10600
1 1 0 1 7 1 2 4 4 8 1 8 9 11 6 2 4 4 1 1 9 9 8 7 15 9 4 3 6 7 5 3 2 2 . . 6 2 1 7 2 6 1 1 8 . 5 . 1 6 1 . . 3 3 9 . 9 . 9 9 9 . . 9 . . 1 9 4 2 1 1 7 4 7 4 . 2 2 9 4 8 . . . . . . . . . 2 200000
6 3 0 0 1 6 8 1 1 2 2 2 9 11 3 9 1 1 1 1 1 9 7 8 15 9 4 6 6 2 . 2 1 1 5 3 1 1 1 1 1 1 6 9 9 1 6 9 . 5 1 9 9 . 10 10 9 9 10 . 9 9 10 10 . 1 9 1 9 1 1 1 1 . . 1 9 . 2 1 11 9 9 . . . . . . . . . 2 350
0 1 0 1 8 1 2 7 5 10 1 1 9 10 2 9 1 1 4 3 9 9 8 7 15 9 . . . . . . . . . . . . . . . 9 3 . . . . . . . . . . . . . . . . . . . . . . . . . . 3 2 2 3 2 . 2 . . 5 2 2 9 8 . . . . . . . . . 1 27000
0 1 1 1 7 1 8 5 5 8 1 8 9 11 2 9 4 3 1 1 9 9 8 7 15 9 . 3 6 7 5 3 2 2 8 . 6 . 1 7 1 6 1 1 1 8 6 9 . . 1 3 . 5 3 9 9 9 10 . . 9 9 . 9 1 9 1 9 3 2 1 2 7 . 7 . 6 2 2 2 4 8 . . . . . . . 5 . 2 25000
0 0 0 2 8 1 8 7 5 8 1 8 9 11 2 9 3 3 1 1 9 9 1 3 2 2 5 3 6 8 5 4 2 4 8 5 6 . 1 7 1 6 1 1 1 1 6 9 2 6 1 6 1 3 3 9 3 9 10 9 9 9 9 9 9 1 9 1 9 4 2 1 2 1 9 7 2 2 2 2 2 5 8 5 2 2 9 . . . . . 2 115000
6 3 0 0 1 6 8 2 2 2 2 2 9 11 3 9 1 1 1 1 1 9 7 8 15 9 4 6 6 2 1 2 1 . 5 . 1 1 1 1 1 1 6 9 4 1 8 9 . 5 1 9 9 . 10 9 9 9 10 . 9 9 10 10 . 1 9 1 9 1 1 . . 7 1 1 9 . 2 2 11 2 8 . . . . . . . . . 2 330
0 1 1 1 7 1 8 7 5 8 1 8 9 11 2 9 3 3 1 1 9 9 . . . . 4 3 6 7 . 4 2 . . . . . 1 3 1 6 1 1 . . 6 . 1 . 1 6 . 5 3 . . 9 . 9 . 9 9 . 9 . . 1 9 3 2 . . 7 . 7 . . 5 2 2 9 8 . . . . . . . . . 2 44000
0 1 1 1 7 1 8 7 6 8 1 8 3 9 2 9 4 3 1 1 9 9 8 7 15 9 4 3 6 8 . 4 2 . . . . . 1 3 1 6 1 . . . . . . . . . . . . . . . . . . . . . . 2 9 1 9 3 3 1 2 . . . . . . . . . . . . . . . . . . . 2 8500
5 3 1 0 1 6 8 2 2 11 2 11 1 10 . . 1 1 1 1 1 9 7 8 15 9 4 6 6 2 . 2 1 . 5 3 1 1 1 4 1 1 6 9 6 1 9 9 4 4 1 8 8 . 10 9 9 10 10 9 9 9 9 9 . 1 9 1 9 1 1 7 5 5 1 1 9 3 5 2 8 8 8 2 2 11 4 4 . . . . 2 .
0 1 0 1 8 2 8 7 5 8 1 8 2 6 2 9 4 3 1 1 9 9 8 7 15 9 . 3 6 7 5 4 3 3 . . . . 1 3 1 6 1 . . . 6 . 1 . 1 . . 5 . . . 9 . 9 . 9 . . 9 4 9 1 9 3 2 . . . . . . . 6 2 2 9 8 . . . . . . . . . 2 60000
0 0 2 2 6 1 8 5 5 8 1 8 9 1 2 9 4 3 1 1 9 9 8 7 15 9 . 3 6 7 4 3 2 2 8 5 6 . 1 7 1 6 1 1 . 9 6 . 9 . 1 4 . 5 3 . 10 9 . 10 . 9 9 . 9 . . 1 9 3 2 1 1 7 4 7 4 6 2 2 7 4 8 . . . . . . . . . 2 72000
3 5 2 0 0 6 8 2 2 11 2 11 1 10 . . 1 1 1 1 1 9 . . . . 4 1 1 2 . 2 1 . 5 . 1 1 1 4 1 3 6 9 2 5 6 9 . 5 1 . . 9 10 9 9 9 10 . 9 9 . . 10 1 9 1 9 1 1 7 5 1 9 1 9 . 2 2 11 2 8 . . . . . . . . . 2 134
0 1 0 1 8 1 8 7 5 8 1 8 9 11 2 9 3 3 1 1 9 9 . . . . . 3 6 7 . 4 2 . . . 10 2 1 3 1 6 1 . . . . . . . . . . . . . . . . . . . . . . . . 1 9 3 2 . . 7 1 6 4 . 5 2 2 9 8 . . . . . . . . . 2 36000
0 0 2 2 6 1 2 7 6 8 1 8 9 1 6 1 4 3 1 1 9 9 8 7 15 9 3 3 6 8 . 3 3 2 . 6 6 . 1 7 1 6 1 1 1 1 6 . . . 1 5 . 3 3 9 3 9 . . . 3 9 . 9 . . 1 9 3 2 . . 6 4 7 1 . 2 2 2 4 8 . . . . . . . . . 2 525000
3 4 3 0 0 6 8 2 2 11 2 11 1 10 3 9 1 1 1 1 1 9 7 8 15 9 4 1 1 2 . 2 1 . 5 5 1 . 1 4 1 3 6 9 6 6 6 9 6 5 1 1 . 9 10 9 9 9 10 9 9 9 9 . 10 1 9 1 9 1 1 1 1 1 9 1 9 . 2 2 11 2 8 2 2 11 4 8 . . . . 2 .
0 1 0 1 8 3 8 5 5 8 1 8 9 11 . . 3 1 1 1 9 9 8 7 15 9 . 3 6 7 2 2 2 . . . . 5 1 3 1 6 1 . . . . . . . . . . . . . . . . . . . . . . 4 9 1 9 3 3 . . 6 4 . . 6 2 2 . 4 8 . . . . . . . . . 2 10000
1 0 1 2 6 1 7 8 6 8 1 8 9 11 . . 4 3 1 1 9 9 8 7 15 9 6 3 6 7 . 3 2 . . . 6 . 1 7 1 6 1 . . . . . . . . . . . . . . . . . . . . . . . . 1 9 3 2 5 5 6 4 6 4 2 2 3 2 4 8 . . . . . . . . . 2 40000
3 5 2 0 0 6 8 2 2 9 3 9 9 11 . . 1 1 1 1 1 9 . . . . 4 1 1 2 . 2 1 . 5 3 1 1 1 1 1 3 6 9 6 5 6 9 . 5 1 . 9 9 10 9 9 9 10 . 9 9 . 10 10 1 9 1 9 1 1 1 1 1 9 1 9 . 2 2 11 2 8 2 2 11 4 5 . . . . 2 .
0 1 1 1 7 1 2 5 5 8 1 8 9 11 6 2 5 3 1 1 9 9 . . . . . . . . . . . . . . . . . . . 9 1 . . . . . . . . . . . . . . . . . . . . . . 1 9 1 9 3 2 . . 7 4 . . 6 2 2 2 4 7 . . . . . . . . . 2 93000
4 5 1 0 0 6 8 2 2 9 3 9 9 11 . . 1 1 1 1 1 9 . . . . 4 1 1 2 . 2 1 . 5 3 1 1 1 4 1 3 6 9 6 6 9 9 6 6 1 . 9 9 10 9 9 10 10 9 9 9 . 10 10 1 9 1 9 1 1 1 1 1 9 1 9 . 2 2 11 4 8 . . . . . . . . . 2 .
3 5 2 0 0 3 8 2 2 9 3 9 9 11 . . 1 1 1 1 1 9 . . . . 4 1 1 2 . 2 1 . 5 5 1 1 1 4 1 3 6 9 6 6 9 9 6 5 1 . 9 9 10 9 9 10 10 9 9 9 . 10 10 1 9 1 9 1 1 1 1 1 9 1 9 . 2 2 11 4 8 2 2 11 4 5 . . . . 2 .
4 5 1 0 0 3 8 2 2 9 3 9 9 11 3 9 1 1 1 1 1 9 . . . . 4 1 1 1 2 2 1 . 5 5 1 1 1 4 1 3 6 9 9 6 9 9 6 6 1 2 1 9 10 10 9 10 10 9 9 9 9 9 10 1 9 1 9 1 1 . . 1 9 1 9 . 2 2 11 4 5 2 2 11 4 8 . . . . 2 .
3 5 2 0 0 6 8 2 2 11 2 11 1 10 4 9 1 1 1 1 1 9 8 7 15 9 4 1 1 2 2 2 2 . 5 3 1 1 1 4 1 3 6 9 9 6 9 9 . 6 1 1 . 9 10 10 9 10 10 . 9 9 9 . 10 1 9 1 9 1 1 7 5 1 9 1 9 3 2 2 11 4 5 2 2 11 4 8 . . . . 2 600
3 5 2 0 0 2 8 7 2 9 3 9 9 11 3 9 1 1 1 1 1 9 7 8 15 9 4 1 1 2 3 2 2 . 5 3 1 1 1 4 1 3 6 9 9 6 9 8 6 5 1 1 1 9 10 10 9 10 9 9 9 9 9 9 10 1 9 1 9 1 1 7 5 1 9 1 9 6 2 2 11 4 8 2 2 11 4 5 . . 5 . 2 1600
6 4 0 0 0 6 8 7 2 9 2 12 3 9 3 9 1 1 1 1 1 9 1 3 15 9 5 2 6 2 1 3 1 1 5 3 1 1 1 4 1 1 6 9 4 1 6 9 1 6 1 9 9 2 10 9 9 9 10 9 9 9 10 10 9 1 9 1 9 1 1 1 1 . . 1 9 3 2 2 11 2 8 . . . . . . . 1 . 1 1000
6 4 0 0 0 3 2 2 2 9 2 2 9 6 3 9 1 1 1 1 1 9 7 8 15 9 5 2 6 2 . 2 1 1 5 3 1 1 1 1 1 1 6 9 9 1 6 9 6 5 1 9 9 4 10 10 9 9 10 9 9 9 10 10 9 1 9 1 9 1 1 5 5 1 9 1 9 . 2 2 11 2 8 . . . . . . . 1 . 1 500
6 3 0 0 1 1 8 5 3 9 2 2 9 11 3 9 1 1 1 1 1 9 8 7 15 9 5 3 6 2 2 2 1 1 5 . 1 1 1 1 1 1 6 9 . 1 6 9 6 . 1 9 9 4 10 . 9 9 10 9 . 9 10 9 9 1 9 1 9 1 1 7 5 1 9 1 9 3 2 2 11 2 8 5 1 8 7 9 . . . . 1 500
